code,name,description,unit,pack_qty,price_gbp,family
CU-EL90-KEST-8-EF,Kestrel Copper Elbow 90° 8mm End Feed,Kestrel Copper Elbow 90° 8mm End Feed. WRAS approved copper fitting for hot and cold water and central heating.,each,1,1.36,CU-EL90
CU-EL90-KEST-8-EF-P10,Kestrel Copper Elbow 90° 8mm End Feed (Pack of 10),Kestrel Copper Elbow 90° 8mm End Feed (Pack of 10). WRAS approved copper fitting for hot and cold water and central heating.,each,10,11.95,CU-EL90
CU-EL90-KEST-8-SR,Kestrel Copper Elbow 90° 8mm Solder Ring,Kestrel Copper Elbow 90° 8mm Solder Ring. WRAS approved copper fitting for hot and cold water and central heating.,each,1,1.26,CU-EL90
CU-EL90-KEST-8-SR-P10,Kestrel Copper Elbow 90° 8mm Solder Ring (Pack of 10),Kestrel Copper Elbow 90° 8mm Solder Ring (Pack of 10). WRAS approved copper fitting for hot and cold water and central heating.,each,10,12.47,CU-EL90
CU-EL90-KEST-8-COMP,Kestrel Copper Elbow 90° 8mm Compression,Kestrel Copper Elbow 90° 8mm Compression. WRAS approved copper fitting for hot and cold water and central heating.,each,1,1.38,CU-EL90
CU-EL90-KEST-8-COMP-P10,Kestrel Copper Elbow 90° 8mm Compression (Pack of 10),Kestrel Copper Elbow 90° 8mm Compression (Pack of 10). WRAS approved copper fitting for hot and cold water and central heating.,each,10,13.67,CU-EL90
CU-EL90-KEST-10-EF,Kestrel Copper Elbow 90° 10mm End Feed,Kestrel Copper Elbow 90° 10mm End Feed. WRAS approved copper fitting for hot and cold water and central heating.,each,1,1.48,CU-EL90
CU-EL90-KEST-10-EF-P10,Kestrel Copper Elbow 90° 10mm End Feed (Pack of 10),Kestrel Copper Elbow 90° 10mm End Feed (Pack of 10). WRAS approved copper fitting for hot and cold water and central heating.,each,10,12.61,CU-EL90
CU-EL90-KEST-10-SR,Kestrel Copper Elbow 90° 10mm Solder Ring,Kestrel Copper Elbow 90° 10mm Solder Ring. WRAS approved copper fitting for hot and cold water and central heating.,each,1,1.35,CU-EL90
CU-EL90-KEST-10-SR-P10,Kestrel Copper Elbow 90° 10mm Solder Ring (Pack of 10),Kestrel Copper Elbow 90° 10mm Solder Ring (Pack of 10). WRAS approved copper fitting for hot and cold water and central heating.,each,10,12.46,CU-EL90
CU-EL90-KEST-10-COMP,Kestrel Copper Elbow 90° 10mm Compression,Kestrel Copper Elbow 90° 10mm Compression. WRAS approved copper fitting for hot and cold water and central heating.,each,1,1.3,CU-EL90
CU-EL90-KEST-10-COMP-P10,Kestrel Copper Elbow 90° 10mm Compression (Pack of 10),Kestrel Copper Elbow 90° 10mm Compression (Pack of 10). WRAS approved copper fitting for hot and cold water and central heating.,each,10,13.76,CU-EL90
CU-EL90-KEST-15-EF,Kestrel Copper Elbow 90° 15mm End Feed,"Kestrel Copper Elbow 90° 15mm End Feed. WRAS approved copper fitting for hot and cold water and central heating. Imperial equivalent approx 1/2"".",each,1,1.37,CU-EL90
CU-EL90-KEST-15-EF-P10,Kestrel Copper Elbow 90° 15mm End Feed (Pack of 10),"Kestrel Copper Elbow 90° 15mm End Feed (Pack of 10). WRAS approved copper fitting for hot and cold water and central heating. Imperial equivalent approx 1/2"".",each,10,14.21,CU-EL90
CU-EL90-KEST-15-SR,Kestrel Copper Elbow 90° 15mm Solder Ring,"Kestrel Copper Elbow 90° 15mm Solder Ring. WRAS approved copper fitting for hot and cold water and central heating. Imperial equivalent approx 1/2"".",each,1,1.56,CU-EL90
CU-EL90-KEST-15-SR-P10,Kestrel Copper Elbow 90° 15mm Solder Ring (Pack of 10),"Kestrel Copper Elbow 90° 15mm Solder Ring (Pack of 10). WRAS approved copper fitting for hot and cold water and central heating. Imperial equivalent approx 1/2"".",each,10,15.26,CU-EL90
CU-EL90-KEST-15-COMP,Kestrel Copper Elbow 90° 15mm Compression,"Kestrel Copper Elbow 90° 15mm Compression. WRAS approved copper fitting for hot and cold water and central heating. Imperial equivalent approx 1/2"".",each,1,1.43,CU-EL90
CU-EL90-KEST-15-COMP-P10,Kestrel Copper Elbow 90° 15mm Compression (Pack of 10),"Kestrel Copper Elbow 90° 15mm Compression (Pack of 10). WRAS approved copper fitting for hot and cold water and central heating. Imperial equivalent approx 1/2"".",each,10,15.4,CU-EL90
CU-EL90-KEST-22-EF,Kestrel Copper Elbow 90° 22mm End Feed,"Kestrel Copper Elbow 90° 22mm End Feed. WRAS approved copper fitting for hot and cold water and central heating. Imperial equivalent approx 3/4"".",each,1,1.81,CU-EL90
CU-EL90-KEST-22-EF-P10,Kestrel Copper Elbow 90° 22mm End Feed (Pack of 10),"Kestrel Copper Elbow 90° 22mm End Feed (Pack of 10). WRAS approved copper fitting for hot and cold water and central heating. Imperial equivalent approx 3/4"".",each,10,15.37,CU-EL90
CU-EL90-KEST-22-SR,Kestrel Copper Elbow 90° 22mm Solder Ring,"Kestrel Copper Elbow 90° 22mm Solder Ring. WRAS approved copper fitting for hot and cold water and central heating. Imperial equivalent approx 3/4"".",each,1,1.81,CU-EL90
CU-EL90-KEST-22-SR-P10,Kestrel Copper Elbow 90° 22mm Solder Ring (Pack of 10),"Kestrel Copper Elbow 90° 22mm Solder Ring (Pack of 10). WRAS approved copper fitting for hot and cold water and central heating. Imperial equivalent approx 3/4"".",each,10,17.73,CU-EL90
CU-EL90-KEST-22-COMP,Kestrel Copper Elbow 90° 22mm Compression,"Kestrel Copper Elbow 90° 22mm Compression. WRAS approved copper fitting for hot and cold water and central heating. Imperial equivalent approx 3/4"".",each,1,1.65,CU-EL90
CU-EL90-KEST-22-COMP-P10,Kestrel Copper Elbow 90° 22mm Compression (Pack of 10),"Kestrel Copper Elbow 90° 22mm Compression (Pack of 10). WRAS approved copper fitting for hot and cold water and central heating. Imperial equivalent approx 3/4"".",each,10,15.88,CU-EL90
CU-EL90-KEST-28-EF,Kestrel Copper Elbow 90° 28mm End Feed,"Kestrel Copper Elbow 90° 28mm End Feed. WRAS approved copper fitting for hot and cold water and central heating. Imperial equivalent approx 1"".",each,1,2.04,CU-EL90
CU-EL90-KEST-28-EF-P10,Kestrel Copper Elbow 90° 28mm End Feed (Pack of 10),"Kestrel Copper Elbow 90° 28mm End Feed (Pack of 10). WRAS approved copper fitting for hot and cold water and central heating. Imperial equivalent approx 1"".",each,10,18.09,CU-EL90
CU-EL90-KEST-28-SR,Kestrel Copper Elbow 90° 28mm Solder Ring,"Kestrel Copper Elbow 90° 28mm Solder Ring. WRAS approved copper fitting for hot and cold water and central heating. Imperial equivalent approx 1"".",each,1,1.72,CU-EL90
CU-EL90-KEST-28-SR-P10,Kestrel Copper Elbow 90° 28mm Solder Ring (Pack of 10),"Kestrel Copper Elbow 90° 28mm Solder Ring (Pack of 10). WRAS approved copper fitting for hot and cold water and central heating. Imperial equivalent approx 1"".",each,10,17.19,CU-EL90
CU-EL90-KEST-28-COMP,Kestrel Copper Elbow 90° 28mm Compression,"Kestrel Copper Elbow 90° 28mm Compression. WRAS approved copper fitting for hot and cold water and central heating. Imperial equivalent approx 1"".",each,1,2.0,CU-EL90
CU-EL90-KEST-28-COMP-P10,Kestrel Copper Elbow 90° 28mm Compression (Pack of 10),"Kestrel Copper Elbow 90° 28mm Compression (Pack of 10). WRAS approved copper fitting for hot and cold water and central heating. Imperial equivalent approx 1"".",each,10,19.09,CU-EL90
CU-EL90-KEST-35-EF,Kestrel Copper Elbow 90° 35mm End Feed,"Kestrel Copper Elbow 90° 35mm End Feed. WRAS approved copper fitting for hot and cold water and central heating. Imperial equivalent approx 1 1/4"".",each,1,2.19,CU-EL90
CU-EL90-KEST-35-EF-P10,Kestrel Copper Elbow 90° 35mm End Feed (Pack of 10),"Kestrel Copper Elbow 90° 35mm End Feed (Pack of 10). WRAS approved copper fitting for hot and cold water and central heating. Imperial equivalent approx 1 1/4"".",each,10,21.57,CU-EL90
CU-EL90-KEST-35-SR,Kestrel Copper Elbow 90° 35mm Solder Ring,"Kestrel Copper Elbow 90° 35mm Solder Ring. WRAS approved copper fitting for hot and cold water and central heating. Imperial equivalent approx 1 1/4"".",each,1,2.08,CU-EL90
CU-EL90-KEST-35-SR-P10,Kestrel Copper Elbow 90° 35mm Solder Ring (Pack of 10),"Kestrel Copper Elbow 90° 35mm Solder Ring (Pack of 10). WRAS approved copper fitting for hot and cold water and central heating. Imperial equivalent approx 1 1/4"".",each,10,22.58,CU-EL90
CU-EL90-KEST-35-COMP,Kestrel Copper Elbow 90° 35mm Compression,"Kestrel Copper Elbow 90° 35mm Compression. WRAS approved copper fitting for hot and cold water and central heating. Imperial equivalent approx 1 1/4"".",each,1,2.01,CU-EL90
CU-EL90-KEST-35-COMP-P10,Kestrel Copper Elbow 90° 35mm Compression (Pack of 10),"Kestrel Copper Elbow 90° 35mm Compression (Pack of 10). WRAS approved copper fitting for hot and cold water and central heating. Imperial equivalent approx 1 1/4"".",each,10,20.84,CU-EL90
CU-EL90-KEST-42-EF,Kestrel Copper Elbow 90° 42mm End Feed,"Kestrel Copper Elbow 90° 42mm End Feed. WRAS approved copper fitting for hot and cold water and central heating. Imperial equivalent approx 1 1/2"".",each,1,2.4,CU-EL90
CU-EL90-KEST-42-EF-P10,Kestrel Copper Elbow 90° 42mm End Feed (Pack of 10),"Kestrel Copper Elbow 90° 42mm End Feed (Pack of 10). WRAS approved copper fitting for hot and cold water and central heating. Imperial equivalent approx 1 1/2"".",each,10,23.08,CU-EL90
CU-EL90-KEST-42-SR,Kestrel Copper Elbow 90° 42mm Solder Ring,"Kestrel Copper Elbow 90° 42mm Solder Ring. WRAS approved copper fitting for hot and cold water and central heating. Imperial equivalent approx 1 1/2"".",each,1,2.42,CU-EL90
CU-EL90-KEST-42-SR-P10,Kestrel Copper Elbow 90° 42mm Solder Ring (Pack of 10),"Kestrel Copper Elbow 90° 42mm Solder Ring (Pack of 10). WRAS approved copper fitting for hot and cold water and central heating. Imperial equivalent approx 1 1/2"".",each,10,22.9,CU-EL90
CU-EL90-KEST-42-COMP,Kestrel Copper Elbow 90° 42mm Compression,"Kestrel Copper Elbow 90° 42mm Compression. WRAS approved copper fitting for hot and cold water and central heating. Imperial equivalent approx 1 1/2"".",each,1,2.35,CU-EL90
CU-EL90-KEST-42-COMP-P10,Kestrel Copper Elbow 90° 42mm Compression (Pack of 10),"Kestrel Copper Elbow 90° 42mm Compression (Pack of 10). WRAS approved copper fitting for hot and cold water and central heating. Imperial equivalent approx 1 1/2"".",each,10,20.5,CU-EL90
CU-EL90-KEST-54-EF,Kestrel Copper Elbow 90° 54mm End Feed,"Kestrel Copper Elbow 90° 54mm End Feed. WRAS approved copper fitting for hot and cold water and central heating. Imperial equivalent approx 2"".",each,1,2.44,CU-EL90
CU-EL90-KEST-54-EF-P10,Kestrel Copper Elbow 90° 54mm End Feed (Pack of 10),"Kestrel Copper Elbow 90° 54mm End Feed (Pack of 10). WRAS approved copper fitting for hot and cold water and central heating. Imperial equivalent approx 2"".",each,10,24.76,CU-EL90
CU-EL90-KEST-54-SR,Kestrel Copper Elbow 90° 54mm Solder Ring,"Kestrel Copper Elbow 90° 54mm Solder Ring. WRAS approved copper fitting for hot and cold water and central heating. Imperial equivalent approx 2"".",each,1,2.37,CU-EL90
CU-EL90-KEST-54-SR-P10,Kestrel Copper Elbow 90° 54mm Solder Ring (Pack of 10),"Kestrel Copper Elbow 90° 54mm Solder Ring (Pack of 10). WRAS approved copper fitting for hot and cold water and central heating. Imperial equivalent approx 2"".",each,10,24.47,CU-EL90
CU-EL90-KEST-54-COMP,Kestrel Copper Elbow 90° 54mm Compression,"Kestrel Copper Elbow 90° 54mm Compression. WRAS approved copper fitting for hot and cold water and central heating. Imperial equivalent approx 2"".",each,1,2.38,CU-EL90
CU-EL90-KEST-54-COMP-P10,Kestrel Copper Elbow 90° 54mm Compression (Pack of 10),"Kestrel Copper Elbow 90° 54mm Compression (Pack of 10). WRAS approved copper fitting for hot and cold water and central heating. Imperial equivalent approx 2"".",each,10,24.7,CU-EL90
CU-EL90-NORT-8-EF,Northway Copper Elbow 90° 8mm End Feed,Northway Copper Elbow 90° 8mm End Feed. WRAS approved copper fitting for hot and cold water and central heating.,each,1,1.36,CU-EL90
CU-EL90-NORT-8-EF-P10,Northway Copper Elbow 90° 8mm End Feed (Pack of 10),Northway Copper Elbow 90° 8mm End Feed (Pack of 10). WRAS approved copper fitting for hot and cold water and central heating.,each,10,12.84,CU-EL90
CU-EL90-NORT-8-SR,Northway Copper Elbow 90° 8mm Solder Ring,Northway Copper Elbow 90° 8mm Solder Ring. WRAS approved copper fitting for hot and cold water and central heating.,each,1,1.29,CU-EL90
CU-EL90-NORT-8-SR-P10,Northway Copper Elbow 90° 8mm Solder Ring (Pack of 10),Northway Copper Elbow 90° 8mm Solder Ring (Pack of 10). WRAS approved copper fitting for hot and cold water and central heating.,each,10,12.43,CU-EL90
CU-EL90-NORT-8-COMP,Northway Copper Elbow 90° 8mm Compression,Northway Copper Elbow 90° 8mm Compression. WRAS approved copper fitting for hot and cold water and central heating.,each,1,1.26,CU-EL90
CU-EL90-NORT-8-COMP-P10,Northway Copper Elbow 90° 8mm Compression (Pack of 10),Northway Copper Elbow 90° 8mm Compression (Pack of 10). WRAS approved copper fitting for hot and cold water and central heating.,each,10,14.35,CU-EL90
CU-EL90-NORT-10-EF,Northway Copper Elbow 90° 10mm End Feed,Northway Copper Elbow 90° 10mm End Feed. WRAS approved copper fitting for hot and cold water and central heating.,each,1,1.42,CU-EL90
CU-EL90-NORT-10-EF-P10,Northway Copper Elbow 90° 10mm End Feed (Pack of 10),Northway Copper Elbow 90° 10mm End Feed (Pack of 10). WRAS approved copper fitting for hot and cold water and central heating.,each,10,14.05,CU-EL90
CU-EL90-NORT-10-SR,Northway Copper Elbow 90° 10mm Solder Ring,Northway Copper Elbow 90° 10mm Solder Ring. WRAS approved copper fitting for hot and cold water and central heating.,each,1,1.28,CU-EL90
CU-EL90-NORT-10-SR-P10,Northway Copper Elbow 90° 10mm Solder Ring (Pack of 10),Northway Copper Elbow 90° 10mm Solder Ring (Pack of 10). WRAS approved copper fitting for hot and cold water and central heating.,each,10,14.38,CU-EL90
CU-EL90-NORT-10-COMP,Northway Copper Elbow 90° 10mm Compression,Northway Copper Elbow 90° 10mm Compression. WRAS approved copper fitting for hot and cold water and central heating.,each,1,1.28,CU-EL90
CU-EL90-NORT-10-COMP-P10,Northway Copper Elbow 90° 10mm Compression (Pack of 10),Northway Copper Elbow 90° 10mm Compression (Pack of 10). WRAS approved copper fitting for hot and cold water and central heating.,each,10,13.42,CU-EL90
CU-EL90-NORT-15-EF,Northway Copper Elbow 90° 15mm End Feed,"Northway Copper Elbow 90° 15mm End Feed. WRAS approved copper fitting for hot and cold water and central heating. Imperial equivalent approx 1/2"".",each,1,1.66,CU-EL90
CU-EL90-NORT-15-EF-P10,Northway Copper Elbow 90° 15mm End Feed (Pack of 10),"Northway Copper Elbow 90° 15mm End Feed (Pack of 10). WRAS approved copper fitting for hot and cold water and central heating. Imperial equivalent approx 1/2"".",each,10,15.55,CU-EL90
CU-EL90-NORT-15-SR,Northway Copper Elbow 90° 15mm Solder Ring,"Northway Copper Elbow 90° 15mm Solder Ring. WRAS approved copper fitting for hot and cold water and central heating. Imperial equivalent approx 1/2"".",each,1,1.53,CU-EL90
CU-EL90-NORT-15-SR-P10,Northway Copper Elbow 90° 15mm Solder Ring (Pack of 10),"Northway Copper Elbow 90° 15mm Solder Ring (Pack of 10). WRAS approved copper fitting for hot and cold water and central heating. Imperial equivalent approx 1/2"".",each,10,15.68,CU-EL90
CU-EL90-NORT-15-COMP,Northway Copper Elbow 90° 15mm Compression,"Northway Copper Elbow 90° 15mm Compression. WRAS approved copper fitting for hot and cold water and central heating. Imperial equivalent approx 1/2"".",each,1,1.62,CU-EL90
CU-EL90-NORT-15-COMP-P10,Northway Copper Elbow 90° 15mm Compression (Pack of 10),"Northway Copper Elbow 90° 15mm Compression (Pack of 10). WRAS approved copper fitting for hot and cold water and central heating. Imperial equivalent approx 1/2"".",each,10,15.96,CU-EL90
CU-EL90-NORT-22-EF,Northway Copper Elbow 90° 22mm End Feed,"Northway Copper Elbow 90° 22mm End Feed. WRAS approved copper fitting for hot and cold water and central heating. Imperial equivalent approx 3/4"".",each,1,1.61,CU-EL90
CU-EL90-NORT-22-EF-P10,Northway Copper Elbow 90° 22mm End Feed (Pack of 10),"Northway Copper Elbow 90° 22mm End Feed (Pack of 10). WRAS approved copper fitting for hot and cold water and central heating. Imperial equivalent approx 3/4"".",each,10,15.45,CU-EL90
CU-EL90-NORT-22-SR,Northway Copper Elbow 90° 22mm Solder Ring,"Northway Copper Elbow 90° 22mm Solder Ring. WRAS approved copper fitting for hot and cold water and central heating. Imperial equivalent approx 3/4"".",each,1,1.64,CU-EL90
CU-EL90-NORT-22-SR-P10,Northway Copper Elbow 90° 22mm Solder Ring (Pack of 10),"Northway Copper Elbow 90° 22mm Solder Ring (Pack of 10). WRAS approved copper fitting for hot and cold water and central heating. Imperial equivalent approx 3/4"".",each,10,16.26,CU-EL90
CU-EL90-NORT-22-COMP,Northway Copper Elbow 90° 22mm Compression,"Northway Copper Elbow 90° 22mm Compression. WRAS approved copper fitting for hot and cold water and central heating. Imperial equivalent approx 3/4"".",each,1,1.61,CU-EL90
CU-EL90-NORT-22-COMP-P10,Northway Copper Elbow 90° 22mm Compression (Pack of 10),"Northway Copper Elbow 90° 22mm Compression (Pack of 10). WRAS approved copper fitting for hot and cold water and central heating. Imperial equivalent approx 3/4"".",each,10,18.56,CU-EL90
CU-EL90-NORT-28-EF,Northway Copper Elbow 90° 28mm End Feed,"Northway Copper Elbow 90° 28mm End Feed. WRAS approved copper fitting for hot and cold water and central heating. Imperial equivalent approx 1"".",each,1,2.01,CU-EL90
CU-EL90-NORT-28-EF-P10,Northway Copper Elbow 90° 28mm End Feed (Pack of 10),"Northway Copper Elbow 90° 28mm End Feed (Pack of 10). WRAS approved copper fitting for hot and cold water and central heating. Imperial equivalent approx 1"".",each,10,18.01,CU-EL90
CU-EL90-NORT-28-SR,Northway Copper Elbow 90° 28mm Solder Ring,"Northway Copper Elbow 90° 28mm Solder Ring. WRAS approved copper fitting for hot and cold water and central heating. Imperial equivalent approx 1"".",each,1,1.93,CU-EL90
CU-EL90-NORT-28-SR-P10,Northway Copper Elbow 90° 28mm Solder Ring (Pack of 10),"Northway Copper Elbow 90° 28mm Solder Ring (Pack of 10). WRAS approved copper fitting for hot and cold water and central heating. Imperial equivalent approx 1"".",each,10,18.31,CU-EL90
CU-EL90-NORT-28-COMP,Northway Copper Elbow 90° 28mm Compression,"Northway Copper Elbow 90° 28mm Compression. WRAS approved copper fitting for hot and cold water and central heating. Imperial equivalent approx 1"".",each,1,2.03,CU-EL90
CU-EL90-NORT-28-COMP-P10,Northway Copper Elbow 90° 28mm Compression (Pack of 10),"Northway Copper Elbow 90° 28mm Compression (Pack of 10). WRAS approved copper fitting for hot and cold water and central heating. Imperial equivalent approx 1"".",each,10,18.55,CU-EL90
CU-EL90-NORT-35-EF,Northway Copper Elbow 90° 35mm End Feed,"Northway Copper Elbow 90° 35mm End Feed. WRAS approved copper fitting for hot and cold water and central heating. Imperial equivalent approx 1 1/4"".",each,1,1.97,CU-EL90
CU-EL90-NORT-35-EF-P10,Northway Copper Elbow 90° 35mm End Feed (Pack of 10),"Northway Copper Elbow 90° 35mm End Feed (Pack of 10). WRAS approved copper fitting for hot and cold water and central heating. Imperial equivalent approx 1 1/4"".",each,10,19.58,CU-EL90
CU-EL90-NORT-35-SR,Northway Copper Elbow 90° 35mm Solder Ring,"Northway Copper Elbow 90° 35mm Solder Ring. WRAS approved copper fitting for hot and cold water and central heating. Imperial equivalent approx 1 1/4"".",each,1,2.09,CU-EL90
CU-EL90-NORT-35-SR-P10,Northway Copper Elbow 90° 35mm Solder Ring (Pack of 10),"Northway Copper Elbow 90° 35mm Solder Ring (Pack of 10). WRAS approved copper fitting for hot and cold water and central heating. Imperial equivalent approx 1 1/4"".",each,10,19.65,CU-EL90
CU-EL90-NORT-35-COMP,Northway Copper Elbow 90° 35mm Compression,"Northway Copper Elbow 90° 35mm Compression. WRAS approved copper fitting for hot and cold water and central heating. Imperial equivalent approx 1 1/4"".",each,1,2.1,CU-EL90
CU-EL90-NORT-35-COMP-P10,Northway Copper Elbow 90° 35mm Compression (Pack of 10),"Northway Copper Elbow 90° 35mm Compression (Pack of 10). WRAS approved copper fitting for hot and cold water and central heating. Imperial equivalent approx 1 1/4"".",each,10,22.27,CU-EL90
CU-EL90-NORT-42-EF,Northway Copper Elbow 90° 42mm End Feed,"Northway Copper Elbow 90° 42mm End Feed. WRAS approved copper fitting for hot and cold water and central heating. Imperial equivalent approx 1 1/2"".",each,1,2.21,CU-EL90
CU-EL90-NORT-42-EF-P10,Northway Copper Elbow 90° 42mm End Feed (Pack of 10),"Northway Copper Elbow 90° 42mm End Feed (Pack of 10). WRAS approved copper fitting for hot and cold water and central heating. Imperial equivalent approx 1 1/2"".",each,10,21.28,CU-EL90
CU-EL90-NORT-42-SR,Northway Copper Elbow 90° 42mm Solder Ring,"Northway Copper Elbow 90° 42mm Solder Ring. WRAS approved copper fitting for hot and cold water and central heating. Imperial equivalent approx 1 1/2"".",each,1,2.48,CU-EL90
CU-EL90-NORT-42-SR-P10,Northway Copper Elbow 90° 42mm Solder Ring (Pack of 10),"Northway Copper Elbow 90° 42mm Solder Ring (Pack of 10). WRAS approved copper fitting for hot and cold water and central heating. Imperial equivalent approx 1 1/2"".",each,10,22.59,CU-EL90
CU-EL90-NORT-42-COMP,Northway Copper Elbow 90° 42mm Compression,"Northway Copper Elbow 90° 42mm Compression. WRAS approved copper fitting for hot and cold water and central heating. Imperial equivalent approx 1 1/2"".",each,1,2.07,CU-EL90
CU-EL90-NORT-42-COMP-P10,Northway Copper Elbow 90° 42mm Compression (Pack of 10),"Northway Copper Elbow 90° 42mm Compression (Pack of 10). WRAS approved copper fitting for hot and cold water and central heating. Imperial equivalent approx 1 1/2"".",each,10,20.51,CU-EL90
CU-EL90-NORT-54-EF,Northway Copper Elbow 90° 54mm End Feed,"Northway Copper Elbow 90° 54mm End Feed. WRAS approved copper fitting for hot and cold water and central heating. Imperial equivalent approx 2"".",each,1,2.38,CU-EL90
CU-EL90-NORT-54-EF-P10,Northway Copper Elbow 90° 54mm End Feed (Pack of 10),"Northway Copper Elbow 90° 54mm End Feed (Pack of 10). WRAS approved copper fitting for hot and cold water and central heating. Imperial equivalent approx 2"".",each,10,26.51,CU-EL90
CU-EL90-NORT-54-SR,Northway Copper Elbow 90° 54mm Solder Ring,"Northway Copper Elbow 90° 54mm Solder Ring. WRAS approved copper fitting for hot and cold water and central heating. Imperial equivalent approx 2"".",each,1,2.74,CU-EL90
CU-EL90-NORT-54-SR-P10,Northway Copper Elbow 90° 54mm Solder Ring (Pack of 10),"Northway Copper Elbow 90° 54mm Solder Ring (Pack of 10). WRAS approved copper fitting for hot and cold water and central heating. Imperial equivalent approx 2"".",each,10,25.45,CU-EL90
CU-EL90-NORT-54-COMP,Northway Copper Elbow 90° 54mm Compression,"Northway Copper Elbow 90° 54mm Compression. WRAS approved copper fitting for hot and cold water and central heating. Imperial equivalent approx 2"".",each,1,2.36,CU-EL90
CU-EL90-NORT-54-COMP-P10,Northway Copper Elbow 90° 54mm Compression (Pack of 10),"Northway Copper Elbow 90° 54mm Compression (Pack of 10). WRAS approved copper fitting for hot and cold water and central heating. Imperial equivalent approx 2"".",each,10,25.24,CU-EL90
CU-EL90-PROF-8-EF,ProFlow Copper Elbow 90° 8mm End Feed,ProFlow Copper Elbow 90° 8mm End Feed. WRAS approved copper fitting for hot and cold water and central heating.,each,1,1.45,CU-EL90
CU-EL90-PROF-8-EF-P10,ProFlow Copper Elbow 90° 8mm End Feed (Pack of 10),ProFlow Copper Elbow 90° 8mm End Feed (Pack of 10). WRAS approved copper fitting for hot and cold water and central heating.,each,10,13.28,CU-EL90
CU-EL90-PROF-8-SR,ProFlow Copper Elbow 90° 8mm Solder Ring,ProFlow Copper Elbow 90° 8mm Solder Ring. WRAS approved copper fitting for hot and cold water and central heating.,each,1,1.44,CU-EL90
CU-EL90-PROF-8-SR-P10,ProFlow Copper Elbow 90° 8mm Solder Ring (Pack of 10),ProFlow Copper Elbow 90° 8mm Solder Ring (Pack of 10). WRAS approved copper fitting for hot and cold water and central heating.,each,10,14.15,CU-EL90
CU-EL90-PROF-8-COMP,ProFlow Copper Elbow 90° 8mm Compression,ProFlow Copper Elbow 90° 8mm Compression. WRAS approved copper fitting for hot and cold water and central heating.,each,1,1.19,CU-EL90
CU-EL90-PROF-8-COMP-P10,ProFlow Copper Elbow 90° 8mm Compression (Pack of 10),ProFlow Copper Elbow 90° 8mm Compression (Pack of 10). WRAS approved copper fitting for hot and cold water and central heating.,each,10,13.78,CU-EL90
CU-EL90-PROF-10-EF,ProFlow Copper Elbow 90° 10mm End Feed,ProFlow Copper Elbow 90° 10mm End Feed. WRAS approved copper fitting for hot and cold water and central heating.,each,1,1.42,CU-EL90
CU-EL90-PROF-10-EF-P10,ProFlow Copper Elbow 90° 10mm End Feed (Pack of 10),ProFlow Copper Elbow 90° 10mm End Feed (Pack of 10). WRAS approved copper fitting for hot and cold water and central heating.,each,10,13.85,CU-EL90
CU-EL90-PROF-10-SR,ProFlow Copper Elbow 90° 10mm Solder Ring,ProFlow Copper Elbow 90° 10mm Solder Ring. WRAS approved copper fitting for hot and cold water and central heating.,each,1,1.31,CU-EL90
CU-EL90-PROF-10-SR-P10,ProFlow Copper Elbow 90° 10mm Solder Ring (Pack of 10),ProFlow Copper Elbow 90° 10mm Solder Ring (Pack of 10). WRAS approved copper fitting for hot and cold water and central heating.,each,10,14.14,CU-EL90
CU-EL90-PROF-10-COMP,ProFlow Copper Elbow 90° 10mm Compression,ProFlow Copper Elbow 90° 10mm Compression. WRAS approved copper fitting for hot and cold water and central heating.,each,1,1.27,CU-EL90
CU-EL90-PROF-10-COMP-P10,ProFlow Copper Elbow 90° 10mm Compression (Pack of 10),ProFlow Copper Elbow 90° 10mm Compression (Pack of 10). WRAS approved copper fitting for hot and cold water and central heating.,each,10,13.57,CU-EL90
CU-EL90-PROF-15-EF,ProFlow Copper Elbow 90° 15mm End Feed,"ProFlow Copper Elbow 90° 15mm End Feed. WRAS approved copper fitting for hot and cold water and central heating. Imperial equivalent approx 1/2"".",each,1,1.5,CU-EL90
CU-EL90-PROF-15-EF-P10,ProFlow Copper Elbow 90° 15mm End Feed (Pack of 10),"ProFlow Copper Elbow 90° 15mm End Feed (Pack of 10). WRAS approved copper fitting for hot and cold water and central heating. Imperial equivalent approx 1/2"".",each,10,16.5,CU-EL90
CU-EL90-PROF-15-SR,ProFlow Copper Elbow 90° 15mm Solder Ring,"ProFlow Copper Elbow 90° 15mm Solder Ring. WRAS approved copper fitting for hot and cold water and central heating. Imperial equivalent approx 1/2"".",each,1,1.63,CU-EL90
CU-EL90-PROF-15-SR-P10,ProFlow Copper Elbow 90° 15mm Solder Ring (Pack of 10),"ProFlow Copper Elbow 90° 15mm Solder Ring (Pack of 10). WRAS approved copper fitting for hot and cold water and central heating. Imperial equivalent approx 1/2"".",each,10,14.41,CU-EL90
CU-EL90-PROF-15-COMP,ProFlow Copper Elbow 90° 15mm Compression,"ProFlow Copper Elbow 90° 15mm Compression. WRAS approved copper fitting for hot and cold water and central heating. Imperial equivalent approx 1/2"".",each,1,1.51,CU-EL90
CU-EL90-PROF-15-COMP-P10,ProFlow Copper Elbow 90° 15mm Compression (Pack of 10),"ProFlow Copper Elbow 90° 15mm Compression (Pack of 10). WRAS approved copper fitting for hot and cold water and central heating. Imperial equivalent approx 1/2"".",each,10,14.15,CU-EL90
CU-EL90-PROF-22-EF,ProFlow Copper Elbow 90° 22mm End Feed,"ProFlow Copper Elbow 90° 22mm End Feed. WRAS approved copper fitting for hot and cold water and central heating. Imperial equivalent approx 3/4"".",each,1,1.85,CU-EL90
CU-EL90-PROF-22-EF-P10,ProFlow Copper Elbow 90° 22mm End Feed (Pack of 10),"ProFlow Copper Elbow 90° 22mm End Feed (Pack of 10). WRAS approved copper fitting for hot and cold water and central heating. Imperial equivalent approx 3/4"".",each,10,18.31,CU-EL90
CU-EL90-PROF-22-SR,ProFlow Copper Elbow 90° 22mm Solder Ring,"ProFlow Copper Elbow 90° 22mm Solder Ring. WRAS approved copper fitting for hot and cold water and central heating. Imperial equivalent approx 3/4"".",each,1,1.64,CU-EL90
CU-EL90-PROF-22-SR-P10,ProFlow Copper Elbow 90° 22mm Solder Ring (Pack of 10),"ProFlow Copper Elbow 90° 22mm Solder Ring (Pack of 10). WRAS approved copper fitting for hot and cold water and central heating. Imperial equivalent approx 3/4"".",each,10,17.52,CU-EL90
CU-EL90-PROF-22-COMP,ProFlow Copper Elbow 90° 22mm Compression,"ProFlow Copper Elbow 90° 22mm Compression. WRAS approved copper fitting for hot and cold water and central heating. Imperial equivalent approx 3/4"".",each,1,1.74,CU-EL90
CU-EL90-PROF-22-COMP-P10,ProFlow Copper Elbow 90° 22mm Compression (Pack of 10),"ProFlow Copper Elbow 90° 22mm Compression (Pack of 10). WRAS approved copper fitting for hot and cold water and central heating. Imperial equivalent approx 3/4"".",each,10,15.87,CU-EL90
CU-EL90-PROF-28-EF,ProFlow Copper Elbow 90° 28mm End Feed,"ProFlow Copper Elbow 90° 28mm End Feed. WRAS approved copper fitting for hot and cold water and central heating. Imperial equivalent approx 1"".",each,1,1.97,CU-EL90
CU-EL90-PROF-28-EF-P10,ProFlow Copper Elbow 90° 28mm End Feed (Pack of 10),"ProFlow Copper Elbow 90° 28mm End Feed (Pack of 10). WRAS approved copper fitting for hot and cold water and central heating. Imperial equivalent approx 1"".",each,10,18.85,CU-EL90
CU-EL90-PROF-28-SR,ProFlow Copper Elbow 90° 28mm Solder Ring,"ProFlow Copper Elbow 90° 28mm Solder Ring. WRAS approved copper fitting for hot and cold water and central heating. Imperial equivalent approx 1"".",each,1,1.97,CU-EL90
CU-EL90-PROF-28-SR-P10,ProFlow Copper Elbow 90° 28mm Solder Ring (Pack of 10),"ProFlow Copper Elbow 90° 28mm Solder Ring (Pack of 10). WRAS approved copper fitting for hot and cold water and central heating. Imperial equivalent approx 1"".",each,10,18.81,CU-EL90
CU-EL90-PROF-28-COMP,ProFlow Copper Elbow 90° 28mm Compression,"ProFlow Copper Elbow 90° 28mm Compression. WRAS approved copper fitting for hot and cold water and central heating. Imperial equivalent approx 1"".",each,1,1.68,CU-EL90
CU-EL90-PROF-28-COMP-P10,ProFlow Copper Elbow 90° 28mm Compression (Pack of 10),"ProFlow Copper Elbow 90° 28mm Compression (Pack of 10). WRAS approved copper fitting for hot and cold water and central heating. Imperial equivalent approx 1"".",each,10,18.04,CU-EL90
CU-EL90-PROF-35-EF,ProFlow Copper Elbow 90° 35mm End Feed,"ProFlow Copper Elbow 90° 35mm End Feed. WRAS approved copper fitting for hot and cold water and central heating. Imperial equivalent approx 1 1/4"".",each,1,1.86,CU-EL90
CU-EL90-PROF-35-EF-P10,ProFlow Copper Elbow 90° 35mm End Feed (Pack of 10),"ProFlow Copper Elbow 90° 35mm End Feed (Pack of 10). WRAS approved copper fitting for hot and cold water and central heating. Imperial equivalent approx 1 1/4"".",each,10,22.4,CU-EL90
CU-EL90-PROF-35-SR,ProFlow Copper Elbow 90° 35mm Solder Ring,"ProFlow Copper Elbow 90° 35mm Solder Ring. WRAS approved copper fitting for hot and cold water and central heating. Imperial equivalent approx 1 1/4"".",each,1,2.22,CU-EL90
CU-EL90-PROF-35-SR-P10,ProFlow Copper Elbow 90° 35mm Solder Ring (Pack of 10),"ProFlow Copper Elbow 90° 35mm Solder Ring (Pack of 10). WRAS approved copper fitting for hot and cold water and central heating. Imperial equivalent approx 1 1/4"".",each,10,21.99,CU-EL90
CU-EL90-PROF-35-COMP,ProFlow Copper Elbow 90° 35mm Compression,"ProFlow Copper Elbow 90° 35mm Compression. WRAS approved copper fitting for hot and cold water and central heating. Imperial equivalent approx 1 1/4"".",each,1,1.98,CU-EL90
CU-EL90-PROF-35-COMP-P10,ProFlow Copper Elbow 90° 35mm Compression (Pack of 10),"ProFlow Copper Elbow 90° 35mm Compression (Pack of 10). WRAS approved copper fitting for hot and cold water and central heating. Imperial equivalent approx 1 1/4"".",each,10,18.8,CU-EL90
CU-EL90-PROF-42-EF,ProFlow Copper Elbow 90° 42mm End Feed,"ProFlow Copper Elbow 90° 42mm End Feed. WRAS approved copper fitting for hot and cold water and central heating. Imperial equivalent approx 1 1/2"".",each,1,2.43,CU-EL90
CU-EL90-PROF-42-EF-P10,ProFlow Copper Elbow 90° 42mm End Feed (Pack of 10),"ProFlow Copper Elbow 90° 42mm End Feed (Pack of 10). WRAS approved copper fitting for hot and cold water and central heating. Imperial equivalent approx 1 1/2"".",each,10,24.57,CU-EL90
CU-EL90-PROF-42-SR,ProFlow Copper Elbow 90° 42mm Solder Ring,"ProFlow Copper Elbow 90° 42mm Solder Ring. WRAS approved copper fitting for hot and cold water and central heating. Imperial equivalent approx 1 1/2"".",each,1,2.07,CU-EL90
CU-EL90-PROF-42-SR-P10,ProFlow Copper Elbow 90° 42mm Solder Ring (Pack of 10),"ProFlow Copper Elbow 90° 42mm Solder Ring (Pack of 10). WRAS approved copper fitting for hot and cold water and central heating. Imperial equivalent approx 1 1/2"".",each,10,22.49,CU-EL90
CU-EL90-PROF-42-COMP,ProFlow Copper Elbow 90° 42mm Compression,"ProFlow Copper Elbow 90° 42mm Compression. WRAS approved copper fitting for hot and cold water and central heating. Imperial equivalent approx 1 1/2"".",each,1,2.06,CU-EL90
CU-EL90-PROF-42-COMP-P10,ProFlow Copper Elbow 90° 42mm Compression (Pack of 10),"ProFlow Copper Elbow 90° 42mm Compression (Pack of 10). WRAS approved copper fitting for hot and cold water and central heating. Imperial equivalent approx 1 1/2"".",each,10,23.73,CU-EL90
CU-EL90-PROF-54-EF,ProFlow Copper Elbow 90° 54mm End Feed,"ProFlow Copper Elbow 90° 54mm End Feed. WRAS approved copper fitting for hot and cold water and central heating. Imperial equivalent approx 2"".",each,1,2.72,CU-EL90
CU-EL90-PROF-54-EF-P10,ProFlow Copper Elbow 90° 54mm End Feed (Pack of 10),"ProFlow Copper Elbow 90° 54mm End Feed (Pack of 10). WRAS approved copper fitting for hot and cold water and central heating. Imperial equivalent approx 2"".",each,10,23.93,CU-EL90
CU-EL90-PROF-54-SR,ProFlow Copper Elbow 90° 54mm Solder Ring,"ProFlow Copper Elbow 90° 54mm Solder Ring. WRAS approved copper fitting for hot and cold water and central heating. Imperial equivalent approx 2"".",each,1,2.57,CU-EL90
CU-EL90-PROF-54-SR-P10,ProFlow Copper Elbow 90° 54mm Solder Ring (Pack of 10),"ProFlow Copper Elbow 90° 54mm Solder Ring (Pack of 10). WRAS approved copper fitting for hot and cold water and central heating. Imperial equivalent approx 2"".",each,10,26.11,CU-EL90
CU-EL90-PROF-54-COMP,ProFlow Copper Elbow 90° 54mm Compression,"ProFlow Copper Elbow 90° 54mm Compression. WRAS approved copper fitting for hot and cold water and central heating. Imperial equivalent approx 2"".",each,1,2.46,CU-EL90
CU-EL90-PROF-54-COMP-P10,ProFlow Copper Elbow 90° 54mm Compression (Pack of 10),"ProFlow Copper Elbow 90° 54mm Compression (Pack of 10). WRAS approved copper fitting for hot and cold water and central heating. Imperial equivalent approx 2"".",each,10,27.78,CU-EL90
CU-EL45-KEST-8-EF,Kestrel Copper Elbow 45° 8mm End Feed,Kestrel Copper Elbow 45° 8mm End Feed. WRAS approved copper fitting for hot and cold water and central heating.,each,1,1.48,CU-EL45
CU-EL45-KEST-8-EF-P10,Kestrel Copper Elbow 45° 8mm End Feed (Pack of 10),Kestrel Copper Elbow 45° 8mm End Feed (Pack of 10). WRAS approved copper fitting for hot and cold water and central heating.,each,10,14.14,CU-EL45
CU-EL45-KEST-8-SR,Kestrel Copper Elbow 45° 8mm Solder Ring,Kestrel Copper Elbow 45° 8mm Solder Ring. WRAS approved copper fitting for hot and cold water and central heating.,each,1,1.51,CU-EL45
CU-EL45-KEST-8-SR-P10,Kestrel Copper Elbow 45° 8mm Solder Ring (Pack of 10),Kestrel Copper Elbow 45° 8mm Solder Ring (Pack of 10). WRAS approved copper fitting for hot and cold water and central heating.,each,10,15.69,CU-EL45
CU-EL45-KEST-8-COMP,Kestrel Copper Elbow 45° 8mm Compression,Kestrel Copper Elbow 45° 8mm Compression. WRAS approved copper fitting for hot and cold water and central heating.,each,1,1.41,CU-EL45
CU-EL45-KEST-8-COMP-P10,Kestrel Copper Elbow 45° 8mm Compression (Pack of 10),Kestrel Copper Elbow 45° 8mm Compression (Pack of 10). WRAS approved copper fitting for hot and cold water and central heating.,each,10,14.44,CU-EL45
CU-EL45-KEST-10-EF,Kestrel Copper Elbow 45° 10mm End Feed,Kestrel Copper Elbow 45° 10mm End Feed. WRAS approved copper fitting for hot and cold water and central heating.,each,1,1.72,CU-EL45
CU-EL45-KEST-10-EF-P10,Kestrel Copper Elbow 45° 10mm End Feed (Pack of 10),Kestrel Copper Elbow 45° 10mm End Feed (Pack of 10). WRAS approved copper fitting for hot and cold water and central heating.,each,10,16.09,CU-EL45
CU-EL45-KEST-10-SR,Kestrel Copper Elbow 45° 10mm Solder Ring,Kestrel Copper Elbow 45° 10mm Solder Ring. WRAS approved copper fitting for hot and cold water and central heating.,each,1,1.54,CU-EL45
CU-EL45-KEST-10-SR-P10,Kestrel Copper Elbow 45° 10mm Solder Ring (Pack of 10),Kestrel Copper Elbow 45° 10mm Solder Ring (Pack of 10). WRAS approved copper fitting for hot and cold water and central heating.,each,10,15.68,CU-EL45
CU-EL45-KEST-10-COMP,Kestrel Copper Elbow 45° 10mm Compression,Kestrel Copper Elbow 45° 10mm Compression. WRAS approved copper fitting for hot and cold water and central heating.,each,1,1.44,CU-EL45
CU-EL45-KEST-10-COMP-P10,Kestrel Copper Elbow 45° 10mm Compression (Pack of 10),Kestrel Copper Elbow 45° 10mm Compression (Pack of 10). WRAS approved copper fitting for hot and cold water and central heating.,each,10,14.76,CU-EL45
CU-EL45-KEST-15-EF,Kestrel Copper Elbow 45° 15mm End Feed,"Kestrel Copper Elbow 45° 15mm End Feed. WRAS approved copper fitting for hot and cold water and central heating. Imperial equivalent approx 1/2"".",each,1,1.66,CU-EL45
CU-EL45-KEST-15-EF-P10,Kestrel Copper Elbow 45° 15mm End Feed (Pack of 10),"Kestrel Copper Elbow 45° 15mm End Feed (Pack of 10). WRAS approved copper fitting for hot and cold water and central heating. Imperial equivalent approx 1/2"".",each,10,17.49,CU-EL45
CU-EL45-KEST-15-SR,Kestrel Copper Elbow 45° 15mm Solder Ring,"Kestrel Copper Elbow 45° 15mm Solder Ring. WRAS approved copper fitting for hot and cold water and central heating. Imperial equivalent approx 1/2"".",each,1,1.63,CU-EL45
CU-EL45-KEST-15-SR-P10,Kestrel Copper Elbow 45° 15mm Solder Ring (Pack of 10),"Kestrel Copper Elbow 45° 15mm Solder Ring (Pack of 10). WRAS approved copper fitting for hot and cold water and central heating. Imperial equivalent approx 1/2"".",each,10,16.23,CU-EL45
CU-EL45-KEST-15-COMP,Kestrel Copper Elbow 45° 15mm Compression,"Kestrel Copper Elbow 45° 15mm Compression. WRAS approved copper fitting for hot and cold water and central heating. Imperial equivalent approx 1/2"".",each,1,1.57,CU-EL45
CU-EL45-KEST-15-COMP-P10,Kestrel Copper Elbow 45° 15mm Compression (Pack of 10),"Kestrel Copper Elbow 45° 15mm Compression (Pack of 10). WRAS approved copper fitting for hot and cold water and central heating. Imperial equivalent approx 1/2"".",each,10,17.64,CU-EL45
CU-EL45-KEST-22-EF,Kestrel Copper Elbow 45° 22mm End Feed,"Kestrel Copper Elbow 45° 22mm End Feed. WRAS approved copper fitting for hot and cold water and central heating. Imperial equivalent approx 3/4"".",each,1,1.83,CU-EL45
CU-EL45-KEST-22-EF-P10,Kestrel Copper Elbow 45° 22mm End Feed (Pack of 10),"Kestrel Copper Elbow 45° 22mm End Feed (Pack of 10). WRAS approved copper fitting for hot and cold water and central heating. Imperial equivalent approx 3/4"".",each,10,20.95,CU-EL45
CU-EL45-KEST-22-SR,Kestrel Copper Elbow 45° 22mm Solder Ring,"Kestrel Copper Elbow 45° 22mm Solder Ring. WRAS approved copper fitting for hot and cold water and central heating. Imperial equivalent approx 3/4"".",each,1,2.08,CU-EL45
CU-EL45-KEST-22-SR-P10,Kestrel Copper Elbow 45° 22mm Solder Ring (Pack of 10),"Kestrel Copper Elbow 45° 22mm Solder Ring (Pack of 10). WRAS approved copper fitting for hot and cold water and central heating. Imperial equivalent approx 3/4"".",each,10,17.71,CU-EL45
CU-EL45-KEST-22-COMP,Kestrel Copper Elbow 45° 22mm Compression,"Kestrel Copper Elbow 45° 22mm Compression. WRAS approved copper fitting for hot and cold water and central heating. Imperial equivalent approx 3/4"".",each,1,1.84,CU-EL45
CU-EL45-KEST-22-COMP-P10,Kestrel Copper Elbow 45° 22mm Compression (Pack of 10),"Kestrel Copper Elbow 45° 22mm Compression (Pack of 10). WRAS approved copper fitting for hot and cold water and central heating. Imperial equivalent approx 3/4"".",each,10,20.03,CU-EL45
CU-EL45-KEST-28-EF,Kestrel Copper Elbow 45° 28mm End Feed,"Kestrel Copper Elbow 45° 28mm End Feed. WRAS approved copper fitting for hot and cold water and central heating. Imperial equivalent approx 1"".",each,1,2.0,CU-EL45
CU-EL45-KEST-28-EF-P10,Kestrel Copper Elbow 45° 28mm End Feed (Pack of 10),"Kestrel Copper Elbow 45° 28mm End Feed (Pack of 10). WRAS approved copper fitting for hot and cold water and central heating. Imperial equivalent approx 1"".",each,10,19.69,CU-EL45
CU-EL45-KEST-28-SR,Kestrel Copper Elbow 45° 28mm Solder Ring,"Kestrel Copper Elbow 45° 28mm Solder Ring. WRAS approved copper fitting for hot and cold water and central heating. Imperial equivalent approx 1"".",each,1,2.31,CU-EL45
CU-EL45-KEST-28-SR-P10,Kestrel Copper Elbow 45° 28mm Solder Ring (Pack of 10),"Kestrel Copper Elbow 45° 28mm Solder Ring (Pack of 10). WRAS approved copper fitting for hot and cold water and central heating. Imperial equivalent approx 1"".",each,10,21.55,CU-EL45
CU-EL45-KEST-28-COMP,Kestrel Copper Elbow 45° 28mm Compression,"Kestrel Copper Elbow 45° 28mm Compression. WRAS approved copper fitting for hot and cold water and central heating. Imperial equivalent approx 1"".",each,1,2.11,CU-EL45
CU-EL45-KEST-28-COMP-P10,Kestrel Copper Elbow 45° 28mm Compression (Pack of 10),"Kestrel Copper Elbow 45° 28mm Compression (Pack of 10). WRAS approved copper fitting for hot and cold water and central heating. Imperial equivalent approx 1"".",each,10,22.46,CU-EL45
CU-EL45-KEST-35-EF,Kestrel Copper Elbow 45° 35mm End Feed,"Kestrel Copper Elbow 45° 35mm End Feed. WRAS approved copper fitting for hot and cold water and central heating. Imperial equivalent approx 1 1/4"".",each,1,2.49,CU-EL45
CU-EL45-KEST-35-EF-P10,Kestrel Copper Elbow 45° 35mm End Feed (Pack of 10),"Kestrel Copper Elbow 45° 35mm End Feed (Pack of 10). WRAS approved copper fitting for hot and cold water and central heating. Imperial equivalent approx 1 1/4"".",each,10,21.99,CU-EL45
CU-EL45-KEST-35-SR,Kestrel Copper Elbow 45° 35mm Solder Ring,"Kestrel Copper Elbow 45° 35mm Solder Ring. WRAS approved copper fitting for hot and cold water and central heating. Imperial equivalent approx 1 1/4"".",each,1,2.15,CU-EL45
CU-EL45-KEST-35-SR-P10,Kestrel Copper Elbow 45° 35mm Solder Ring (Pack of 10),"Kestrel Copper Elbow 45° 35mm Solder Ring (Pack of 10). WRAS approved copper fitting for hot and cold water and central heating. Imperial equivalent approx 1 1/4"".",each,10,23.11,CU-EL45
CU-EL45-KEST-35-COMP,Kestrel Copper Elbow 45° 35mm Compression,"Kestrel Copper Elbow 45° 35mm Compression. WRAS approved copper fitting for hot and cold water and central heating. Imperial equivalent approx 1 1/4"".",each,1,2.31,CU-EL45
CU-EL45-KEST-35-COMP-P10,Kestrel Copper Elbow 45° 35mm Compression (Pack of 10),"Kestrel Copper Elbow 45° 35mm Compression (Pack of 10). WRAS approved copper fitting for hot and cold water and central heating. Imperial equivalent approx 1 1/4"".",each,10,23.28,CU-EL45
CU-EL45-KEST-42-EF,Kestrel Copper Elbow 45° 42mm End Feed,"Kestrel Copper Elbow 45° 42mm End Feed. WRAS approved copper fitting for hot and cold water and central heating. Imperial equivalent approx 1 1/2"".",each,1,2.68,CU-EL45
CU-EL45-KEST-42-EF-P10,Kestrel Copper Elbow 45° 42mm End Feed (Pack of 10),"Kestrel Copper Elbow 45° 42mm End Feed (Pack of 10). WRAS approved copper fitting for hot and cold water and central heating. Imperial equivalent approx 1 1/2"".",each,10,26.51,CU-EL45
CU-EL45-KEST-42-SR,Kestrel Copper Elbow 45° 42mm Solder Ring,"Kestrel Copper Elbow 45° 42mm Solder Ring. WRAS approved copper fitting for hot and cold water and central heating. Imperial equivalent approx 1 1/2"".",each,1,2.81,CU-EL45
CU-EL45-KEST-42-SR-P10,Kestrel Copper Elbow 45° 42mm Solder Ring (Pack of 10),"Kestrel Copper Elbow 45° 42mm Solder Ring (Pack of 10). WRAS approved copper fitting for hot and cold water and central heating. Imperial equivalent approx 1 1/2"".",each,10,23.57,CU-EL45
CU-EL45-KEST-42-COMP,Kestrel Copper Elbow 45° 42mm Compression,"Kestrel Copper Elbow 45° 42mm Compression. WRAS approved copper fitting for hot and cold water and central heating. Imperial equivalent approx 1 1/2"".",each,1,2.51,CU-EL45
CU-EL45-KEST-42-COMP-P10,Kestrel Copper Elbow 45° 42mm Compression (Pack of 10),"Kestrel Copper Elbow 45° 42mm Compression (Pack of 10). WRAS approved copper fitting for hot and cold water and central heating. Imperial equivalent approx 1 1/2"".",each,10,24.8,CU-EL45
CU-EL45-KEST-54-EF,Kestrel Copper Elbow 45° 54mm End Feed,"Kestrel Copper Elbow 45° 54mm End Feed. WRAS approved copper fitting for hot and cold water and central heating. Imperial equivalent approx 2"".",each,1,3.15,CU-EL45
CU-EL45-KEST-54-EF-P10,Kestrel Copper Elbow 45° 54mm End Feed (Pack of 10),"Kestrel Copper Elbow 45° 54mm End Feed (Pack of 10). WRAS approved copper fitting for hot and cold water and central heating. Imperial equivalent approx 2"".",each,10,27.9,CU-EL45
CU-EL45-KEST-54-SR,Kestrel Copper Elbow 45° 54mm Solder Ring,"Kestrel Copper Elbow 45° 54mm Solder Ring. WRAS approved copper fitting for hot and cold water and central heating. Imperial equivalent approx 2"".",each,1,2.76,CU-EL45
CU-EL45-KEST-54-SR-P10,Kestrel Copper Elbow 45° 54mm Solder Ring (Pack of 10),"Kestrel Copper Elbow 45° 54mm Solder Ring (Pack of 10). WRAS approved copper fitting for hot and cold water and central heating. Imperial equivalent approx 2"".",each,10,29.07,CU-EL45
CU-EL45-KEST-54-COMP,Kestrel Copper Elbow 45° 54mm Compression,"Kestrel Copper Elbow 45° 54mm Compression. WRAS approved copper fitting for hot and cold water and central heating. Imperial equivalent approx 2"".",each,1,2.89,CU-EL45
CU-EL45-KEST-54-COMP-P10,Kestrel Copper Elbow 45° 54mm Compression (Pack of 10),"Kestrel Copper Elbow 45° 54mm Compression (Pack of 10). WRAS approved copper fitting for hot and cold water and central heating. Imperial equivalent approx 2"".",each,10,28.07,CU-EL45
CU-EL45-NORT-8-EF,Northway Copper Elbow 45° 8mm End Feed,Northway Copper Elbow 45° 8mm End Feed. WRAS approved copper fitting for hot and cold water and central heating.,each,1,1.42,CU-EL45
CU-EL45-NORT-8-EF-P10,Northway Copper Elbow 45° 8mm End Feed (Pack of 10),Northway Copper Elbow 45° 8mm End Feed (Pack of 10). WRAS approved copper fitting for hot and cold water and central heating.,each,10,16.27,CU-EL45
CU-EL45-NORT-8-SR,Northway Copper Elbow 45° 8mm Solder Ring,Northway Copper Elbow 45° 8mm Solder Ring. WRAS approved copper fitting for hot and cold water and central heating.,each,1,1.48,CU-EL45
CU-EL45-NORT-8-SR-P10,Northway Copper Elbow 45° 8mm Solder Ring (Pack of 10),Northway Copper Elbow 45° 8mm Solder Ring (Pack of 10). WRAS approved copper fitting for hot and cold water and central heating.,each,10,16.08,CU-EL45
CU-EL45-NORT-8-COMP,Northway Copper Elbow 45° 8mm Compression,Northway Copper Elbow 45° 8mm Compression. WRAS approved copper fitting for hot and cold water and central heating.,each,1,1.52,CU-EL45
CU-EL45-NORT-8-COMP-P10,Northway Copper Elbow 45° 8mm Compression (Pack of 10),Northway Copper Elbow 45° 8mm Compression (Pack of 10). WRAS approved copper fitting for hot and cold water and central heating.,each,10,13.65,CU-EL45
CU-EL45-NORT-10-EF,Northway Copper Elbow 45° 10mm End Feed,Northway Copper Elbow 45° 10mm End Feed. WRAS approved copper fitting for hot and cold water and central heating.,each,1,1.72,CU-EL45
CU-EL45-NORT-10-EF-P10,Northway Copper Elbow 45° 10mm End Feed (Pack of 10),Northway Copper Elbow 45° 10mm End Feed (Pack of 10). WRAS approved copper fitting for hot and cold water and central heating.,each,10,16.68,CU-EL45
CU-EL45-NORT-10-SR,Northway Copper Elbow 45° 10mm Solder Ring,Northway Copper Elbow 45° 10mm Solder Ring. WRAS approved copper fitting for hot and cold water and central heating.,each,1,1.71,CU-EL45
CU-EL45-NORT-10-SR-P10,Northway Copper Elbow 45° 10mm Solder Ring (Pack of 10),Northway Copper Elbow 45° 10mm Solder Ring (Pack of 10). WRAS approved copper fitting for hot and cold water and central heating.,each,10,16.96,CU-EL45
CU-EL45-NORT-10-COMP,Northway Copper Elbow 45° 10mm Compression,Northway Copper Elbow 45° 10mm Compression. WRAS approved copper fitting for hot and cold water and central heating.,each,1,1.67,CU-EL45
CU-EL45-NORT-10-COMP-P10,Northway Copper Elbow 45° 10mm Compression (Pack of 10),Northway Copper Elbow 45° 10mm Compression (Pack of 10). WRAS approved copper fitting for hot and cold water and central heating.,each,10,14.58,CU-EL45
CU-EL45-NORT-15-EF,Northway Copper Elbow 45° 15mm End Feed,"Northway Copper Elbow 45° 15mm End Feed. WRAS approved copper fitting for hot and cold water and central heating. Imperial equivalent approx 1/2"".",each,1,1.71,CU-EL45
CU-EL45-NORT-15-EF-P10,Northway Copper Elbow 45° 15mm End Feed (Pack of 10),"Northway Copper Elbow 45° 15mm End Feed (Pack of 10). WRAS approved copper fitting for hot and cold water and central heating. Imperial equivalent approx 1/2"".",each,10,16.2,CU-EL45
CU-EL45-NORT-15-SR,Northway Copper Elbow 45° 15mm Solder Ring,"Northway Copper Elbow 45° 15mm Solder Ring. WRAS approved copper fitting for hot and cold water and central heating. Imperial equivalent approx 1/2"".",each,1,1.68,CU-EL45
CU-EL45-NORT-15-SR-P10,Northway Copper Elbow 45° 15mm Solder Ring (Pack of 10),"Northway Copper Elbow 45° 15mm Solder Ring (Pack of 10). WRAS approved copper fitting for hot and cold water and central heating. Imperial equivalent approx 1/2"".",each,10,15.67,CU-EL45
CU-EL45-NORT-15-COMP,Northway Copper Elbow 45° 15mm Compression,"Northway Copper Elbow 45° 15mm Compression. WRAS approved copper fitting for hot and cold water and central heating. Imperial equivalent approx 1/2"".",each,1,1.68,CU-EL45
CU-EL45-NORT-15-COMP-P10,Northway Copper Elbow 45° 15mm Compression (Pack of 10),"Northway Copper Elbow 45° 15mm Compression (Pack of 10). WRAS approved copper fitting for hot and cold water and central heating. Imperial equivalent approx 1/2"".",each,10,18.86,CU-EL45
CU-EL45-NORT-22-EF,Northway Copper Elbow 45° 22mm End Feed,"Northway Copper Elbow 45° 22mm End Feed. WRAS approved copper fitting for hot and cold water and central heating. Imperial equivalent approx 3/4"".",each,1,1.85,CU-EL45
CU-EL45-NORT-22-EF-P10,Northway Copper Elbow 45° 22mm End Feed (Pack of 10),"Northway Copper Elbow 45° 22mm End Feed (Pack of 10). WRAS approved copper fitting for hot and cold water and central heating. Imperial equivalent approx 3/4"".",each,10,20.48,CU-EL45
CU-EL45-NORT-22-SR,Northway Copper Elbow 45° 22mm Solder Ring,"Northway Copper Elbow 45° 22mm Solder Ring. WRAS approved copper fitting for hot and cold water and central heating. Imperial equivalent approx 3/4"".",each,1,1.92,CU-EL45
CU-EL45-NORT-22-SR-P10,Northway Copper Elbow 45° 22mm Solder Ring (Pack of 10),"Northway Copper Elbow 45° 22mm Solder Ring (Pack of 10). WRAS approved copper fitting for hot and cold water and central heating. Imperial equivalent approx 3/4"".",each,10,19.08,CU-EL45
CU-EL45-NORT-22-COMP,Northway Copper Elbow 45° 22mm Compression,"Northway Copper Elbow 45° 22mm Compression. WRAS approved copper fitting for hot and cold water and central heating. Imperial equivalent approx 3/4"".",each,1,2.11,CU-EL45
CU-EL45-NORT-22-COMP-P10,Northway Copper Elbow 45° 22mm Compression (Pack of 10),"Northway Copper Elbow 45° 22mm Compression (Pack of 10). WRAS approved copper fitting for hot and cold water and central heating. Imperial equivalent approx 3/4"".",each,10,21.29,CU-EL45
CU-EL45-NORT-28-EF,Northway Copper Elbow 45° 28mm End Feed,"Northway Copper Elbow 45° 28mm End Feed. WRAS approved copper fitting for hot and cold water and central heating. Imperial equivalent approx 1"".",each,1,2.15,CU-EL45
CU-EL45-NORT-28-EF-P10,Northway Copper Elbow 45° 28mm End Feed (Pack of 10),"Northway Copper Elbow 45° 28mm End Feed (Pack of 10). WRAS approved copper fitting for hot and cold water and central heating. Imperial equivalent approx 1"".",each,10,22.18,CU-EL45
CU-EL45-NORT-28-SR,Northway Copper Elbow 45° 28mm Solder Ring,"Northway Copper Elbow 45° 28mm Solder Ring. WRAS approved copper fitting for hot and cold water and central heating. Imperial equivalent approx 1"".",each,1,1.98,CU-EL45
CU-EL45-NORT-28-SR-P10,Northway Copper Elbow 45° 28mm Solder Ring (Pack of 10),"Northway Copper Elbow 45° 28mm Solder Ring (Pack of 10). WRAS approved copper fitting for hot and cold water and central heating. Imperial equivalent approx 1"".",each,10,20.39,CU-EL45
CU-EL45-NORT-28-COMP,Northway Copper Elbow 45° 28mm Compression,"Northway Copper Elbow 45° 28mm Compression. WRAS approved copper fitting for hot and cold water and central heating. Imperial equivalent approx 1"".",each,1,2.32,CU-EL45
CU-EL45-NORT-28-COMP-P10,Northway Copper Elbow 45° 28mm Compression (Pack of 10),"Northway Copper Elbow 45° 28mm Compression (Pack of 10). WRAS approved copper fitting for hot and cold water and central heating. Imperial equivalent approx 1"".",each,10,21.59,CU-EL45
CU-EL45-NORT-35-EF,Northway Copper Elbow 45° 35mm End Feed,"Northway Copper Elbow 45° 35mm End Feed. WRAS approved copper fitting for hot and cold water and central heating. Imperial equivalent approx 1 1/4"".",each,1,2.36,CU-EL45
CU-EL45-NORT-35-EF-P10,Northway Copper Elbow 45° 35mm End Feed (Pack of 10),"Northway Copper Elbow 45° 35mm End Feed (Pack of 10). WRAS approved copper fitting for hot and cold water and central heating. Imperial equivalent approx 1 1/4"".",each,10,24.6,CU-EL45
CU-EL45-NORT-35-SR,Northway Copper Elbow 45° 35mm Solder Ring,"Northway Copper Elbow 45° 35mm Solder Ring. WRAS approved copper fitting for hot and cold water and central heating. Imperial equivalent approx 1 1/4"".",each,1,2.14,CU-EL45
CU-EL45-NORT-35-SR-P10,Northway Copper Elbow 45° 35mm Solder Ring (Pack of 10),"Northway Copper Elbow 45° 35mm Solder Ring (Pack of 10). WRAS approved copper fitting for hot and cold water and central heating. Imperial equivalent approx 1 1/4"".",each,10,23.83,CU-EL45
CU-EL45-NORT-35-COMP,Northway Copper Elbow 45° 35mm Compression,"Northway Copper Elbow 45° 35mm Compression. WRAS approved copper fitting for hot and cold water and central heating. Imperial equivalent approx 1 1/4"".",each,1,2.35,CU-EL45
CU-EL45-NORT-35-COMP-P10,Northway Copper Elbow 45° 35mm Compression (Pack of 10),"Northway Copper Elbow 45° 35mm Compression (Pack of 10). WRAS approved copper fitting for hot and cold water and central heating. Imperial equivalent approx 1 1/4"".",each,10,25.09,CU-EL45
CU-EL45-NORT-42-EF,Northway Copper Elbow 45° 42mm End Feed,"Northway Copper Elbow 45° 42mm End Feed. WRAS approved copper fitting for hot and cold water and central heating. Imperial equivalent approx 1 1/2"".",each,1,2.39,CU-EL45
CU-EL45-NORT-42-EF-P10,Northway Copper Elbow 45° 42mm End Feed (Pack of 10),"Northway Copper Elbow 45° 42mm End Feed (Pack of 10). WRAS approved copper fitting for hot and cold water and central heating. Imperial equivalent approx 1 1/2"".",each,10,27.99,CU-EL45
CU-EL45-NORT-42-SR,Northway Copper Elbow 45° 42mm Solder Ring,"Northway Copper Elbow 45° 42mm Solder Ring. WRAS approved copper fitting for hot and cold water and central heating. Imperial equivalent approx 1 1/2"".",each,1,2.35,CU-EL45
CU-EL45-NORT-42-SR-P10,Northway Copper Elbow 45° 42mm Solder Ring (Pack of 10),"Northway Copper Elbow 45° 42mm Solder Ring (Pack of 10). WRAS approved copper fitting for hot and cold water and central heating. Imperial equivalent approx 1 1/2"".",each,10,24.01,CU-EL45
CU-EL45-NORT-42-COMP,Northway Copper Elbow 45° 42mm Compression,"Northway Copper Elbow 45° 42mm Compression. WRAS approved copper fitting for hot and cold water and central heating. Imperial equivalent approx 1 1/2"".",each,1,2.61,CU-EL45
CU-EL45-NORT-42-COMP-P10,Northway Copper Elbow 45° 42mm Compression (Pack of 10),"Northway Copper Elbow 45° 42mm Compression (Pack of 10). WRAS approved copper fitting for hot and cold water and central heating. Imperial equivalent approx 1 1/2"".",each,10,26.52,CU-EL45
CU-EL45-NORT-54-EF,Northway Copper Elbow 45° 54mm End Feed,"Northway Copper Elbow 45° 54mm End Feed. WRAS approved copper fitting for hot and cold water and central heating. Imperial equivalent approx 2"".",each,1,2.78,CU-EL45
CU-EL45-NORT-54-EF-P10,Northway Copper Elbow 45° 54mm End Feed (Pack of 10),"Northway Copper Elbow 45° 54mm End Feed (Pack of 10). WRAS approved copper fitting for hot and cold water and central heating. Imperial equivalent approx 2"".",each,10,27.14,CU-EL45
CU-EL45-NORT-54-SR,Northway Copper Elbow 45° 54mm Solder Ring,"Northway Copper Elbow 45° 54mm Solder Ring. WRAS approved copper fitting for hot and cold water and central heating. Imperial equivalent approx 2"".",each,1,3.17,CU-EL45
CU-EL45-NORT-54-SR-P10,Northway Copper Elbow 45° 54mm Solder Ring (Pack of 10),"Northway Copper Elbow 45° 54mm Solder Ring (Pack of 10). WRAS approved copper fitting for hot and cold water and central heating. Imperial equivalent approx 2"".",each,10,27.88,CU-EL45
CU-EL45-NORT-54-COMP,Northway Copper Elbow 45° 54mm Compression,"Northway Copper Elbow 45° 54mm Compression. WRAS approved copper fitting for hot and cold water and central heating. Imperial equivalent approx 2"".",each,1,2.99,CU-EL45
CU-EL45-NORT-54-COMP-P10,Northway Copper Elbow 45° 54mm Compression (Pack of 10),"Northway Copper Elbow 45° 54mm Compression (Pack of 10). WRAS approved copper fitting for hot and cold water and central heating. Imperial equivalent approx 2"".",each,10,30.08,CU-EL45
CU-EL45-PROF-8-EF,ProFlow Copper Elbow 45° 8mm End Feed,ProFlow Copper Elbow 45° 8mm End Feed. WRAS approved copper fitting for hot and cold water and central heating.,each,1,1.48,CU-EL45
CU-EL45-PROF-8-EF-P10,ProFlow Copper Elbow 45° 8mm End Feed (Pack of 10),ProFlow Copper Elbow 45° 8mm End Feed (Pack of 10). WRAS approved copper fitting for hot and cold water and central heating.,each,10,15.25,CU-EL45
CU-EL45-PROF-8-SR,ProFlow Copper Elbow 45° 8mm Solder Ring,ProFlow Copper Elbow 45° 8mm Solder Ring. WRAS approved copper fitting for hot and cold water and central heating.,each,1,1.51,CU-EL45
CU-EL45-PROF-8-SR-P10,ProFlow Copper Elbow 45° 8mm Solder Ring (Pack of 10),ProFlow Copper Elbow 45° 8mm Solder Ring (Pack of 10). WRAS approved copper fitting for hot and cold water and central heating.,each,10,16.3,CU-EL45
CU-EL45-PROF-8-COMP,ProFlow Copper Elbow 45° 8mm Compression,ProFlow Copper Elbow 45° 8mm Compression. WRAS approved copper fitting for hot and cold water and central heating.,each,1,1.41,CU-EL45
CU-EL45-PROF-8-COMP-P10,ProFlow Copper Elbow 45° 8mm Compression (Pack of 10),ProFlow Copper Elbow 45° 8mm Compression (Pack of 10). WRAS approved copper fitting for hot and cold water and central heating.,each,10,15.65,CU-EL45
CU-EL45-PROF-10-EF,ProFlow Copper Elbow 45° 10mm End Feed,ProFlow Copper Elbow 45° 10mm End Feed. WRAS approved copper fitting for hot and cold water and central heating.,each,1,1.48,CU-EL45
CU-EL45-PROF-10-EF-P10,ProFlow Copper Elbow 45° 10mm End Feed (Pack of 10),ProFlow Copper Elbow 45° 10mm End Feed (Pack of 10). WRAS approved copper fitting for hot and cold water and central heating.,each,10,15.3,CU-EL45
CU-EL45-PROF-10-SR,ProFlow Copper Elbow 45° 10mm Solder Ring,ProFlow Copper Elbow 45° 10mm Solder Ring. WRAS approved copper fitting for hot and cold water and central heating.,each,1,1.62,CU-EL45
CU-EL45-PROF-10-SR-P10,ProFlow Copper Elbow 45° 10mm Solder Ring (Pack of 10),ProFlow Copper Elbow 45° 10mm Solder Ring (Pack of 10). WRAS approved copper fitting for hot and cold water and central heating.,each,10,15.0,CU-EL45
CU-EL45-PROF-10-COMP,ProFlow Copper Elbow 45° 10mm Compression,ProFlow Copper Elbow 45° 10mm Compression. WRAS approved copper fitting for hot and cold water and central heating.,each,1,1.51,CU-EL45
CU-EL45-PROF-10-COMP-P10,ProFlow Copper Elbow 45° 10mm Compression (Pack of 10),ProFlow Copper Elbow 45° 10mm Compression (Pack of 10). WRAS approved copper fitting for hot and cold water and central heating.,each,10,16.41,CU-EL45
CU-EL45-PROF-15-EF,ProFlow Copper Elbow 45° 15mm End Feed,"ProFlow Copper Elbow 45° 15mm End Feed. WRAS approved copper fitting for hot and cold water and central heating. Imperial equivalent approx 1/2"".",each,1,1.57,CU-EL45
CU-EL45-PROF-15-EF-P10,ProFlow Copper Elbow 45° 15mm End Feed (Pack of 10),"ProFlow Copper Elbow 45° 15mm End Feed (Pack of 10). WRAS approved copper fitting for hot and cold water and central heating. Imperial equivalent approx 1/2"".",each,10,17.04,CU-EL45
CU-EL45-PROF-15-SR,ProFlow Copper Elbow 45° 15mm Solder Ring,"ProFlow Copper Elbow 45° 15mm Solder Ring. WRAS approved copper fitting for hot and cold water and central heating. Imperial equivalent approx 1/2"".",each,1,1.89,CU-EL45
CU-EL45-PROF-15-SR-P10,ProFlow Copper Elbow 45° 15mm Solder Ring (Pack of 10),"ProFlow Copper Elbow 45° 15mm Solder Ring (Pack of 10). WRAS approved copper fitting for hot and cold water and central heating. Imperial equivalent approx 1/2"".",each,10,18.89,CU-EL45
CU-EL45-PROF-15-COMP,ProFlow Copper Elbow 45° 15mm Compression,"ProFlow Copper Elbow 45° 15mm Compression. WRAS approved copper fitting for hot and cold water and central heating. Imperial equivalent approx 1/2"".",each,1,1.57,CU-EL45
CU-EL45-PROF-15-COMP-P10,ProFlow Copper Elbow 45° 15mm Compression (Pack of 10),"ProFlow Copper Elbow 45° 15mm Compression (Pack of 10). WRAS approved copper fitting for hot and cold water and central heating. Imperial equivalent approx 1/2"".",each,10,16.2,CU-EL45
CU-EL45-PROF-22-EF,ProFlow Copper Elbow 45° 22mm End Feed,"ProFlow Copper Elbow 45° 22mm End Feed. WRAS approved copper fitting for hot and cold water and central heating. Imperial equivalent approx 3/4"".",each,1,1.85,CU-EL45
CU-EL45-PROF-22-EF-P10,ProFlow Copper Elbow 45° 22mm End Feed (Pack of 10),"ProFlow Copper Elbow 45° 22mm End Feed (Pack of 10). WRAS approved copper fitting for hot and cold water and central heating. Imperial equivalent approx 3/4"".",each,10,21.05,CU-EL45
CU-EL45-PROF-22-SR,ProFlow Copper Elbow 45° 22mm Solder Ring,"ProFlow Copper Elbow 45° 22mm Solder Ring. WRAS approved copper fitting for hot and cold water and central heating. Imperial equivalent approx 3/4"".",each,1,2.09,CU-EL45
CU-EL45-PROF-22-SR-P10,ProFlow Copper Elbow 45° 22mm Solder Ring (Pack of 10),"ProFlow Copper Elbow 45° 22mm Solder Ring (Pack of 10). WRAS approved copper fitting for hot and cold water and central heating. Imperial equivalent approx 3/4"".",each,10,20.84,CU-EL45
CU-EL45-PROF-22-COMP,ProFlow Copper Elbow 45° 22mm Compression,"ProFlow Copper Elbow 45° 22mm Compression. WRAS approved copper fitting for hot and cold water and central heating. Imperial equivalent approx 3/4"".",each,1,1.89,CU-EL45
CU-EL45-PROF-22-COMP-P10,ProFlow Copper Elbow 45° 22mm Compression (Pack of 10),"ProFlow Copper Elbow 45° 22mm Compression (Pack of 10). WRAS approved copper fitting for hot and cold water and central heating. Imperial equivalent approx 3/4"".",each,10,18.05,CU-EL45
CU-EL45-PROF-28-EF,ProFlow Copper Elbow 45° 28mm End Feed,"ProFlow Copper Elbow 45° 28mm End Feed. WRAS approved copper fitting for hot and cold water and central heating. Imperial equivalent approx 1"".",each,1,2.27,CU-EL45
CU-EL45-PROF-28-EF-P10,ProFlow Copper Elbow 45° 28mm End Feed (Pack of 10),"ProFlow Copper Elbow 45° 28mm End Feed (Pack of 10). WRAS approved copper fitting for hot and cold water and central heating. Imperial equivalent approx 1"".",each,10,22.12,CU-EL45
CU-EL45-PROF-28-SR,ProFlow Copper Elbow 45° 28mm Solder Ring,"ProFlow Copper Elbow 45° 28mm Solder Ring. WRAS approved copper fitting for hot and cold water and central heating. Imperial equivalent approx 1"".",each,1,2.17,CU-EL45
CU-EL45-PROF-28-SR-P10,ProFlow Copper Elbow 45° 28mm Solder Ring (Pack of 10),"ProFlow Copper Elbow 45° 28mm Solder Ring (Pack of 10). WRAS approved copper fitting for hot and cold water and central heating. Imperial equivalent approx 1"".",each,10,23.32,CU-EL45
CU-EL45-PROF-28-COMP,ProFlow Copper Elbow 45° 28mm Compression,"ProFlow Copper Elbow 45° 28mm Compression. WRAS approved copper fitting for hot and cold water and central heating. Imperial equivalent approx 1"".",each,1,2.19,CU-EL45
CU-EL45-PROF-28-COMP-P10,ProFlow Copper Elbow 45° 28mm Compression (Pack of 10),"ProFlow Copper Elbow 45° 28mm Compression (Pack of 10). WRAS approved copper fitting for hot and cold water and central heating. Imperial equivalent approx 1"".",each,10,19.16,CU-EL45
CU-EL45-PROF-35-EF,ProFlow Copper Elbow 45° 35mm End Feed,"ProFlow Copper Elbow 45° 35mm End Feed. WRAS approved copper fitting for hot and cold water and central heating. Imperial equivalent approx 1 1/4"".",each,1,2.49,CU-EL45
CU-EL45-PROF-35-EF-P10,ProFlow Copper Elbow 45° 35mm End Feed (Pack of 10),"ProFlow Copper Elbow 45° 35mm End Feed (Pack of 10). WRAS approved copper fitting for hot and cold water and central heating. Imperial equivalent approx 1 1/4"".",each,10,22.5,CU-EL45
CU-EL45-PROF-35-SR,ProFlow Copper Elbow 45° 35mm Solder Ring,"ProFlow Copper Elbow 45° 35mm Solder Ring. WRAS approved copper fitting for hot and cold water and central heating. Imperial equivalent approx 1 1/4"".",each,1,2.42,CU-EL45
CU-EL45-PROF-35-SR-P10,ProFlow Copper Elbow 45° 35mm Solder Ring (Pack of 10),"ProFlow Copper Elbow 45° 35mm Solder Ring (Pack of 10). WRAS approved copper fitting for hot and cold water and central heating. Imperial equivalent approx 1 1/4"".",each,10,25.49,CU-EL45
CU-EL45-PROF-35-COMP,ProFlow Copper Elbow 45° 35mm Compression,"ProFlow Copper Elbow 45° 35mm Compression. WRAS approved copper fitting for hot and cold water and central heating. Imperial equivalent approx 1 1/4"".",each,1,2.17,CU-EL45
CU-EL45-PROF-35-COMP-P10,ProFlow Copper Elbow 45° 35mm Compression (Pack of 10),"ProFlow Copper Elbow 45° 35mm Compression (Pack of 10). WRAS approved copper fitting for hot and cold water and central heating. Imperial equivalent approx 1 1/4"".",each,10,21.63,CU-EL45
CU-EL45-PROF-42-EF,ProFlow Copper Elbow 45° 42mm End Feed,"ProFlow Copper Elbow 45° 42mm End Feed. WRAS approved copper fitting for hot and cold water and central heating. Imperial equivalent approx 1 1/2"".",each,1,2.36,CU-EL45
CU-EL45-PROF-42-EF-P10,ProFlow Copper Elbow 45° 42mm End Feed (Pack of 10),"ProFlow Copper Elbow 45° 42mm End Feed (Pack of 10). WRAS approved copper fitting for hot and cold water and central heating. Imperial equivalent approx 1 1/2"".",each,10,25.9,CU-EL45
CU-EL45-PROF-42-SR,ProFlow Copper Elbow 45° 42mm Solder Ring,"ProFlow Copper Elbow 45° 42mm Solder Ring. WRAS approved copper fitting for hot and cold water and central heating. Imperial equivalent approx 1 1/2"".",each,1,2.45,CU-EL45
CU-EL45-PROF-42-SR-P10,ProFlow Copper Elbow 45° 42mm Solder Ring (Pack of 10),"ProFlow Copper Elbow 45° 42mm Solder Ring (Pack of 10). WRAS approved copper fitting for hot and cold water and central heating. Imperial equivalent approx 1 1/2"".",each,10,26.16,CU-EL45
CU-EL45-PROF-42-COMP,ProFlow Copper Elbow 45° 42mm Compression,"ProFlow Copper Elbow 45° 42mm Compression. WRAS approved copper fitting for hot and cold water and central heating. Imperial equivalent approx 1 1/2"".",each,1,2.67,CU-EL45
CU-EL45-PROF-42-COMP-P10,ProFlow Copper Elbow 45° 42mm Compression (Pack of 10),"ProFlow Copper Elbow 45° 42mm Compression (Pack of 10). WRAS approved copper fitting for hot and cold water and central heating. Imperial equivalent approx 1 1/2"".",each,10,24.11,CU-EL45
CU-EL45-PROF-54-EF,ProFlow Copper Elbow 45° 54mm End Feed,"ProFlow Copper Elbow 45° 54mm End Feed. WRAS approved copper fitting for hot and cold water and central heating. Imperial equivalent approx 2"".",each,1,3.02,CU-EL45
CU-EL45-PROF-54-EF-P10,ProFlow Copper Elbow 45° 54mm End Feed (Pack of 10),"ProFlow Copper Elbow 45° 54mm End Feed (Pack of 10). WRAS approved copper fitting for hot and cold water and central heating. Imperial equivalent approx 2"".",each,10,27.99,CU-EL45
CU-EL45-PROF-54-SR,ProFlow Copper Elbow 45° 54mm Solder Ring,"ProFlow Copper Elbow 45° 54mm Solder Ring. WRAS approved copper fitting for hot and cold water and central heating. Imperial equivalent approx 2"".",each,1,2.93,CU-EL45
CU-EL45-PROF-54-SR-P10,ProFlow Copper Elbow 45° 54mm Solder Ring (Pack of 10),"ProFlow Copper Elbow 45° 54mm Solder Ring (Pack of 10). WRAS approved copper fitting for hot and cold water and central heating. Imperial equivalent approx 2"".",each,10,31.76,CU-EL45
CU-EL45-PROF-54-COMP,ProFlow Copper Elbow 45° 54mm Compression,"ProFlow Copper Elbow 45° 54mm Compression. WRAS approved copper fitting for hot and cold water and central heating. Imperial equivalent approx 2"".",each,1,3.14,CU-EL45
CU-EL45-PROF-54-COMP-P10,ProFlow Copper Elbow 45° 54mm Compression (Pack of 10),"ProFlow Copper Elbow 45° 54mm Compression (Pack of 10). WRAS approved copper fitting for hot and cold water and central heating. Imperial equivalent approx 2"".",each,10,26.98,CU-EL45
CU-TEE-KEST-8-EF,Kestrel Copper Equal Tee 8mm End Feed,Kestrel Copper Equal Tee 8mm End Feed. WRAS approved copper fitting for hot and cold water and central heating.,each,1,1.89,CU-TEE
CU-TEE-KEST-8-EF-P10,Kestrel Copper Equal Tee 8mm End Feed (Pack of 10),Kestrel Copper Equal Tee 8mm End Feed (Pack of 10). WRAS approved copper fitting for hot and cold water and central heating.,each,10,18.34,CU-TEE
CU-TEE-KEST-8-SR,Kestrel Copper Equal Tee 8mm Solder Ring,Kestrel Copper Equal Tee 8mm Solder Ring. WRAS approved copper fitting for hot and cold water and central heating.,each,1,1.73,CU-TEE
CU-TEE-KEST-8-SR-P10,Kestrel Copper Equal Tee 8mm Solder Ring (Pack of 10),Kestrel Copper Equal Tee 8mm Solder Ring (Pack of 10). WRAS approved copper fitting for hot and cold water and central heating.,each,10,20.24,CU-TEE
CU-TEE-KEST-8-COMP,Kestrel Copper Equal Tee 8mm Compression,Kestrel Copper Equal Tee 8mm Compression. WRAS approved copper fitting for hot and cold water and central heating.,each,1,1.97,CU-TEE
CU-TEE-KEST-8-COMP-P10,Kestrel Copper Equal Tee 8mm Compression (Pack of 10),Kestrel Copper Equal Tee 8mm Compression (Pack of 10). WRAS approved copper fitting for hot and cold water and central heating.,each,10,18.29,CU-TEE
CU-TEE-KEST-10-EF,Kestrel Copper Equal Tee 10mm End Feed,Kestrel Copper Equal Tee 10mm End Feed. WRAS approved copper fitting for hot and cold water and central heating.,each,1,2.1,CU-TEE
CU-TEE-KEST-10-EF-P10,Kestrel Copper Equal Tee 10mm End Feed (Pack of 10),Kestrel Copper Equal Tee 10mm End Feed (Pack of 10). WRAS approved copper fitting for hot and cold water and central heating.,each,10,20.21,CU-TEE
CU-TEE-KEST-10-SR,Kestrel Copper Equal Tee 10mm Solder Ring,Kestrel Copper Equal Tee 10mm Solder Ring. WRAS approved copper fitting for hot and cold water and central heating.,each,1,1.97,CU-TEE
CU-TEE-KEST-10-SR-P10,Kestrel Copper Equal Tee 10mm Solder Ring (Pack of 10),Kestrel Copper Equal Tee 10mm Solder Ring (Pack of 10). WRAS approved copper fitting for hot and cold water and central heating.,each,10,18.04,CU-TEE
CU-TEE-KEST-10-COMP,Kestrel Copper Equal Tee 10mm Compression,Kestrel Copper Equal Tee 10mm Compression. WRAS approved copper fitting for hot and cold water and central heating.,each,1,1.83,CU-TEE
CU-TEE-KEST-10-COMP-P10,Kestrel Copper Equal Tee 10mm Compression (Pack of 10),Kestrel Copper Equal Tee 10mm Compression (Pack of 10). WRAS approved copper fitting for hot and cold water and central heating.,each,10,21.53,CU-TEE
CU-TEE-KEST-15-EF,Kestrel Copper Equal Tee 15mm End Feed,"Kestrel Copper Equal Tee 15mm End Feed. WRAS approved copper fitting for hot and cold water and central heating. Imperial equivalent approx 1/2"".",each,1,2.38,CU-TEE
CU-TEE-KEST-15-EF-P10,Kestrel Copper Equal Tee 15mm End Feed (Pack of 10),"Kestrel Copper Equal Tee 15mm End Feed (Pack of 10). WRAS approved copper fitting for hot and cold water and central heating. Imperial equivalent approx 1/2"".",each,10,22.2,CU-TEE
CU-TEE-KEST-15-SR,Kestrel Copper Equal Tee 15mm Solder Ring,"Kestrel Copper Equal Tee 15mm Solder Ring. WRAS approved copper fitting for hot and cold water and central heating. Imperial equivalent approx 1/2"".",each,1,2.35,CU-TEE
CU-TEE-KEST-15-SR-P10,Kestrel Copper Equal Tee 15mm Solder Ring (Pack of 10),"Kestrel Copper Equal Tee 15mm Solder Ring (Pack of 10). WRAS approved copper fitting for hot and cold water and central heating. Imperial equivalent approx 1/2"".",each,10,22.36,CU-TEE
CU-TEE-KEST-15-COMP,Kestrel Copper Equal Tee 15mm Compression,"Kestrel Copper Equal Tee 15mm Compression. WRAS approved copper fitting for hot and cold water and central heating. Imperial equivalent approx 1/2"".",each,1,2.05,CU-TEE
CU-TEE-KEST-15-COMP-P10,Kestrel Copper Equal Tee 15mm Compression (Pack of 10),"Kestrel Copper Equal Tee 15mm Compression (Pack of 10). WRAS approved copper fitting for hot and cold water and central heating. Imperial equivalent approx 1/2"".",each,10,20.36,CU-TEE
CU-TEE-KEST-22-EF,Kestrel Copper Equal Tee 22mm End Feed,"Kestrel Copper Equal Tee 22mm End Feed. WRAS approved copper fitting for hot and cold water and central heating. Imperial equivalent approx 3/4"".",each,1,2.38,CU-TEE
CU-TEE-KEST-22-EF-P10,Kestrel Copper Equal Tee 22mm End Feed (Pack of 10),"Kestrel Copper Equal Tee 22mm End Feed (Pack of 10). WRAS approved copper fitting for hot and cold water and central heating. Imperial equivalent approx 3/4"".",each,10,26.78,CU-TEE
CU-TEE-KEST-22-SR,Kestrel Copper Equal Tee 22mm Solder Ring,"Kestrel Copper Equal Tee 22mm Solder Ring. WRAS approved copper fitting for hot and cold water and central heating. Imperial equivalent approx 3/4"".",each,1,2.63,CU-TEE
CU-TEE-KEST-22-SR-P10,Kestrel Copper Equal Tee 22mm Solder Ring (Pack of 10),"Kestrel Copper Equal Tee 22mm Solder Ring (Pack of 10). WRAS approved copper fitting for hot and cold water and central heating. Imperial equivalent approx 3/4"".",each,10,26.59,CU-TEE
CU-TEE-KEST-22-COMP,Kestrel Copper Equal Tee 22mm Compression,"Kestrel Copper Equal Tee 22mm Compression. WRAS approved copper fitting for hot and cold water and central heating. Imperial equivalent approx 3/4"".",each,1,2.68,CU-TEE
CU-TEE-KEST-22-COMP-P10,Kestrel Copper Equal Tee 22mm Compression (Pack of 10),"Kestrel Copper Equal Tee 22mm Compression (Pack of 10). WRAS approved copper fitting for hot and cold water and central heating. Imperial equivalent approx 3/4"".",each,10,23.36,CU-TEE
CU-TEE-KEST-28-EF,Kestrel Copper Equal Tee 28mm End Feed,"Kestrel Copper Equal Tee 28mm End Feed. WRAS approved copper fitting for hot and cold water and central heating. Imperial equivalent approx 1"".",each,1,2.58,CU-TEE
CU-TEE-KEST-28-EF-P10,Kestrel Copper Equal Tee 28mm End Feed (Pack of 10),"Kestrel Copper Equal Tee 28mm End Feed (Pack of 10). WRAS approved copper fitting for hot and cold water and central heating. Imperial equivalent approx 1"".",each,10,25.04,CU-TEE
CU-TEE-KEST-28-SR,Kestrel Copper Equal Tee 28mm Solder Ring,"Kestrel Copper Equal Tee 28mm Solder Ring. WRAS approved copper fitting for hot and cold water and central heating. Imperial equivalent approx 1"".",each,1,2.87,CU-TEE
CU-TEE-KEST-28-SR-P10,Kestrel Copper Equal Tee 28mm Solder Ring (Pack of 10),"Kestrel Copper Equal Tee 28mm Solder Ring (Pack of 10). WRAS approved copper fitting for hot and cold water and central heating. Imperial equivalent approx 1"".",each,10,29.29,CU-TEE
CU-TEE-KEST-28-COMP,Kestrel Copper Equal Tee 28mm Compression,"Kestrel Copper Equal Tee 28mm Compression. WRAS approved copper fitting for hot and cold water and central heating. Imperial equivalent approx 1"".",each,1,2.67,CU-TEE
CU-TEE-KEST-28-COMP-P10,Kestrel Copper Equal Tee 28mm Compression (Pack of 10),"Kestrel Copper Equal Tee 28mm Compression (Pack of 10). WRAS approved copper fitting for hot and cold water and central heating. Imperial equivalent approx 1"".",each,10,27.86,CU-TEE
CU-TEE-KEST-35-EF,Kestrel Copper Equal Tee 35mm End Feed,"Kestrel Copper Equal Tee 35mm End Feed. WRAS approved copper fitting for hot and cold water and central heating. Imperial equivalent approx 1 1/4"".",each,1,2.79,CU-TEE
CU-TEE-KEST-35-EF-P10,Kestrel Copper Equal Tee 35mm End Feed (Pack of 10),"Kestrel Copper Equal Tee 35mm End Feed (Pack of 10). WRAS approved copper fitting for hot and cold water and central heating. Imperial equivalent approx 1 1/4"".",each,10,32.58,CU-TEE
CU-TEE-KEST-35-SR,Kestrel Copper Equal Tee 35mm Solder Ring,"Kestrel Copper Equal Tee 35mm Solder Ring. WRAS approved copper fitting for hot and cold water and central heating. Imperial equivalent approx 1 1/4"".",each,1,3.22,CU-TEE
CU-TEE-KEST-35-SR-P10,Kestrel Copper Equal Tee 35mm Solder Ring (Pack of 10),"Kestrel Copper Equal Tee 35mm Solder Ring (Pack of 10). WRAS approved copper fitting for hot and cold water and central heating. Imperial equivalent approx 1 1/4"".",each,10,32.86,CU-TEE
CU-TEE-KEST-35-COMP,Kestrel Copper Equal Tee 35mm Compression,"Kestrel Copper Equal Tee 35mm Compression. WRAS approved copper fitting for hot and cold water and central heating. Imperial equivalent approx 1 1/4"".",each,1,3.19,CU-TEE
CU-TEE-KEST-35-COMP-P10,Kestrel Copper Equal Tee 35mm Compression (Pack of 10),"Kestrel Copper Equal Tee 35mm Compression (Pack of 10). WRAS approved copper fitting for hot and cold water and central heating. Imperial equivalent approx 1 1/4"".",each,10,32.29,CU-TEE
CU-TEE-KEST-42-EF,Kestrel Copper Equal Tee 42mm End Feed,"Kestrel Copper Equal Tee 42mm End Feed. WRAS approved copper fitting for hot and cold water and central heating. Imperial equivalent approx 1 1/2"".",each,1,2.97,CU-TEE
CU-TEE-KEST-42-EF-P10,Kestrel Copper Equal Tee 42mm End Feed (Pack of 10),"Kestrel Copper Equal Tee 42mm End Feed (Pack of 10). WRAS approved copper fitting for hot and cold water and central heating. Imperial equivalent approx 1 1/2"".",each,10,34.35,CU-TEE
CU-TEE-KEST-42-SR,Kestrel Copper Equal Tee 42mm Solder Ring,"Kestrel Copper Equal Tee 42mm Solder Ring. WRAS approved copper fitting for hot and cold water and central heating. Imperial equivalent approx 1 1/2"".",each,1,3.17,CU-TEE
CU-TEE-KEST-42-SR-P10,Kestrel Copper Equal Tee 42mm Solder Ring (Pack of 10),"Kestrel Copper Equal Tee 42mm Solder Ring (Pack of 10). WRAS approved copper fitting for hot and cold water and central heating. Imperial equivalent approx 1 1/2"".",each,10,35.63,CU-TEE
CU-TEE-KEST-42-COMP,Kestrel Copper Equal Tee 42mm Compression,"Kestrel Copper Equal Tee 42mm Compression. WRAS approved copper fitting for hot and cold water and central heating. Imperial equivalent approx 1 1/2"".",each,1,3.48,CU-TEE
CU-TEE-KEST-42-COMP-P10,Kestrel Copper Equal Tee 42mm Compression (Pack of 10),"Kestrel Copper Equal Tee 42mm Compression (Pack of 10). WRAS approved copper fitting for hot and cold water and central heating. Imperial equivalent approx 1 1/2"".",each,10,35.19,CU-TEE
CU-TEE-KEST-54-EF,Kestrel Copper Equal Tee 54mm End Feed,"Kestrel Copper Equal Tee 54mm End Feed. WRAS approved copper fitting for hot and cold water and central heating. Imperial equivalent approx 2"".",each,1,3.99,CU-TEE
CU-TEE-KEST-54-EF-P10,Kestrel Copper Equal Tee 54mm End Feed (Pack of 10),"Kestrel Copper Equal Tee 54mm End Feed (Pack of 10). WRAS approved copper fitting for hot and cold water and central heating. Imperial equivalent approx 2"".",each,10,35.85,CU-TEE
CU-TEE-KEST-54-SR,Kestrel Copper Equal Tee 54mm Solder Ring,"Kestrel Copper Equal Tee 54mm Solder Ring. WRAS approved copper fitting for hot and cold water and central heating. Imperial equivalent approx 2"".",each,1,3.98,CU-TEE
CU-TEE-KEST-54-SR-P10,Kestrel Copper Equal Tee 54mm Solder Ring (Pack of 10),"Kestrel Copper Equal Tee 54mm Solder Ring (Pack of 10). WRAS approved copper fitting for hot and cold water and central heating. Imperial equivalent approx 2"".",each,10,34.65,CU-TEE
CU-TEE-KEST-54-COMP,Kestrel Copper Equal Tee 54mm Compression,"Kestrel Copper Equal Tee 54mm Compression. WRAS approved copper fitting for hot and cold water and central heating. Imperial equivalent approx 2"".",each,1,4.04,CU-TEE
CU-TEE-KEST-54-COMP-P10,Kestrel Copper Equal Tee 54mm Compression (Pack of 10),"Kestrel Copper Equal Tee 54mm Compression (Pack of 10). WRAS approved copper fitting for hot and cold water and central heating. Imperial equivalent approx 2"".",each,10,40.3,CU-TEE
CU-TEE-NORT-8-EF,Northway Copper Equal Tee 8mm End Feed,Northway Copper Equal Tee 8mm End Feed. WRAS approved copper fitting for hot and cold water and central heating.,each,1,1.81,CU-TEE
CU-TEE-NORT-8-EF-P10,Northway Copper Equal Tee 8mm End Feed (Pack of 10),Northway Copper Equal Tee 8mm End Feed (Pack of 10). WRAS approved copper fitting for hot and cold water and central heating.,each,10,20.42,CU-TEE
CU-TEE-NORT-8-SR,Northway Copper Equal Tee 8mm Solder Ring,Northway Copper Equal Tee 8mm Solder Ring. WRAS approved copper fitting for hot and cold water and central heating.,each,1,1.9,CU-TEE
CU-TEE-NORT-8-SR-P10,Northway Copper Equal Tee 8mm Solder Ring (Pack of 10),Northway Copper Equal Tee 8mm Solder Ring (Pack of 10). WRAS approved copper fitting for hot and cold water and central heating.,each,10,18.45,CU-TEE
CU-TEE-NORT-8-COMP,Northway Copper Equal Tee 8mm Compression,Northway Copper Equal Tee 8mm Compression. WRAS approved copper fitting for hot and cold water and central heating.,each,1,2.03,CU-TEE
CU-TEE-NORT-8-COMP-P10,Northway Copper Equal Tee 8mm Compression (Pack of 10),Northway Copper Equal Tee 8mm Compression (Pack of 10). WRAS approved copper fitting for hot and cold water and central heating.,each,10,18.15,CU-TEE
CU-TEE-NORT-10-EF,Northway Copper Equal Tee 10mm End Feed,Northway Copper Equal Tee 10mm End Feed. WRAS approved copper fitting for hot and cold water and central heating.,each,1,1.81,CU-TEE
CU-TEE-NORT-10-EF-P10,Northway Copper Equal Tee 10mm End Feed (Pack of 10),Northway Copper Equal Tee 10mm End Feed (Pack of 10). WRAS approved copper fitting for hot and cold water and central heating.,each,10,18.77,CU-TEE
CU-TEE-NORT-10-SR,Northway Copper Equal Tee 10mm Solder Ring,Northway Copper Equal Tee 10mm Solder Ring. WRAS approved copper fitting for hot and cold water and central heating.,each,1,1.93,CU-TEE
CU-TEE-NORT-10-SR-P10,Northway Copper Equal Tee 10mm Solder Ring (Pack of 10),Northway Copper Equal Tee 10mm Solder Ring (Pack of 10). WRAS approved copper fitting for hot and cold water and central heating.,each,10,21.46,CU-TEE
CU-TEE-NORT-10-COMP,Northway Copper Equal Tee 10mm Compression,Northway Copper Equal Tee 10mm Compression. WRAS approved copper fitting for hot and cold water and central heating.,each,1,2.19,CU-TEE
CU-TEE-NORT-10-COMP-P10,Northway Copper Equal Tee 10mm Compression (Pack of 10),Northway Copper Equal Tee 10mm Compression (Pack of 10). WRAS approved copper fitting for hot and cold water and central heating.,each,10,19.12,CU-TEE
CU-TEE-NORT-15-EF,Northway Copper Equal Tee 15mm End Feed,"Northway Copper Equal Tee 15mm End Feed. WRAS approved copper fitting for hot and cold water and central heating. Imperial equivalent approx 1/2"".",each,1,2.26,CU-TEE
CU-TEE-NORT-15-EF-P10,Northway Copper Equal Tee 15mm End Feed (Pack of 10),"Northway Copper Equal Tee 15mm End Feed (Pack of 10). WRAS approved copper fitting for hot and cold water and central heating. Imperial equivalent approx 1/2"".",each,10,21.56,CU-TEE
CU-TEE-NORT-15-SR,Northway Copper Equal Tee 15mm Solder Ring,"Northway Copper Equal Tee 15mm Solder Ring. WRAS approved copper fitting for hot and cold water and central heating. Imperial equivalent approx 1/2"".",each,1,2.41,CU-TEE
CU-TEE-NORT-15-SR-P10,Northway Copper Equal Tee 15mm Solder Ring (Pack of 10),"Northway Copper Equal Tee 15mm Solder Ring (Pack of 10). WRAS approved copper fitting for hot and cold water and central heating. Imperial equivalent approx 1/2"".",each,10,22.16,CU-TEE
CU-TEE-NORT-15-COMP,Northway Copper Equal Tee 15mm Compression,"Northway Copper Equal Tee 15mm Compression. WRAS approved copper fitting for hot and cold water and central heating. Imperial equivalent approx 1/2"".",each,1,2.39,CU-TEE
CU-TEE-NORT-15-COMP-P10,Northway Copper Equal Tee 15mm Compression (Pack of 10),"Northway Copper Equal Tee 15mm Compression (Pack of 10). WRAS approved copper fitting for hot and cold water and central heating. Imperial equivalent approx 1/2"".",each,10,20.31,CU-TEE
CU-TEE-NORT-22-EF,Northway Copper Equal Tee 22mm End Feed,"Northway Copper Equal Tee 22mm End Feed. WRAS approved copper fitting for hot and cold water and central heating. Imperial equivalent approx 3/4"".",each,1,2.71,CU-TEE
CU-TEE-NORT-22-EF-P10,Northway Copper Equal Tee 22mm End Feed (Pack of 10),"Northway Copper Equal Tee 22mm End Feed (Pack of 10). WRAS approved copper fitting for hot and cold water and central heating. Imperial equivalent approx 3/4"".",each,10,23.21,CU-TEE
CU-TEE-NORT-22-SR,Northway Copper Equal Tee 22mm Solder Ring,"Northway Copper Equal Tee 22mm Solder Ring. WRAS approved copper fitting for hot and cold water and central heating. Imperial equivalent approx 3/4"".",each,1,2.71,CU-TEE
CU-TEE-NORT-22-SR-P10,Northway Copper Equal Tee 22mm Solder Ring (Pack of 10),"Northway Copper Equal Tee 22mm Solder Ring (Pack of 10). WRAS approved copper fitting for hot and cold water and central heating. Imperial equivalent approx 3/4"".",each,10,23.64,CU-TEE
CU-TEE-NORT-22-COMP,Northway Copper Equal Tee 22mm Compression,"Northway Copper Equal Tee 22mm Compression. WRAS approved copper fitting for hot and cold water and central heating. Imperial equivalent approx 3/4"".",each,1,2.29,CU-TEE
CU-TEE-NORT-22-COMP-P10,Northway Copper Equal Tee 22mm Compression (Pack of 10),"Northway Copper Equal Tee 22mm Compression (Pack of 10). WRAS approved copper fitting for hot and cold water and central heating. Imperial equivalent approx 3/4"".",each,10,24.48,CU-TEE
CU-TEE-NORT-28-EF,Northway Copper Equal Tee 28mm End Feed,"Northway Copper Equal Tee 28mm End Feed. WRAS approved copper fitting for hot and cold water and central heating. Imperial equivalent approx 1"".",each,1,2.84,CU-TEE
CU-TEE-NORT-28-EF-P10,Northway Copper Equal Tee 28mm End Feed (Pack of 10),"Northway Copper Equal Tee 28mm End Feed (Pack of 10). WRAS approved copper fitting for hot and cold water and central heating. Imperial equivalent approx 1"".",each,10,26.19,CU-TEE
CU-TEE-NORT-28-SR,Northway Copper Equal Tee 28mm Solder Ring,"Northway Copper Equal Tee 28mm Solder Ring. WRAS approved copper fitting for hot and cold water and central heating. Imperial equivalent approx 1"".",each,1,2.78,CU-TEE
CU-TEE-NORT-28-SR-P10,Northway Copper Equal Tee 28mm Solder Ring (Pack of 10),"Northway Copper Equal Tee 28mm Solder Ring (Pack of 10). WRAS approved copper fitting for hot and cold water and central heating. Imperial equivalent approx 1"".",each,10,27.26,CU-TEE
CU-TEE-NORT-28-COMP,Northway Copper Equal Tee 28mm Compression,"Northway Copper Equal Tee 28mm Compression. WRAS approved copper fitting for hot and cold water and central heating. Imperial equivalent approx 1"".",each,1,2.66,CU-TEE
CU-TEE-NORT-28-COMP-P10,Northway Copper Equal Tee 28mm Compression (Pack of 10),"Northway Copper Equal Tee 28mm Compression (Pack of 10). WRAS approved copper fitting for hot and cold water and central heating. Imperial equivalent approx 1"".",each,10,27.62,CU-TEE
CU-TEE-NORT-35-EF,Northway Copper Equal Tee 35mm End Feed,"Northway Copper Equal Tee 35mm End Feed. WRAS approved copper fitting for hot and cold water and central heating. Imperial equivalent approx 1 1/4"".",each,1,2.85,CU-TEE
CU-TEE-NORT-35-EF-P10,Northway Copper Equal Tee 35mm End Feed (Pack of 10),"Northway Copper Equal Tee 35mm End Feed (Pack of 10). WRAS approved copper fitting for hot and cold water and central heating. Imperial equivalent approx 1 1/4"".",each,10,31.25,CU-TEE
CU-TEE-NORT-35-SR,Northway Copper Equal Tee 35mm Solder Ring,"Northway Copper Equal Tee 35mm Solder Ring. WRAS approved copper fitting for hot and cold water and central heating. Imperial equivalent approx 1 1/4"".",each,1,2.7,CU-TEE
CU-TEE-NORT-35-SR-P10,Northway Copper Equal Tee 35mm Solder Ring (Pack of 10),"Northway Copper Equal Tee 35mm Solder Ring (Pack of 10). WRAS approved copper fitting for hot and cold water and central heating. Imperial equivalent approx 1 1/4"".",each,10,32.55,CU-TEE
CU-TEE-NORT-35-COMP,Northway Copper Equal Tee 35mm Compression,"Northway Copper Equal Tee 35mm Compression. WRAS approved copper fitting for hot and cold water and central heating. Imperial equivalent approx 1 1/4"".",each,1,3.02,CU-TEE
CU-TEE-NORT-35-COMP-P10,Northway Copper Equal Tee 35mm Compression (Pack of 10),"Northway Copper Equal Tee 35mm Compression (Pack of 10). WRAS approved copper fitting for hot and cold water and central heating. Imperial equivalent approx 1 1/4"".",each,10,31.32,CU-TEE
CU-TEE-NORT-42-EF,Northway Copper Equal Tee 42mm End Feed,"Northway Copper Equal Tee 42mm End Feed. WRAS approved copper fitting for hot and cold water and central heating. Imperial equivalent approx 1 1/2"".",each,1,3.44,CU-TEE
CU-TEE-NORT-42-EF-P10,Northway Copper Equal Tee 42mm End Feed (Pack of 10),"Northway Copper Equal Tee 42mm End Feed (Pack of 10). WRAS approved copper fitting for hot and cold water and central heating. Imperial equivalent approx 1 1/2"".",each,10,33.92,CU-TEE
CU-TEE-NORT-42-SR,Northway Copper Equal Tee 42mm Solder Ring,"Northway Copper Equal Tee 42mm Solder Ring. WRAS approved copper fitting for hot and cold water and central heating. Imperial equivalent approx 1 1/2"".",each,1,3.19,CU-TEE
CU-TEE-NORT-42-SR-P10,Northway Copper Equal Tee 42mm Solder Ring (Pack of 10),"Northway Copper Equal Tee 42mm Solder Ring (Pack of 10). WRAS approved copper fitting for hot and cold water and central heating. Imperial equivalent approx 1 1/2"".",each,10,29.98,CU-TEE
CU-TEE-NORT-42-COMP,Northway Copper Equal Tee 42mm Compression,"Northway Copper Equal Tee 42mm Compression. WRAS approved copper fitting for hot and cold water and central heating. Imperial equivalent approx 1 1/2"".",each,1,3.39,CU-TEE
CU-TEE-NORT-42-COMP-P10,Northway Copper Equal Tee 42mm Compression (Pack of 10),"Northway Copper Equal Tee 42mm Compression (Pack of 10). WRAS approved copper fitting for hot and cold water and central heating. Imperial equivalent approx 1 1/2"".",each,10,31.69,CU-TEE
CU-TEE-NORT-54-EF,Northway Copper Equal Tee 54mm End Feed,"Northway Copper Equal Tee 54mm End Feed. WRAS approved copper fitting for hot and cold water and central heating. Imperial equivalent approx 2"".",each,1,3.62,CU-TEE
CU-TEE-NORT-54-EF-P10,Northway Copper Equal Tee 54mm End Feed (Pack of 10),"Northway Copper Equal Tee 54mm End Feed (Pack of 10). WRAS approved copper fitting for hot and cold water and central heating. Imperial equivalent approx 2"".",each,10,40.22,CU-TEE
CU-TEE-NORT-54-SR,Northway Copper Equal Tee 54mm Solder Ring,"Northway Copper Equal Tee 54mm Solder Ring. WRAS approved copper fitting for hot and cold water and central heating. Imperial equivalent approx 2"".",each,1,3.93,CU-TEE
CU-TEE-NORT-54-SR-P10,Northway Copper Equal Tee 54mm Solder Ring (Pack of 10),"Northway Copper Equal Tee 54mm Solder Ring (Pack of 10). WRAS approved copper fitting for hot and cold water and central heating. Imperial equivalent approx 2"".",each,10,36.1,CU-TEE
CU-TEE-NORT-54-COMP,Northway Copper Equal Tee 54mm Compression,"Northway Copper Equal Tee 54mm Compression. WRAS approved copper fitting for hot and cold water and central heating. Imperial equivalent approx 2"".",each,1,3.62,CU-TEE
CU-TEE-NORT-54-COMP-P10,Northway Copper Equal Tee 54mm Compression (Pack of 10),"Northway Copper Equal Tee 54mm Compression (Pack of 10). WRAS approved copper fitting for hot and cold water and central heating. Imperial equivalent approx 2"".",each,10,36.91,CU-TEE
CU-TEE-PROF-8-EF,ProFlow Copper Equal Tee 8mm End Feed,ProFlow Copper Equal Tee 8mm End Feed. WRAS approved copper fitting for hot and cold water and central heating.,each,1,1.88,CU-TEE
CU-TEE-PROF-8-EF-P10,ProFlow Copper Equal Tee 8mm End Feed (Pack of 10),ProFlow Copper Equal Tee 8mm End Feed (Pack of 10). WRAS approved copper fitting for hot and cold water and central heating.,each,10,18.42,CU-TEE
CU-TEE-PROF-8-SR,ProFlow Copper Equal Tee 8mm Solder Ring,ProFlow Copper Equal Tee 8mm Solder Ring. WRAS approved copper fitting for hot and cold water and central heating.,each,1,1.78,CU-TEE
CU-TEE-PROF-8-SR-P10,ProFlow Copper Equal Tee 8mm Solder Ring (Pack of 10),ProFlow Copper Equal Tee 8mm Solder Ring (Pack of 10). WRAS approved copper fitting for hot and cold water and central heating.,each,10,18.89,CU-TEE
CU-TEE-PROF-8-COMP,ProFlow Copper Equal Tee 8mm Compression,ProFlow Copper Equal Tee 8mm Compression. WRAS approved copper fitting for hot and cold water and central heating.,each,1,2.09,CU-TEE
CU-TEE-PROF-8-COMP-P10,ProFlow Copper Equal Tee 8mm Compression (Pack of 10),ProFlow Copper Equal Tee 8mm Compression (Pack of 10). WRAS approved copper fitting for hot and cold water and central heating.,each,10,19.88,CU-TEE
CU-TEE-PROF-10-EF,ProFlow Copper Equal Tee 10mm End Feed,ProFlow Copper Equal Tee 10mm End Feed. WRAS approved copper fitting for hot and cold water and central heating.,each,1,2.16,CU-TEE
CU-TEE-PROF-10-EF-P10,ProFlow Copper Equal Tee 10mm End Feed (Pack of 10),ProFlow Copper Equal Tee 10mm End Feed (Pack of 10). WRAS approved copper fitting for hot and cold water and central heating.,each,10,20.46,CU-TEE
CU-TEE-PROF-10-SR,ProFlow Copper Equal Tee 10mm Solder Ring,ProFlow Copper Equal Tee 10mm Solder Ring. WRAS approved copper fitting for hot and cold water and central heating.,each,1,1.92,CU-TEE
CU-TEE-PROF-10-SR-P10,ProFlow Copper Equal Tee 10mm Solder Ring (Pack of 10),ProFlow Copper Equal Tee 10mm Solder Ring (Pack of 10). WRAS approved copper fitting for hot and cold water and central heating.,each,10,20.19,CU-TEE
CU-TEE-PROF-10-COMP,ProFlow Copper Equal Tee 10mm Compression,ProFlow Copper Equal Tee 10mm Compression. WRAS approved copper fitting for hot and cold water and central heating.,each,1,1.8,CU-TEE
CU-TEE-PROF-10-COMP-P10,ProFlow Copper Equal Tee 10mm Compression (Pack of 10),ProFlow Copper Equal Tee 10mm Compression (Pack of 10). WRAS approved copper fitting for hot and cold water and central heating.,each,10,19.15,CU-TEE
CU-TEE-PROF-15-EF,ProFlow Copper Equal Tee 15mm End Feed,"ProFlow Copper Equal Tee 15mm End Feed. WRAS approved copper fitting for hot and cold water and central heating. Imperial equivalent approx 1/2"".",each,1,2.17,CU-TEE
CU-TEE-PROF-15-EF-P10,ProFlow Copper Equal Tee 15mm End Feed (Pack of 10),"ProFlow Copper Equal Tee 15mm End Feed (Pack of 10). WRAS approved copper fitting for hot and cold water and central heating. Imperial equivalent approx 1/2"".",each,10,22.35,CU-TEE
CU-TEE-PROF-15-SR,ProFlow Copper Equal Tee 15mm Solder Ring,"ProFlow Copper Equal Tee 15mm Solder Ring. WRAS approved copper fitting for hot and cold water and central heating. Imperial equivalent approx 1/2"".",each,1,2.27,CU-TEE
CU-TEE-PROF-15-SR-P10,ProFlow Copper Equal Tee 15mm Solder Ring (Pack of 10),"ProFlow Copper Equal Tee 15mm Solder Ring (Pack of 10). WRAS approved copper fitting for hot and cold water and central heating. Imperial equivalent approx 1/2"".",each,10,21.85,CU-TEE
CU-TEE-PROF-15-COMP,ProFlow Copper Equal Tee 15mm Compression,"ProFlow Copper Equal Tee 15mm Compression. WRAS approved copper fitting for hot and cold water and central heating. Imperial equivalent approx 1/2"".",each,1,2.17,CU-TEE
CU-TEE-PROF-15-COMP-P10,ProFlow Copper Equal Tee 15mm Compression (Pack of 10),"ProFlow Copper Equal Tee 15mm Compression (Pack of 10). WRAS approved copper fitting for hot and cold water and central heating. Imperial equivalent approx 1/2"".",each,10,20.74,CU-TEE
CU-TEE-PROF-22-EF,ProFlow Copper Equal Tee 22mm End Feed,"ProFlow Copper Equal Tee 22mm End Feed. WRAS approved copper fitting for hot and cold water and central heating. Imperial equivalent approx 3/4"".",each,1,2.47,CU-TEE
CU-TEE-PROF-22-EF-P10,ProFlow Copper Equal Tee 22mm End Feed (Pack of 10),"ProFlow Copper Equal Tee 22mm End Feed (Pack of 10). WRAS approved copper fitting for hot and cold water and central heating. Imperial equivalent approx 3/4"".",each,10,26.79,CU-TEE
CU-TEE-PROF-22-SR,ProFlow Copper Equal Tee 22mm Solder Ring,"ProFlow Copper Equal Tee 22mm Solder Ring. WRAS approved copper fitting for hot and cold water and central heating. Imperial equivalent approx 3/4"".",each,1,2.63,CU-TEE
CU-TEE-PROF-22-SR-P10,ProFlow Copper Equal Tee 22mm Solder Ring (Pack of 10),"ProFlow Copper Equal Tee 22mm Solder Ring (Pack of 10). WRAS approved copper fitting for hot and cold water and central heating. Imperial equivalent approx 3/4"".",each,10,23.16,CU-TEE
CU-TEE-PROF-22-COMP,ProFlow Copper Equal Tee 22mm Compression,"ProFlow Copper Equal Tee 22mm Compression. WRAS approved copper fitting for hot and cold water and central heating. Imperial equivalent approx 3/4"".",each,1,2.27,CU-TEE
CU-TEE-PROF-22-COMP-P10,ProFlow Copper Equal Tee 22mm Compression (Pack of 10),"ProFlow Copper Equal Tee 22mm Compression (Pack of 10). WRAS approved copper fitting for hot and cold water and central heating. Imperial equivalent approx 3/4"".",each,10,24.88,CU-TEE
CU-TEE-PROF-28-EF,ProFlow Copper Equal Tee 28mm End Feed,"ProFlow Copper Equal Tee 28mm End Feed. WRAS approved copper fitting for hot and cold water and central heating. Imperial equivalent approx 1"".",each,1,2.79,CU-TEE
CU-TEE-PROF-28-EF-P10,ProFlow Copper Equal Tee 28mm End Feed (Pack of 10),"ProFlow Copper Equal Tee 28mm End Feed (Pack of 10). WRAS approved copper fitting for hot and cold water and central heating. Imperial equivalent approx 1"".",each,10,26.3,CU-TEE
CU-TEE-PROF-28-SR,ProFlow Copper Equal Tee 28mm Solder Ring,"ProFlow Copper Equal Tee 28mm Solder Ring. WRAS approved copper fitting for hot and cold water and central heating. Imperial equivalent approx 1"".",each,1,2.89,CU-TEE
CU-TEE-PROF-28-SR-P10,ProFlow Copper Equal Tee 28mm Solder Ring (Pack of 10),"ProFlow Copper Equal Tee 28mm Solder Ring (Pack of 10). WRAS approved copper fitting for hot and cold water and central heating. Imperial equivalent approx 1"".",each,10,28.57,CU-TEE
CU-TEE-PROF-28-COMP,ProFlow Copper Equal Tee 28mm Compression,"ProFlow Copper Equal Tee 28mm Compression. WRAS approved copper fitting for hot and cold water and central heating. Imperial equivalent approx 1"".",each,1,2.81,CU-TEE
CU-TEE-PROF-28-COMP-P10,ProFlow Copper Equal Tee 28mm Compression (Pack of 10),"ProFlow Copper Equal Tee 28mm Compression (Pack of 10). WRAS approved copper fitting for hot and cold water and central heating. Imperial equivalent approx 1"".",each,10,25.7,CU-TEE
CU-TEE-PROF-35-EF,ProFlow Copper Equal Tee 35mm End Feed,"ProFlow Copper Equal Tee 35mm End Feed. WRAS approved copper fitting for hot and cold water and central heating. Imperial equivalent approx 1 1/4"".",each,1,2.82,CU-TEE
CU-TEE-PROF-35-EF-P10,ProFlow Copper Equal Tee 35mm End Feed (Pack of 10),"ProFlow Copper Equal Tee 35mm End Feed (Pack of 10). WRAS approved copper fitting for hot and cold water and central heating. Imperial equivalent approx 1 1/4"".",each,10,27.15,CU-TEE
CU-TEE-PROF-35-SR,ProFlow Copper Equal Tee 35mm Solder Ring,"ProFlow Copper Equal Tee 35mm Solder Ring. WRAS approved copper fitting for hot and cold water and central heating. Imperial equivalent approx 1 1/4"".",each,1,2.85,CU-TEE
CU-TEE-PROF-35-SR-P10,ProFlow Copper Equal Tee 35mm Solder Ring (Pack of 10),"ProFlow Copper Equal Tee 35mm Solder Ring (Pack of 10). WRAS approved copper fitting for hot and cold water and central heating. Imperial equivalent approx 1 1/4"".",each,10,29.85,CU-TEE
CU-TEE-PROF-35-COMP,ProFlow Copper Equal Tee 35mm Compression,"ProFlow Copper Equal Tee 35mm Compression. WRAS approved copper fitting for hot and cold water and central heating. Imperial equivalent approx 1 1/4"".",each,1,3.21,CU-TEE
CU-TEE-PROF-35-COMP-P10,ProFlow Copper Equal Tee 35mm Compression (Pack of 10),"ProFlow Copper Equal Tee 35mm Compression (Pack of 10). WRAS approved copper fitting for hot and cold water and central heating. Imperial equivalent approx 1 1/4"".",each,10,27.44,CU-TEE
CU-TEE-PROF-42-EF,ProFlow Copper Equal Tee 42mm End Feed,"ProFlow Copper Equal Tee 42mm End Feed. WRAS approved copper fitting for hot and cold water and central heating. Imperial equivalent approx 1 1/2"".",each,1,3.22,CU-TEE
CU-TEE-PROF-42-EF-P10,ProFlow Copper Equal Tee 42mm End Feed (Pack of 10),"ProFlow Copper Equal Tee 42mm End Feed (Pack of 10). WRAS approved copper fitting for hot and cold water and central heating. Imperial equivalent approx 1 1/2"".",each,10,33.65,CU-TEE
CU-TEE-PROF-42-SR,ProFlow Copper Equal Tee 42mm Solder Ring,"ProFlow Copper Equal Tee 42mm Solder Ring. WRAS approved copper fitting for hot and cold water and central heating. Imperial equivalent approx 1 1/2"".",each,1,3.08,CU-TEE
CU-TEE-PROF-42-SR-P10,ProFlow Copper Equal Tee 42mm Solder Ring (Pack of 10),"ProFlow Copper Equal Tee 42mm Solder Ring (Pack of 10). WRAS approved copper fitting for hot and cold water and central heating. Imperial equivalent approx 1 1/2"".",each,10,34.09,CU-TEE
CU-TEE-PROF-42-COMP,ProFlow Copper Equal Tee 42mm Compression,"ProFlow Copper Equal Tee 42mm Compression. WRAS approved copper fitting for hot and cold water and central heating. Imperial equivalent approx 1 1/2"".",each,1,3.28,CU-TEE
CU-TEE-PROF-42-COMP-P10,ProFlow Copper Equal Tee 42mm Compression (Pack of 10),"ProFlow Copper Equal Tee 42mm Compression (Pack of 10). WRAS approved copper fitting for hot and cold water and central heating. Imperial equivalent approx 1 1/2"".",each,10,31.12,CU-TEE
CU-TEE-PROF-54-EF,ProFlow Copper Equal Tee 54mm End Feed,"ProFlow Copper Equal Tee 54mm End Feed. WRAS approved copper fitting for hot and cold water and central heating. Imperial equivalent approx 2"".",each,1,3.88,CU-TEE
CU-TEE-PROF-54-EF-P10,ProFlow Copper Equal Tee 54mm End Feed (Pack of 10),"ProFlow Copper Equal Tee 54mm End Feed (Pack of 10). WRAS approved copper fitting for hot and cold water and central heating. Imperial equivalent approx 2"".",each,10,33.88,CU-TEE
CU-TEE-PROF-54-SR,ProFlow Copper Equal Tee 54mm Solder Ring,"ProFlow Copper Equal Tee 54mm Solder Ring. WRAS approved copper fitting for hot and cold water and central heating. Imperial equivalent approx 2"".",each,1,3.95,CU-TEE
CU-TEE-PROF-54-SR-P10,ProFlow Copper Equal Tee 54mm Solder Ring (Pack of 10),"ProFlow Copper Equal Tee 54mm Solder Ring (Pack of 10). WRAS approved copper fitting for hot and cold water and central heating. Imperial equivalent approx 2"".",each,10,39.63,CU-TEE
CU-TEE-PROF-54-COMP,ProFlow Copper Equal Tee 54mm Compression,"ProFlow Copper Equal Tee 54mm Compression. WRAS approved copper fitting for hot and cold water and central heating. Imperial equivalent approx 2"".",each,1,3.46,CU-TEE
CU-TEE-PROF-54-COMP-P10,ProFlow Copper Equal Tee 54mm Compression (Pack of 10),"ProFlow Copper Equal Tee 54mm Compression (Pack of 10). WRAS approved copper fitting for hot and cold water and central heating. Imperial equivalent approx 2"".",each,10,37.04,CU-TEE
CU-CPL-KEST-8-EF,Kestrel Copper Straight Coupler 8mm End Feed,Kestrel Copper Straight Coupler 8mm End Feed. WRAS approved copper fitting for hot and cold water and central heating.,each,1,0.9,CU-CPL
CU-CPL-KEST-8-EF-P10,Kestrel Copper Straight Coupler 8mm End Feed (Pack of 10),Kestrel Copper Straight Coupler 8mm End Feed (Pack of 10). WRAS approved copper fitting for hot and cold water and central heating.,each,10,10.48,CU-CPL
CU-CPL-KEST-8-SR,Kestrel Copper Straight Coupler 8mm Solder Ring,Kestrel Copper Straight Coupler 8mm Solder Ring. WRAS approved copper fitting for hot and cold water and central heating.,each,1,0.96,CU-CPL
CU-CPL-KEST-8-SR-P10,Kestrel Copper Straight Coupler 8mm Solder Ring (Pack of 10),Kestrel Copper Straight Coupler 8mm Solder Ring (Pack of 10). WRAS approved copper fitting for hot and cold water and central heating.,each,10,8.74,CU-CPL
CU-CPL-KEST-8-COMP,Kestrel Copper Straight Coupler 8mm Compression,Kestrel Copper Straight Coupler 8mm Compression. WRAS approved copper fitting for hot and cold water and central heating.,each,1,0.91,CU-CPL
CU-CPL-KEST-8-COMP-P10,Kestrel Copper Straight Coupler 8mm Compression (Pack of 10),Kestrel Copper Straight Coupler 8mm Compression (Pack of 10). WRAS approved copper fitting for hot and cold water and central heating.,each,10,10.27,CU-CPL
CU-CPL-KEST-10-EF,Kestrel Copper Straight Coupler 10mm End Feed,Kestrel Copper Straight Coupler 10mm End Feed. WRAS approved copper fitting for hot and cold water and central heating.,each,1,0.99,CU-CPL
CU-CPL-KEST-10-EF-P10,Kestrel Copper Straight Coupler 10mm End Feed (Pack of 10),Kestrel Copper Straight Coupler 10mm End Feed (Pack of 10). WRAS approved copper fitting for hot and cold water and central heating.,each,10,10.6,CU-CPL
CU-CPL-KEST-10-SR,Kestrel Copper Straight Coupler 10mm Solder Ring,Kestrel Copper Straight Coupler 10mm Solder Ring. WRAS approved copper fitting for hot and cold water and central heating.,each,1,1.03,CU-CPL
CU-CPL-KEST-10-SR-P10,Kestrel Copper Straight Coupler 10mm Solder Ring (Pack of 10),Kestrel Copper Straight Coupler 10mm Solder Ring (Pack of 10). WRAS approved copper fitting for hot and cold water and central heating.,each,10,10.98,CU-CPL
CU-CPL-KEST-10-COMP,Kestrel Copper Straight Coupler 10mm Compression,Kestrel Copper Straight Coupler 10mm Compression. WRAS approved copper fitting for hot and cold water and central heating.,each,1,1.02,CU-CPL
CU-CPL-KEST-10-COMP-P10,Kestrel Copper Straight Coupler 10mm Compression (Pack of 10),Kestrel Copper Straight Coupler 10mm Compression (Pack of 10). WRAS approved copper fitting for hot and cold water and central heating.,each,10,10.9,CU-CPL
CU-CPL-KEST-15-EF,Kestrel Copper Straight Coupler 15mm End Feed,"Kestrel Copper Straight Coupler 15mm End Feed. WRAS approved copper fitting for hot and cold water and central heating. Imperial equivalent approx 1/2"".",each,1,1.19,CU-CPL
CU-CPL-KEST-15-EF-P10,Kestrel Copper Straight Coupler 15mm End Feed (Pack of 10),"Kestrel Copper Straight Coupler 15mm End Feed (Pack of 10). WRAS approved copper fitting for hot and cold water and central heating. Imperial equivalent approx 1/2"".",each,10,11.25,CU-CPL
CU-CPL-KEST-15-SR,Kestrel Copper Straight Coupler 15mm Solder Ring,"Kestrel Copper Straight Coupler 15mm Solder Ring. WRAS approved copper fitting for hot and cold water and central heating. Imperial equivalent approx 1/2"".",each,1,1.15,CU-CPL
CU-CPL-KEST-15-SR-P10,Kestrel Copper Straight Coupler 15mm Solder Ring (Pack of 10),"Kestrel Copper Straight Coupler 15mm Solder Ring (Pack of 10). WRAS approved copper fitting for hot and cold water and central heating. Imperial equivalent approx 1/2"".",each,10,11.01,CU-CPL
CU-CPL-KEST-15-COMP,Kestrel Copper Straight Coupler 15mm Compression,"Kestrel Copper Straight Coupler 15mm Compression. WRAS approved copper fitting for hot and cold water and central heating. Imperial equivalent approx 1/2"".",each,1,1.17,CU-CPL
CU-CPL-KEST-15-COMP-P10,Kestrel Copper Straight Coupler 15mm Compression (Pack of 10),"Kestrel Copper Straight Coupler 15mm Compression (Pack of 10). WRAS approved copper fitting for hot and cold water and central heating. Imperial equivalent approx 1/2"".",each,10,11.11,CU-CPL
CU-CPL-KEST-22-EF,Kestrel Copper Straight Coupler 22mm End Feed,"Kestrel Copper Straight Coupler 22mm End Feed. WRAS approved copper fitting for hot and cold water and central heating. Imperial equivalent approx 3/4"".",each,1,1.34,CU-CPL
CU-CPL-KEST-22-EF-P10,Kestrel Copper Straight Coupler 22mm End Feed (Pack of 10),"Kestrel Copper Straight Coupler 22mm End Feed (Pack of 10). WRAS approved copper fitting for hot and cold water and central heating. Imperial equivalent approx 3/4"".",each,10,13.0,CU-CPL
CU-CPL-KEST-22-SR,Kestrel Copper Straight Coupler 22mm Solder Ring,"Kestrel Copper Straight Coupler 22mm Solder Ring. WRAS approved copper fitting for hot and cold water and central heating. Imperial equivalent approx 3/4"".",each,1,1.23,CU-CPL
CU-CPL-KEST-22-SR-P10,Kestrel Copper Straight Coupler 22mm Solder Ring (Pack of 10),"Kestrel Copper Straight Coupler 22mm Solder Ring (Pack of 10). WRAS approved copper fitting for hot and cold water and central heating. Imperial equivalent approx 3/4"".",each,10,11.8,CU-CPL
CU-CPL-KEST-22-COMP,Kestrel Copper Straight Coupler 22mm Compression,"Kestrel Copper Straight Coupler 22mm Compression. WRAS approved copper fitting for hot and cold water and central heating. Imperial equivalent approx 3/4"".",each,1,1.18,CU-CPL
CU-CPL-KEST-22-COMP-P10,Kestrel Copper Straight Coupler 22mm Compression (Pack of 10),"Kestrel Copper Straight Coupler 22mm Compression (Pack of 10). WRAS approved copper fitting for hot and cold water and central heating. Imperial equivalent approx 3/4"".",each,10,12.74,CU-CPL
CU-CPL-KEST-28-EF,Kestrel Copper Straight Coupler 28mm End Feed,"Kestrel Copper Straight Coupler 28mm End Feed. WRAS approved copper fitting for hot and cold water and central heating. Imperial equivalent approx 1"".",each,1,1.43,CU-CPL
CU-CPL-KEST-28-EF-P10,Kestrel Copper Straight Coupler 28mm End Feed (Pack of 10),"Kestrel Copper Straight Coupler 28mm End Feed (Pack of 10). WRAS approved copper fitting for hot and cold water and central heating. Imperial equivalent approx 1"".",each,10,13.66,CU-CPL
CU-CPL-KEST-28-SR,Kestrel Copper Straight Coupler 28mm Solder Ring,"Kestrel Copper Straight Coupler 28mm Solder Ring. WRAS approved copper fitting for hot and cold water and central heating. Imperial equivalent approx 1"".",each,1,1.39,CU-CPL
CU-CPL-KEST-28-SR-P10,Kestrel Copper Straight Coupler 28mm Solder Ring (Pack of 10),"Kestrel Copper Straight Coupler 28mm Solder Ring (Pack of 10). WRAS approved copper fitting for hot and cold water and central heating. Imperial equivalent approx 1"".",each,10,12.99,CU-CPL
CU-CPL-KEST-28-COMP,Kestrel Copper Straight Coupler 28mm Compression,"Kestrel Copper Straight Coupler 28mm Compression. WRAS approved copper fitting for hot and cold water and central heating. Imperial equivalent approx 1"".",each,1,1.25,CU-CPL
CU-CPL-KEST-28-COMP-P10,Kestrel Copper Straight Coupler 28mm Compression (Pack of 10),"Kestrel Copper Straight Coupler 28mm Compression (Pack of 10). WRAS approved copper fitting for hot and cold water and central heating. Imperial equivalent approx 1"".",each,10,13.02,CU-CPL
CU-CPL-KEST-35-EF,Kestrel Copper Straight Coupler 35mm End Feed,"Kestrel Copper Straight Coupler 35mm End Feed. WRAS approved copper fitting for hot and cold water and central heating. Imperial equivalent approx 1 1/4"".",each,1,1.43,CU-CPL
CU-CPL-KEST-35-EF-P10,Kestrel Copper Straight Coupler 35mm End Feed (Pack of 10),"Kestrel Copper Straight Coupler 35mm End Feed (Pack of 10). WRAS approved copper fitting for hot and cold water and central heating. Imperial equivalent approx 1 1/4"".",each,10,14.46,CU-CPL
CU-CPL-KEST-35-SR,Kestrel Copper Straight Coupler 35mm Solder Ring,"Kestrel Copper Straight Coupler 35mm Solder Ring. WRAS approved copper fitting for hot and cold water and central heating. Imperial equivalent approx 1 1/4"".",each,1,1.51,CU-CPL
CU-CPL-KEST-35-SR-P10,Kestrel Copper Straight Coupler 35mm Solder Ring (Pack of 10),"Kestrel Copper Straight Coupler 35mm Solder Ring (Pack of 10). WRAS approved copper fitting for hot and cold water and central heating. Imperial equivalent approx 1 1/4"".",each,10,13.92,CU-CPL
CU-CPL-KEST-35-COMP,Kestrel Copper Straight Coupler 35mm Compression,"Kestrel Copper Straight Coupler 35mm Compression. WRAS approved copper fitting for hot and cold water and central heating. Imperial equivalent approx 1 1/4"".",each,1,1.42,CU-CPL
CU-CPL-KEST-35-COMP-P10,Kestrel Copper Straight Coupler 35mm Compression (Pack of 10),"Kestrel Copper Straight Coupler 35mm Compression (Pack of 10). WRAS approved copper fitting for hot and cold water and central heating. Imperial equivalent approx 1 1/4"".",each,10,15.58,CU-CPL
CU-CPL-KEST-42-EF,Kestrel Copper Straight Coupler 42mm End Feed,"Kestrel Copper Straight Coupler 42mm End Feed. WRAS approved copper fitting for hot and cold water and central heating. Imperial equivalent approx 1 1/2"".",each,1,1.71,CU-CPL
CU-CPL-KEST-42-EF-P10,Kestrel Copper Straight Coupler 42mm End Feed (Pack of 10),"Kestrel Copper Straight Coupler 42mm End Feed (Pack of 10). WRAS approved copper fitting for hot and cold water and central heating. Imperial equivalent approx 1 1/2"".",each,10,14.97,CU-CPL
CU-CPL-KEST-42-SR,Kestrel Copper Straight Coupler 42mm Solder Ring,"Kestrel Copper Straight Coupler 42mm Solder Ring. WRAS approved copper fitting for hot and cold water and central heating. Imperial equivalent approx 1 1/2"".",each,1,1.61,CU-CPL
CU-CPL-KEST-42-SR-P10,Kestrel Copper Straight Coupler 42mm Solder Ring (Pack of 10),"Kestrel Copper Straight Coupler 42mm Solder Ring (Pack of 10). WRAS approved copper fitting for hot and cold water and central heating. Imperial equivalent approx 1 1/2"".",each,10,16.54,CU-CPL
CU-CPL-KEST-42-COMP,Kestrel Copper Straight Coupler 42mm Compression,"Kestrel Copper Straight Coupler 42mm Compression. WRAS approved copper fitting for hot and cold water and central heating. Imperial equivalent approx 1 1/2"".",each,1,1.61,CU-CPL
CU-CPL-KEST-42-COMP-P10,Kestrel Copper Straight Coupler 42mm Compression (Pack of 10),"Kestrel Copper Straight Coupler 42mm Compression (Pack of 10). WRAS approved copper fitting for hot and cold water and central heating. Imperial equivalent approx 1 1/2"".",each,10,15.44,CU-CPL
CU-CPL-KEST-54-EF,Kestrel Copper Straight Coupler 54mm End Feed,"Kestrel Copper Straight Coupler 54mm End Feed. WRAS approved copper fitting for hot and cold water and central heating. Imperial equivalent approx 2"".",each,1,1.85,CU-CPL
CU-CPL-KEST-54-EF-P10,Kestrel Copper Straight Coupler 54mm End Feed (Pack of 10),"Kestrel Copper Straight Coupler 54mm End Feed (Pack of 10). WRAS approved copper fitting for hot and cold water and central heating. Imperial equivalent approx 2"".",each,10,20.32,CU-CPL
CU-CPL-KEST-54-SR,Kestrel Copper Straight Coupler 54mm Solder Ring,"Kestrel Copper Straight Coupler 54mm Solder Ring. WRAS approved copper fitting for hot and cold water and central heating. Imperial equivalent approx 2"".",each,1,1.91,CU-CPL
CU-CPL-KEST-54-SR-P10,Kestrel Copper Straight Coupler 54mm Solder Ring (Pack of 10),"Kestrel Copper Straight Coupler 54mm Solder Ring (Pack of 10). WRAS approved copper fitting for hot and cold water and central heating. Imperial equivalent approx 2"".",each,10,19.54,CU-CPL
CU-CPL-KEST-54-COMP,Kestrel Copper Straight Coupler 54mm Compression,"Kestrel Copper Straight Coupler 54mm Compression. WRAS approved copper fitting for hot and cold water and central heating. Imperial equivalent approx 2"".",each,1,2.01,CU-CPL
CU-CPL-KEST-54-COMP-P10,Kestrel Copper Straight Coupler 54mm Compression (Pack of 10),"Kestrel Copper Straight Coupler 54mm Compression (Pack of 10). WRAS approved copper fitting for hot and cold water and central heating. Imperial equivalent approx 2"".",each,10,19.8,CU-CPL
CU-CPL-NORT-8-EF,Northway Copper Straight Coupler 8mm End Feed,Northway Copper Straight Coupler 8mm End Feed. WRAS approved copper fitting for hot and cold water and central heating.,each,1,0.94,CU-CPL
CU-CPL-NORT-8-EF-P10,Northway Copper Straight Coupler 8mm End Feed (Pack of 10),Northway Copper Straight Coupler 8mm End Feed (Pack of 10). WRAS approved copper fitting for hot and cold water and central heating.,each,10,8.65,CU-CPL
CU-CPL-NORT-8-SR,Northway Copper Straight Coupler 8mm Solder Ring,Northway Copper Straight Coupler 8mm Solder Ring. WRAS approved copper fitting for hot and cold water and central heating.,each,1,0.93,CU-CPL
CU-CPL-NORT-8-SR-P10,Northway Copper Straight Coupler 8mm Solder Ring (Pack of 10),Northway Copper Straight Coupler 8mm Solder Ring (Pack of 10). WRAS approved copper fitting for hot and cold water and central heating.,each,10,10.09,CU-CPL
CU-CPL-NORT-8-COMP,Northway Copper Straight Coupler 8mm Compression,Northway Copper Straight Coupler 8mm Compression. WRAS approved copper fitting for hot and cold water and central heating.,each,1,1.03,CU-CPL
CU-CPL-NORT-8-COMP-P10,Northway Copper Straight Coupler 8mm Compression (Pack of 10),Northway Copper Straight Coupler 8mm Compression (Pack of 10). WRAS approved copper fitting for hot and cold water and central heating.,each,10,10.47,CU-CPL
CU-CPL-NORT-10-EF,Northway Copper Straight Coupler 10mm End Feed,Northway Copper Straight Coupler 10mm End Feed. WRAS approved copper fitting for hot and cold water and central heating.,each,1,0.98,CU-CPL
CU-CPL-NORT-10-EF-P10,Northway Copper Straight Coupler 10mm End Feed (Pack of 10),Northway Copper Straight Coupler 10mm End Feed (Pack of 10). WRAS approved copper fitting for hot and cold water and central heating.,each,10,10.5,CU-CPL
CU-CPL-NORT-10-SR,Northway Copper Straight Coupler 10mm Solder Ring,Northway Copper Straight Coupler 10mm Solder Ring. WRAS approved copper fitting for hot and cold water and central heating.,each,1,1.01,CU-CPL
CU-CPL-NORT-10-SR-P10,Northway Copper Straight Coupler 10mm Solder Ring (Pack of 10),Northway Copper Straight Coupler 10mm Solder Ring (Pack of 10). WRAS approved copper fitting for hot and cold water and central heating.,each,10,10.21,CU-CPL
CU-CPL-NORT-10-COMP,Northway Copper Straight Coupler 10mm Compression,Northway Copper Straight Coupler 10mm Compression. WRAS approved copper fitting for hot and cold water and central heating.,each,1,0.94,CU-CPL
CU-CPL-NORT-10-COMP-P10,Northway Copper Straight Coupler 10mm Compression (Pack of 10),Northway Copper Straight Coupler 10mm Compression (Pack of 10). WRAS approved copper fitting for hot and cold water and central heating.,each,10,9.44,CU-CPL
CU-CPL-NORT-15-EF,Northway Copper Straight Coupler 15mm End Feed,"Northway Copper Straight Coupler 15mm End Feed. WRAS approved copper fitting for hot and cold water and central heating. Imperial equivalent approx 1/2"".",each,1,1.09,CU-CPL
CU-CPL-NORT-15-EF-P10,Northway Copper Straight Coupler 15mm End Feed (Pack of 10),"Northway Copper Straight Coupler 15mm End Feed (Pack of 10). WRAS approved copper fitting for hot and cold water and central heating. Imperial equivalent approx 1/2"".",each,10,9.96,CU-CPL
CU-CPL-NORT-15-SR,Northway Copper Straight Coupler 15mm Solder Ring,"Northway Copper Straight Coupler 15mm Solder Ring. WRAS approved copper fitting for hot and cold water and central heating. Imperial equivalent approx 1/2"".",each,1,1.06,CU-CPL
CU-CPL-NORT-15-SR-P10,Northway Copper Straight Coupler 15mm Solder Ring (Pack of 10),"Northway Copper Straight Coupler 15mm Solder Ring (Pack of 10). WRAS approved copper fitting for hot and cold water and central heating. Imperial equivalent approx 1/2"".",each,10,11.39,CU-CPL
CU-CPL-NORT-15-COMP,Northway Copper Straight Coupler 15mm Compression,"Northway Copper Straight Coupler 15mm Compression. WRAS approved copper fitting for hot and cold water and central heating. Imperial equivalent approx 1/2"".",each,1,1.08,CU-CPL
CU-CPL-NORT-15-COMP-P10,Northway Copper Straight Coupler 15mm Compression (Pack of 10),"Northway Copper Straight Coupler 15mm Compression (Pack of 10). WRAS approved copper fitting for hot and cold water and central heating. Imperial equivalent approx 1/2"".",each,10,10.26,CU-CPL
CU-CPL-NORT-22-EF,Northway Copper Straight Coupler 22mm End Feed,"Northway Copper Straight Coupler 22mm End Feed. WRAS approved copper fitting for hot and cold water and central heating. Imperial equivalent approx 3/4"".",each,1,1.23,CU-CPL
CU-CPL-NORT-22-EF-P10,Northway Copper Straight Coupler 22mm End Feed (Pack of 10),"Northway Copper Straight Coupler 22mm End Feed (Pack of 10). WRAS approved copper fitting for hot and cold water and central heating. Imperial equivalent approx 3/4"".",each,10,11.48,CU-CPL
CU-CPL-NORT-22-SR,Northway Copper Straight Coupler 22mm Solder Ring,"Northway Copper Straight Coupler 22mm Solder Ring. WRAS approved copper fitting for hot and cold water and central heating. Imperial equivalent approx 3/4"".",each,1,1.27,CU-CPL
CU-CPL-NORT-22-SR-P10,Northway Copper Straight Coupler 22mm Solder Ring (Pack of 10),"Northway Copper Straight Coupler 22mm Solder Ring (Pack of 10). WRAS approved copper fitting for hot and cold water and central heating. Imperial equivalent approx 3/4"".",each,10,11.23,CU-CPL
CU-CPL-NORT-22-COMP,Northway Copper Straight Coupler 22mm Compression,"Northway Copper Straight Coupler 22mm Compression. WRAS approved copper fitting for hot and cold water and central heating. Imperial equivalent approx 3/4"".",each,1,1.21,CU-CPL
CU-CPL-NORT-22-COMP-P10,Northway Copper Straight Coupler 22mm Compression (Pack of 10),"Northway Copper Straight Coupler 22mm Compression (Pack of 10). WRAS approved copper fitting for hot and cold water and central heating. Imperial equivalent approx 3/4"".",each,10,12.56,CU-CPL
CU-CPL-NORT-28-EF,Northway Copper Straight Coupler 28mm End Feed,"Northway Copper Straight Coupler 28mm End Feed. WRAS approved copper fitting for hot and cold water and central heating. Imperial equivalent approx 1"".",each,1,1.23,CU-CPL
CU-CPL-NORT-28-EF-P10,Northway Copper Straight Coupler 28mm End Feed (Pack of 10),"Northway Copper Straight Coupler 28mm End Feed (Pack of 10). WRAS approved copper fitting for hot and cold water and central heating. Imperial equivalent approx 1"".",each,10,13.99,CU-CPL
CU-CPL-NORT-28-SR,Northway Copper Straight Coupler 28mm Solder Ring,"Northway Copper Straight Coupler 28mm Solder Ring. WRAS approved copper fitting for hot and cold water and central heating. Imperial equivalent approx 1"".",each,1,1.26,CU-CPL
CU-CPL-NORT-28-SR-P10,Northway Copper Straight Coupler 28mm Solder Ring (Pack of 10),"Northway Copper Straight Coupler 28mm Solder Ring (Pack of 10). WRAS approved copper fitting for hot and cold water and central heating. Imperial equivalent approx 1"".",each,10,13.5,CU-CPL
CU-CPL-NORT-28-COMP,Northway Copper Straight Coupler 28mm Compression,"Northway Copper Straight Coupler 28mm Compression. WRAS approved copper fitting for hot and cold water and central heating. Imperial equivalent approx 1"".",each,1,1.24,CU-CPL
CU-CPL-NORT-28-COMP-P10,Northway Copper Straight Coupler 28mm Compression (Pack of 10),"Northway Copper Straight Coupler 28mm Compression (Pack of 10). WRAS approved copper fitting for hot and cold water and central heating. Imperial equivalent approx 1"".",each,10,13.27,CU-CPL
CU-CPL-NORT-35-EF,Northway Copper Straight Coupler 35mm End Feed,"Northway Copper Straight Coupler 35mm End Feed. WRAS approved copper fitting for hot and cold water and central heating. Imperial equivalent approx 1 1/4"".",each,1,1.41,CU-CPL
CU-CPL-NORT-35-EF-P10,Northway Copper Straight Coupler 35mm End Feed (Pack of 10),"Northway Copper Straight Coupler 35mm End Feed (Pack of 10). WRAS approved copper fitting for hot and cold water and central heating. Imperial equivalent approx 1 1/4"".",each,10,14.48,CU-CPL
CU-CPL-NORT-35-SR,Northway Copper Straight Coupler 35mm Solder Ring,"Northway Copper Straight Coupler 35mm Solder Ring. WRAS approved copper fitting for hot and cold water and central heating. Imperial equivalent approx 1 1/4"".",each,1,1.58,CU-CPL
CU-CPL-NORT-35-SR-P10,Northway Copper Straight Coupler 35mm Solder Ring (Pack of 10),"Northway Copper Straight Coupler 35mm Solder Ring (Pack of 10). WRAS approved copper fitting for hot and cold water and central heating. Imperial equivalent approx 1 1/4"".",each,10,14.64,CU-CPL
CU-CPL-NORT-35-COMP,Northway Copper Straight Coupler 35mm Compression,"Northway Copper Straight Coupler 35mm Compression. WRAS approved copper fitting for hot and cold water and central heating. Imperial equivalent approx 1 1/4"".",each,1,1.58,CU-CPL
CU-CPL-NORT-35-COMP-P10,Northway Copper Straight Coupler 35mm Compression (Pack of 10),"Northway Copper Straight Coupler 35mm Compression (Pack of 10). WRAS approved copper fitting for hot and cold water and central heating. Imperial equivalent approx 1 1/4"".",each,10,16.0,CU-CPL
CU-CPL-NORT-42-EF,Northway Copper Straight Coupler 42mm End Feed,"Northway Copper Straight Coupler 42mm End Feed. WRAS approved copper fitting for hot and cold water and central heating. Imperial equivalent approx 1 1/2"".",each,1,1.56,CU-CPL
CU-CPL-NORT-42-EF-P10,Northway Copper Straight Coupler 42mm End Feed (Pack of 10),"Northway Copper Straight Coupler 42mm End Feed (Pack of 10). WRAS approved copper fitting for hot and cold water and central heating. Imperial equivalent approx 1 1/2"".",each,10,15.03,CU-CPL
CU-CPL-NORT-42-SR,Northway Copper Straight Coupler 42mm Solder Ring,"Northway Copper Straight Coupler 42mm Solder Ring. WRAS approved copper fitting for hot and cold water and central heating. Imperial equivalent approx 1 1/2"".",each,1,1.48,CU-CPL
CU-CPL-NORT-42-SR-P10,Northway Copper Straight Coupler 42mm Solder Ring (Pack of 10),"Northway Copper Straight Coupler 42mm Solder Ring (Pack of 10). WRAS approved copper fitting for hot and cold water and central heating. Imperial equivalent approx 1 1/2"".",each,10,16.53,CU-CPL
CU-CPL-NORT-42-COMP,Northway Copper Straight Coupler 42mm Compression,"Northway Copper Straight Coupler 42mm Compression. WRAS approved copper fitting for hot and cold water and central heating. Imperial equivalent approx 1 1/2"".",each,1,1.8,CU-CPL
CU-CPL-NORT-42-COMP-P10,Northway Copper Straight Coupler 42mm Compression (Pack of 10),"Northway Copper Straight Coupler 42mm Compression (Pack of 10). WRAS approved copper fitting for hot and cold water and central heating. Imperial equivalent approx 1 1/2"".",each,10,15.91,CU-CPL
CU-CPL-NORT-54-EF,Northway Copper Straight Coupler 54mm End Feed,"Northway Copper Straight Coupler 54mm End Feed. WRAS approved copper fitting for hot and cold water and central heating. Imperial equivalent approx 2"".",each,1,1.94,CU-CPL
CU-CPL-NORT-54-EF-P10,Northway Copper Straight Coupler 54mm End Feed (Pack of 10),"Northway Copper Straight Coupler 54mm End Feed (Pack of 10). WRAS approved copper fitting for hot and cold water and central heating. Imperial equivalent approx 2"".",each,10,19.86,CU-CPL
CU-CPL-NORT-54-SR,Northway Copper Straight Coupler 54mm Solder Ring,"Northway Copper Straight Coupler 54mm Solder Ring. WRAS approved copper fitting for hot and cold water and central heating. Imperial equivalent approx 2"".",each,1,1.94,CU-CPL
CU-CPL-NORT-54-SR-P10,Northway Copper Straight Coupler 54mm Solder Ring (Pack of 10),"Northway Copper Straight Coupler 54mm Solder Ring (Pack of 10). WRAS approved copper fitting for hot and cold water and central heating. Imperial equivalent approx 2"".",each,10,19.76,CU-CPL
CU-CPL-NORT-54-COMP,Northway Copper Straight Coupler 54mm Compression,"Northway Copper Straight Coupler 54mm Compression. WRAS approved copper fitting for hot and cold water and central heating. Imperial equivalent approx 2"".",each,1,2.05,CU-CPL
CU-CPL-NORT-54-COMP-P10,Northway Copper Straight Coupler 54mm Compression (Pack of 10),"Northway Copper Straight Coupler 54mm Compression (Pack of 10). WRAS approved copper fitting for hot and cold water and central heating. Imperial equivalent approx 2"".",each,10,17.67,CU-CPL
CU-CPL-PROF-8-EF,ProFlow Copper Straight Coupler 8mm End Feed,ProFlow Copper Straight Coupler 8mm End Feed. WRAS approved copper fitting for hot and cold water and central heating.,each,1,0.87,CU-CPL
CU-CPL-PROF-8-EF-P10,ProFlow Copper Straight Coupler 8mm End Feed (Pack of 10),ProFlow Copper Straight Coupler 8mm End Feed (Pack of 10). WRAS approved copper fitting for hot and cold water and central heating.,each,10,8.93,CU-CPL
CU-CPL-PROF-8-SR,ProFlow Copper Straight Coupler 8mm Solder Ring,ProFlow Copper Straight Coupler 8mm Solder Ring. WRAS approved copper fitting for hot and cold water and central heating.,each,1,0.89,CU-CPL
CU-CPL-PROF-8-SR-P10,ProFlow Copper Straight Coupler 8mm Solder Ring (Pack of 10),ProFlow Copper Straight Coupler 8mm Solder Ring (Pack of 10). WRAS approved copper fitting for hot and cold water and central heating.,each,10,9.93,CU-CPL
CU-CPL-PROF-8-COMP,ProFlow Copper Straight Coupler 8mm Compression,ProFlow Copper Straight Coupler 8mm Compression. WRAS approved copper fitting for hot and cold water and central heating.,each,1,0.97,CU-CPL
CU-CPL-PROF-8-COMP-P10,ProFlow Copper Straight Coupler 8mm Compression (Pack of 10),ProFlow Copper Straight Coupler 8mm Compression (Pack of 10). WRAS approved copper fitting for hot and cold water and central heating.,each,10,9.06,CU-CPL
CU-CPL-PROF-10-EF,ProFlow Copper Straight Coupler 10mm End Feed,ProFlow Copper Straight Coupler 10mm End Feed. WRAS approved copper fitting for hot and cold water and central heating.,each,1,1.04,CU-CPL
CU-CPL-PROF-10-EF-P10,ProFlow Copper Straight Coupler 10mm End Feed (Pack of 10),ProFlow Copper Straight Coupler 10mm End Feed (Pack of 10). WRAS approved copper fitting for hot and cold water and central heating.,each,10,10.53,CU-CPL
CU-CPL-PROF-10-SR,ProFlow Copper Straight Coupler 10mm Solder Ring,ProFlow Copper Straight Coupler 10mm Solder Ring. WRAS approved copper fitting for hot and cold water and central heating.,each,1,0.93,CU-CPL
CU-CPL-PROF-10-SR-P10,ProFlow Copper Straight Coupler 10mm Solder Ring (Pack of 10),ProFlow Copper Straight Coupler 10mm Solder Ring (Pack of 10). WRAS approved copper fitting for hot and cold water and central heating.,each,10,10.21,CU-CPL
CU-CPL-PROF-10-COMP,ProFlow Copper Straight Coupler 10mm Compression,ProFlow Copper Straight Coupler 10mm Compression. WRAS approved copper fitting for hot and cold water and central heating.,each,1,1.05,CU-CPL
CU-CPL-PROF-10-COMP-P10,ProFlow Copper Straight Coupler 10mm Compression (Pack of 10),ProFlow Copper Straight Coupler 10mm Compression (Pack of 10). WRAS approved copper fitting for hot and cold water and central heating.,each,10,9.23,CU-CPL
CU-CPL-PROF-15-EF,ProFlow Copper Straight Coupler 15mm End Feed,"ProFlow Copper Straight Coupler 15mm End Feed. WRAS approved copper fitting for hot and cold water and central heating. Imperial equivalent approx 1/2"".",each,1,1.17,CU-CPL
CU-CPL-PROF-15-EF-P10,ProFlow Copper Straight Coupler 15mm End Feed (Pack of 10),"ProFlow Copper Straight Coupler 15mm End Feed (Pack of 10). WRAS approved copper fitting for hot and cold water and central heating. Imperial equivalent approx 1/2"".",each,10,12.02,CU-CPL
CU-CPL-PROF-15-SR,ProFlow Copper Straight Coupler 15mm Solder Ring,"ProFlow Copper Straight Coupler 15mm Solder Ring. WRAS approved copper fitting for hot and cold water and central heating. Imperial equivalent approx 1/2"".",each,1,1.01,CU-CPL
CU-CPL-PROF-15-SR-P10,ProFlow Copper Straight Coupler 15mm Solder Ring (Pack of 10),"ProFlow Copper Straight Coupler 15mm Solder Ring (Pack of 10). WRAS approved copper fitting for hot and cold water and central heating. Imperial equivalent approx 1/2"".",each,10,9.96,CU-CPL
CU-CPL-PROF-15-COMP,ProFlow Copper Straight Coupler 15mm Compression,"ProFlow Copper Straight Coupler 15mm Compression. WRAS approved copper fitting for hot and cold water and central heating. Imperial equivalent approx 1/2"".",each,1,1.06,CU-CPL
CU-CPL-PROF-15-COMP-P10,ProFlow Copper Straight Coupler 15mm Compression (Pack of 10),"ProFlow Copper Straight Coupler 15mm Compression (Pack of 10). WRAS approved copper fitting for hot and cold water and central heating. Imperial equivalent approx 1/2"".",each,10,11.39,CU-CPL
CU-CPL-PROF-22-EF,ProFlow Copper Straight Coupler 22mm End Feed,"ProFlow Copper Straight Coupler 22mm End Feed. WRAS approved copper fitting for hot and cold water and central heating. Imperial equivalent approx 3/4"".",each,1,1.35,CU-CPL
CU-CPL-PROF-22-EF-P10,ProFlow Copper Straight Coupler 22mm End Feed (Pack of 10),"ProFlow Copper Straight Coupler 22mm End Feed (Pack of 10). WRAS approved copper fitting for hot and cold water and central heating. Imperial equivalent approx 3/4"".",each,10,12.14,CU-CPL
CU-CPL-PROF-22-SR,ProFlow Copper Straight Coupler 22mm Solder Ring,"ProFlow Copper Straight Coupler 22mm Solder Ring. WRAS approved copper fitting for hot and cold water and central heating. Imperial equivalent approx 3/4"".",each,1,1.29,CU-CPL
CU-CPL-PROF-22-SR-P10,ProFlow Copper Straight Coupler 22mm Solder Ring (Pack of 10),"ProFlow Copper Straight Coupler 22mm Solder Ring (Pack of 10). WRAS approved copper fitting for hot and cold water and central heating. Imperial equivalent approx 3/4"".",each,10,11.35,CU-CPL
CU-CPL-PROF-22-COMP,ProFlow Copper Straight Coupler 22mm Compression,"ProFlow Copper Straight Coupler 22mm Compression. WRAS approved copper fitting for hot and cold water and central heating. Imperial equivalent approx 3/4"".",each,1,1.29,CU-CPL
CU-CPL-PROF-22-COMP-P10,ProFlow Copper Straight Coupler 22mm Compression (Pack of 10),"ProFlow Copper Straight Coupler 22mm Compression (Pack of 10). WRAS approved copper fitting for hot and cold water and central heating. Imperial equivalent approx 3/4"".",each,10,12.72,CU-CPL
CU-CPL-PROF-28-EF,ProFlow Copper Straight Coupler 28mm End Feed,"ProFlow Copper Straight Coupler 28mm End Feed. WRAS approved copper fitting for hot and cold water and central heating. Imperial equivalent approx 1"".",each,1,1.25,CU-CPL
CU-CPL-PROF-28-EF-P10,ProFlow Copper Straight Coupler 28mm End Feed (Pack of 10),"ProFlow Copper Straight Coupler 28mm End Feed (Pack of 10). WRAS approved copper fitting for hot and cold water and central heating. Imperial equivalent approx 1"".",each,10,14.34,CU-CPL
CU-CPL-PROF-28-SR,ProFlow Copper Straight Coupler 28mm Solder Ring,"ProFlow Copper Straight Coupler 28mm Solder Ring. WRAS approved copper fitting for hot and cold water and central heating. Imperial equivalent approx 1"".",each,1,1.46,CU-CPL
CU-CPL-PROF-28-SR-P10,ProFlow Copper Straight Coupler 28mm Solder Ring (Pack of 10),"ProFlow Copper Straight Coupler 28mm Solder Ring (Pack of 10). WRAS approved copper fitting for hot and cold water and central heating. Imperial equivalent approx 1"".",each,10,13.87,CU-CPL
CU-CPL-PROF-28-COMP,ProFlow Copper Straight Coupler 28mm Compression,"ProFlow Copper Straight Coupler 28mm Compression. WRAS approved copper fitting for hot and cold water and central heating. Imperial equivalent approx 1"".",each,1,1.26,CU-CPL
CU-CPL-PROF-28-COMP-P10,ProFlow Copper Straight Coupler 28mm Compression (Pack of 10),"ProFlow Copper Straight Coupler 28mm Compression (Pack of 10). WRAS approved copper fitting for hot and cold water and central heating. Imperial equivalent approx 1"".",each,10,14.92,CU-CPL
CU-CPL-PROF-35-EF,ProFlow Copper Straight Coupler 35mm End Feed,"ProFlow Copper Straight Coupler 35mm End Feed. WRAS approved copper fitting for hot and cold water and central heating. Imperial equivalent approx 1 1/4"".",each,1,1.58,CU-CPL
CU-CPL-PROF-35-EF-P10,ProFlow Copper Straight Coupler 35mm End Feed (Pack of 10),"ProFlow Copper Straight Coupler 35mm End Feed (Pack of 10). WRAS approved copper fitting for hot and cold water and central heating. Imperial equivalent approx 1 1/4"".",each,10,14.54,CU-CPL
CU-CPL-PROF-35-SR,ProFlow Copper Straight Coupler 35mm Solder Ring,"ProFlow Copper Straight Coupler 35mm Solder Ring. WRAS approved copper fitting for hot and cold water and central heating. Imperial equivalent approx 1 1/4"".",each,1,1.48,CU-CPL
CU-CPL-PROF-35-SR-P10,ProFlow Copper Straight Coupler 35mm Solder Ring (Pack of 10),"ProFlow Copper Straight Coupler 35mm Solder Ring (Pack of 10). WRAS approved copper fitting for hot and cold water and central heating. Imperial equivalent approx 1 1/4"".",each,10,14.61,CU-CPL
CU-CPL-PROF-35-COMP,ProFlow Copper Straight Coupler 35mm Compression,"ProFlow Copper Straight Coupler 35mm Compression. WRAS approved copper fitting for hot and cold water and central heating. Imperial equivalent approx 1 1/4"".",each,1,1.5,CU-CPL
CU-CPL-PROF-35-COMP-P10,ProFlow Copper Straight Coupler 35mm Compression (Pack of 10),"ProFlow Copper Straight Coupler 35mm Compression (Pack of 10). WRAS approved copper fitting for hot and cold water and central heating. Imperial equivalent approx 1 1/4"".",each,10,14.52,CU-CPL
CU-CPL-PROF-42-EF,ProFlow Copper Straight Coupler 42mm End Feed,"ProFlow Copper Straight Coupler 42mm End Feed. WRAS approved copper fitting for hot and cold water and central heating. Imperial equivalent approx 1 1/2"".",each,1,1.75,CU-CPL
CU-CPL-PROF-42-EF-P10,ProFlow Copper Straight Coupler 42mm End Feed (Pack of 10),"ProFlow Copper Straight Coupler 42mm End Feed (Pack of 10). WRAS approved copper fitting for hot and cold water and central heating. Imperial equivalent approx 1 1/2"".",each,10,17.46,CU-CPL
CU-CPL-PROF-42-SR,ProFlow Copper Straight Coupler 42mm Solder Ring,"ProFlow Copper Straight Coupler 42mm Solder Ring. WRAS approved copper fitting for hot and cold water and central heating. Imperial equivalent approx 1 1/2"".",each,1,1.51,CU-CPL
CU-CPL-PROF-42-SR-P10,ProFlow Copper Straight Coupler 42mm Solder Ring (Pack of 10),"ProFlow Copper Straight Coupler 42mm Solder Ring (Pack of 10). WRAS approved copper fitting for hot and cold water and central heating. Imperial equivalent approx 1 1/2"".",each,10,17.91,CU-CPL
CU-CPL-PROF-42-COMP,ProFlow Copper Straight Coupler 42mm Compression,"ProFlow Copper Straight Coupler 42mm Compression. WRAS approved copper fitting for hot and cold water and central heating. Imperial equivalent approx 1 1/2"".",each,1,1.68,CU-CPL
CU-CPL-PROF-42-COMP-P10,ProFlow Copper Straight Coupler 42mm Compression (Pack of 10),"ProFlow Copper Straight Coupler 42mm Compression (Pack of 10). WRAS approved copper fitting for hot and cold water and central heating. Imperial equivalent approx 1 1/2"".",each,10,17.48,CU-CPL
CU-CPL-PROF-54-EF,ProFlow Copper Straight Coupler 54mm End Feed,"ProFlow Copper Straight Coupler 54mm End Feed. WRAS approved copper fitting for hot and cold water and central heating. Imperial equivalent approx 2"".",each,1,1.96,CU-CPL
CU-CPL-PROF-54-EF-P10,ProFlow Copper Straight Coupler 54mm End Feed (Pack of 10),"ProFlow Copper Straight Coupler 54mm End Feed (Pack of 10). WRAS approved copper fitting for hot and cold water and central heating. Imperial equivalent approx 2"".",each,10,18.56,CU-CPL
CU-CPL-PROF-54-SR,ProFlow Copper Straight Coupler 54mm Solder Ring,"ProFlow Copper Straight Coupler 54mm Solder Ring. WRAS approved copper fitting for hot and cold water and central heating. Imperial equivalent approx 2"".",each,1,1.97,CU-CPL
CU-CPL-PROF-54-SR-P10,ProFlow Copper Straight Coupler 54mm Solder Ring (Pack of 10),"ProFlow Copper Straight Coupler 54mm Solder Ring (Pack of 10). WRAS approved copper fitting for hot and cold water and central heating. Imperial equivalent approx 2"".",each,10,20.55,CU-CPL
CU-CPL-PROF-54-COMP,ProFlow Copper Straight Coupler 54mm Compression,"ProFlow Copper Straight Coupler 54mm Compression. WRAS approved copper fitting for hot and cold water and central heating. Imperial equivalent approx 2"".",each,1,1.79,CU-CPL
CU-CPL-PROF-54-COMP-P10,ProFlow Copper Straight Coupler 54mm Compression (Pack of 10),"ProFlow Copper Straight Coupler 54mm Compression (Pack of 10). WRAS approved copper fitting for hot and cold water and central heating. Imperial equivalent approx 2"".",each,10,19.96,CU-CPL
CU-TUBE-KEST-8-2-TX,Kestrel Copper Tube 8mm x 2m Table X,Kestrel Copper Tube 8mm x 2m Table X. WRAS approved copper fitting for hot and cold water and central heating.,length,1,7.86,CU-TUBE
CU-TUBE-KEST-8-2-TY,Kestrel Copper Tube 8mm x 2m Table Y,Kestrel Copper Tube 8mm x 2m Table Y. WRAS approved copper fitting for hot and cold water and central heating.,length,1,7.77,CU-TUBE
CU-TUBE-KEST-8-3-TX,Kestrel Copper Tube 8mm x 3m Table X,Kestrel Copper Tube 8mm x 3m Table X. WRAS approved copper fitting for hot and cold water and central heating.,length,1,7.7,CU-TUBE
CU-TUBE-KEST-8-3-TY,Kestrel Copper Tube 8mm x 3m Table Y,Kestrel Copper Tube 8mm x 3m Table Y. WRAS approved copper fitting for hot and cold water and central heating.,length,1,8.16,CU-TUBE
CU-TUBE-KEST-8-6-TX,Kestrel Copper Tube 8mm x 6m Table X,Kestrel Copper Tube 8mm x 6m Table X. WRAS approved copper fitting for hot and cold water and central heating.,length,1,7.44,CU-TUBE
CU-TUBE-KEST-8-6-TY,Kestrel Copper Tube 8mm x 6m Table Y,Kestrel Copper Tube 8mm x 6m Table Y. WRAS approved copper fitting for hot and cold water and central heating.,length,1,8.35,CU-TUBE
CU-TUBE-KEST-10-2-TX,Kestrel Copper Tube 10mm x 2m Table X,Kestrel Copper Tube 10mm x 2m Table X. WRAS approved copper fitting for hot and cold water and central heating.,length,1,8.66,CU-TUBE
CU-TUBE-KEST-10-2-TY,Kestrel Copper Tube 10mm x 2m Table Y,Kestrel Copper Tube 10mm x 2m Table Y. WRAS approved copper fitting for hot and cold water and central heating.,length,1,7.45,CU-TUBE
CU-TUBE-KEST-10-3-TX,Kestrel Copper Tube 10mm x 3m Table X,Kestrel Copper Tube 10mm x 3m Table X. WRAS approved copper fitting for hot and cold water and central heating.,length,1,8.75,CU-TUBE
CU-TUBE-KEST-10-3-TY,Kestrel Copper Tube 10mm x 3m Table Y,Kestrel Copper Tube 10mm x 3m Table Y. WRAS approved copper fitting for hot and cold water and central heating.,length,1,7.71,CU-TUBE
CU-TUBE-KEST-10-6-TX,Kestrel Copper Tube 10mm x 6m Table X,Kestrel Copper Tube 10mm x 6m Table X. WRAS approved copper fitting for hot and cold water and central heating.,length,1,8.07,CU-TUBE
CU-TUBE-KEST-10-6-TY,Kestrel Copper Tube 10mm x 6m Table Y,Kestrel Copper Tube 10mm x 6m Table Y. WRAS approved copper fitting for hot and cold water and central heating.,length,1,8.3,CU-TUBE
CU-TUBE-KEST-15-2-TX,Kestrel Copper Tube 15mm x 2m Table X,"Kestrel Copper Tube 15mm x 2m Table X. WRAS approved copper fitting for hot and cold water and central heating. Imperial equivalent approx 1/2"".",length,1,8.72,CU-TUBE
CU-TUBE-KEST-15-2-TY,Kestrel Copper Tube 15mm x 2m Table Y,"Kestrel Copper Tube 15mm x 2m Table Y. WRAS approved copper fitting for hot and cold water and central heating. Imperial equivalent approx 1/2"".",length,1,8.1,CU-TUBE
CU-TUBE-KEST-15-3-TX,Kestrel Copper Tube 15mm x 3m Table X,"Kestrel Copper Tube 15mm x 3m Table X. WRAS approved copper fitting for hot and cold water and central heating. Imperial equivalent approx 1/2"".",length,1,9.56,CU-TUBE
CU-TUBE-KEST-15-3-TY,Kestrel Copper Tube 15mm x 3m Table Y,"Kestrel Copper Tube 15mm x 3m Table Y. WRAS approved copper fitting for hot and cold water and central heating. Imperial equivalent approx 1/2"".",length,1,8.37,CU-TUBE
CU-TUBE-KEST-15-6-TX,Kestrel Copper Tube 15mm x 6m Table X,"Kestrel Copper Tube 15mm x 6m Table X. WRAS approved copper fitting for hot and cold water and central heating. Imperial equivalent approx 1/2"".",length,1,8.42,CU-TUBE
CU-TUBE-KEST-15-6-TY,Kestrel Copper Tube 15mm x 6m Table Y,"Kestrel Copper Tube 15mm x 6m Table Y. WRAS approved copper fitting for hot and cold water and central heating. Imperial equivalent approx 1/2"".",length,1,9.47,CU-TUBE
CU-TUBE-KEST-22-2-TX,Kestrel Copper Tube 22mm x 2m Table X,"Kestrel Copper Tube 22mm x 2m Table X. WRAS approved copper fitting for hot and cold water and central heating. Imperial equivalent approx 3/4"".",length,1,9.75,CU-TUBE
CU-TUBE-KEST-22-2-TY,Kestrel Copper Tube 22mm x 2m Table Y,"Kestrel Copper Tube 22mm x 2m Table Y. WRAS approved copper fitting for hot and cold water and central heating. Imperial equivalent approx 3/4"".",length,1,10.84,CU-TUBE
CU-TUBE-KEST-22-3-TX,Kestrel Copper Tube 22mm x 3m Table X,"Kestrel Copper Tube 22mm x 3m Table X. WRAS approved copper fitting for hot and cold water and central heating. Imperial equivalent approx 3/4"".",length,1,10.48,CU-TUBE
CU-TUBE-KEST-22-3-TY,Kestrel Copper Tube 22mm x 3m Table Y,"Kestrel Copper Tube 22mm x 3m Table Y. WRAS approved copper fitting for hot and cold water and central heating. Imperial equivalent approx 3/4"".",length,1,9.62,CU-TUBE
CU-TUBE-KEST-22-6-TX,Kestrel Copper Tube 22mm x 6m Table X,"Kestrel Copper Tube 22mm x 6m Table X. WRAS approved copper fitting for hot and cold water and central heating. Imperial equivalent approx 3/4"".",length,1,9.09,CU-TUBE
CU-TUBE-KEST-22-6-TY,Kestrel Copper Tube 22mm x 6m Table Y,"Kestrel Copper Tube 22mm x 6m Table Y. WRAS approved copper fitting for hot and cold water and central heating. Imperial equivalent approx 3/4"".",length,1,10.98,CU-TUBE
CU-TUBE-KEST-28-2-TX,Kestrel Copper Tube 28mm x 2m Table X,"Kestrel Copper Tube 28mm x 2m Table X. WRAS approved copper fitting for hot and cold water and central heating. Imperial equivalent approx 1"".",length,1,10.13,CU-TUBE
CU-TUBE-KEST-28-2-TY,Kestrel Copper Tube 28mm x 2m Table Y,"Kestrel Copper Tube 28mm x 2m Table Y. WRAS approved copper fitting for hot and cold water and central heating. Imperial equivalent approx 1"".",length,1,11.54,CU-TUBE
CU-TUBE-KEST-28-3-TX,Kestrel Copper Tube 28mm x 3m Table X,"Kestrel Copper Tube 28mm x 3m Table X. WRAS approved copper fitting for hot and cold water and central heating. Imperial equivalent approx 1"".",length,1,11.02,CU-TUBE
CU-TUBE-KEST-28-3-TY,Kestrel Copper Tube 28mm x 3m Table Y,"Kestrel Copper Tube 28mm x 3m Table Y. WRAS approved copper fitting for hot and cold water and central heating. Imperial equivalent approx 1"".",length,1,11.62,CU-TUBE
CU-TUBE-KEST-28-6-TX,Kestrel Copper Tube 28mm x 6m Table X,"Kestrel Copper Tube 28mm x 6m Table X. WRAS approved copper fitting for hot and cold water and central heating. Imperial equivalent approx 1"".",length,1,11.47,CU-TUBE
CU-TUBE-KEST-28-6-TY,Kestrel Copper Tube 28mm x 6m Table Y,"Kestrel Copper Tube 28mm x 6m Table Y. WRAS approved copper fitting for hot and cold water and central heating. Imperial equivalent approx 1"".",length,1,11.37,CU-TUBE
CU-TUBE-KEST-35-2-TX,Kestrel Copper Tube 35mm x 2m Table X,"Kestrel Copper Tube 35mm x 2m Table X. WRAS approved copper fitting for hot and cold water and central heating. Imperial equivalent approx 1 1/4"".",length,1,12.17,CU-TUBE
CU-TUBE-KEST-35-2-TY,Kestrel Copper Tube 35mm x 2m Table Y,"Kestrel Copper Tube 35mm x 2m Table Y. WRAS approved copper fitting for hot and cold water and central heating. Imperial equivalent approx 1 1/4"".",length,1,12.9,CU-TUBE
CU-TUBE-KEST-35-3-TX,Kestrel Copper Tube 35mm x 3m Table X,"Kestrel Copper Tube 35mm x 3m Table X. WRAS approved copper fitting for hot and cold water and central heating. Imperial equivalent approx 1 1/4"".",length,1,11.2,CU-TUBE
CU-TUBE-KEST-35-3-TY,Kestrel Copper Tube 35mm x 3m Table Y,"Kestrel Copper Tube 35mm x 3m Table Y. WRAS approved copper fitting for hot and cold water and central heating. Imperial equivalent approx 1 1/4"".",length,1,11.51,CU-TUBE
CU-TUBE-KEST-35-6-TX,Kestrel Copper Tube 35mm x 6m Table X,"Kestrel Copper Tube 35mm x 6m Table X. WRAS approved copper fitting for hot and cold water and central heating. Imperial equivalent approx 1 1/4"".",length,1,12.65,CU-TUBE
CU-TUBE-KEST-35-6-TY,Kestrel Copper Tube 35mm x 6m Table Y,"Kestrel Copper Tube 35mm x 6m Table Y. WRAS approved copper fitting for hot and cold water and central heating. Imperial equivalent approx 1 1/4"".",length,1,11.72,CU-TUBE
CU-TUBE-KEST-42-2-TX,Kestrel Copper Tube 42mm x 2m Table X,"Kestrel Copper Tube 42mm x 2m Table X. WRAS approved copper fitting for hot and cold water and central heating. Imperial equivalent approx 1 1/2"".",length,1,13.54,CU-TUBE
CU-TUBE-KEST-42-2-TY,Kestrel Copper Tube 42mm x 2m Table Y,"Kestrel Copper Tube 42mm x 2m Table Y. WRAS approved copper fitting for hot and cold water and central heating. Imperial equivalent approx 1 1/2"".",length,1,13.25,CU-TUBE
CU-TUBE-KEST-42-3-TX,Kestrel Copper Tube 42mm x 3m Table X,"Kestrel Copper Tube 42mm x 3m Table X. WRAS approved copper fitting for hot and cold water and central heating. Imperial equivalent approx 1 1/2"".",length,1,13.41,CU-TUBE
CU-TUBE-KEST-42-3-TY,Kestrel Copper Tube 42mm x 3m Table Y,"Kestrel Copper Tube 42mm x 3m Table Y. WRAS approved copper fitting for hot and cold water and central heating. Imperial equivalent approx 1 1/2"".",length,1,13.13,CU-TUBE
CU-TUBE-KEST-42-6-TX,Kestrel Copper Tube 42mm x 6m Table X,"Kestrel Copper Tube 42mm x 6m Table X. WRAS approved copper fitting for hot and cold water and central heating. Imperial equivalent approx 1 1/2"".",length,1,13.98,CU-TUBE
CU-TUBE-KEST-42-6-TY,Kestrel Copper Tube 42mm x 6m Table Y,"Kestrel Copper Tube 42mm x 6m Table Y. WRAS approved copper fitting for hot and cold water and central heating. Imperial equivalent approx 1 1/2"".",length,1,12.87,CU-TUBE
CU-TUBE-KEST-54-2-TX,Kestrel Copper Tube 54mm x 2m Table X,"Kestrel Copper Tube 54mm x 2m Table X. WRAS approved copper fitting for hot and cold water and central heating. Imperial equivalent approx 2"".",length,1,15.89,CU-TUBE
CU-TUBE-KEST-54-2-TY,Kestrel Copper Tube 54mm x 2m Table Y,"Kestrel Copper Tube 54mm x 2m Table Y. WRAS approved copper fitting for hot and cold water and central heating. Imperial equivalent approx 2"".",length,1,14.58,CU-TUBE
CU-TUBE-KEST-54-3-TX,Kestrel Copper Tube 54mm x 3m Table X,"Kestrel Copper Tube 54mm x 3m Table X. WRAS approved copper fitting for hot and cold water and central heating. Imperial equivalent approx 2"".",length,1,14.52,CU-TUBE
CU-TUBE-KEST-54-3-TY,Kestrel Copper Tube 54mm x 3m Table Y,"Kestrel Copper Tube 54mm x 3m Table Y. WRAS approved copper fitting for hot and cold water and central heating. Imperial equivalent approx 2"".",length,1,14.12,CU-TUBE
CU-TUBE-KEST-54-6-TX,Kestrel Copper Tube 54mm x 6m Table X,"Kestrel Copper Tube 54mm x 6m Table X. WRAS approved copper fitting for hot and cold water and central heating. Imperial equivalent approx 2"".",length,1,14.34,CU-TUBE
CU-TUBE-KEST-54-6-TY,Kestrel Copper Tube 54mm x 6m Table Y,"Kestrel Copper Tube 54mm x 6m Table Y. WRAS approved copper fitting for hot and cold water and central heating. Imperial equivalent approx 2"".",length,1,14.11,CU-TUBE
CU-TUBE-NORT-8-2-TX,Northway Copper Tube 8mm x 2m Table X,Northway Copper Tube 8mm x 2m Table X. WRAS approved copper fitting for hot and cold water and central heating.,length,1,7.86,CU-TUBE
CU-TUBE-NORT-8-2-TY,Northway Copper Tube 8mm x 2m Table Y,Northway Copper Tube 8mm x 2m Table Y. WRAS approved copper fitting for hot and cold water and central heating.,length,1,8.21,CU-TUBE
CU-TUBE-NORT-8-3-TX,Northway Copper Tube 8mm x 3m Table X,Northway Copper Tube 8mm x 3m Table X. WRAS approved copper fitting for hot and cold water and central heating.,length,1,7.31,CU-TUBE
CU-TUBE-NORT-8-3-TY,Northway Copper Tube 8mm x 3m Table Y,Northway Copper Tube 8mm x 3m Table Y. WRAS approved copper fitting for hot and cold water and central heating.,length,1,7.36,CU-TUBE
CU-TUBE-NORT-8-6-TX,Northway Copper Tube 8mm x 6m Table X,Northway Copper Tube 8mm x 6m Table X. WRAS approved copper fitting for hot and cold water and central heating.,length,1,7.78,CU-TUBE
CU-TUBE-NORT-8-6-TY,Northway Copper Tube 8mm x 6m Table Y,Northway Copper Tube 8mm x 6m Table Y. WRAS approved copper fitting for hot and cold water and central heating.,length,1,8.15,CU-TUBE
CU-TUBE-NORT-10-2-TX,Northway Copper Tube 10mm x 2m Table X,Northway Copper Tube 10mm x 2m Table X. WRAS approved copper fitting for hot and cold water and central heating.,length,1,8.9,CU-TUBE
CU-TUBE-NORT-10-2-TY,Northway Copper Tube 10mm x 2m Table Y,Northway Copper Tube 10mm x 2m Table Y. WRAS approved copper fitting for hot and cold water and central heating.,length,1,8.17,CU-TUBE
CU-TUBE-NORT-10-3-TX,Northway Copper Tube 10mm x 3m Table X,Northway Copper Tube 10mm x 3m Table X. WRAS approved copper fitting for hot and cold water and central heating.,length,1,7.77,CU-TUBE
CU-TUBE-NORT-10-3-TY,Northway Copper Tube 10mm x 3m Table Y,Northway Copper Tube 10mm x 3m Table Y. WRAS approved copper fitting for hot and cold water and central heating.,length,1,7.48,CU-TUBE
CU-TUBE-NORT-10-6-TX,Northway Copper Tube 10mm x 6m Table X,Northway Copper Tube 10mm x 6m Table X. WRAS approved copper fitting for hot and cold water and central heating.,length,1,7.63,CU-TUBE
CU-TUBE-NORT-10-6-TY,Northway Copper Tube 10mm x 6m Table Y,Northway Copper Tube 10mm x 6m Table Y. WRAS approved copper fitting for hot and cold water and central heating.,length,1,7.68,CU-TUBE
CU-TUBE-NORT-15-2-TX,Northway Copper Tube 15mm x 2m Table X,"Northway Copper Tube 15mm x 2m Table X. WRAS approved copper fitting for hot and cold water and central heating. Imperial equivalent approx 1/2"".",length,1,8.36,CU-TUBE
CU-TUBE-NORT-15-2-TY,Northway Copper Tube 15mm x 2m Table Y,"Northway Copper Tube 15mm x 2m Table Y. WRAS approved copper fitting for hot and cold water and central heating. Imperial equivalent approx 1/2"".",length,1,8.07,CU-TUBE
CU-TUBE-NORT-15-3-TX,Northway Copper Tube 15mm x 3m Table X,"Northway Copper Tube 15mm x 3m Table X. WRAS approved copper fitting for hot and cold water and central heating. Imperial equivalent approx 1/2"".",length,1,9.0,CU-TUBE
CU-TUBE-NORT-15-3-TY,Northway Copper Tube 15mm x 3m Table Y,"Northway Copper Tube 15mm x 3m Table Y. WRAS approved copper fitting for hot and cold water and central heating. Imperial equivalent approx 1/2"".",length,1,8.53,CU-TUBE
CU-TUBE-NORT-15-6-TX,Northway Copper Tube 15mm x 6m Table X,"Northway Copper Tube 15mm x 6m Table X. WRAS approved copper fitting for hot and cold water and central heating. Imperial equivalent approx 1/2"".",length,1,9.79,CU-TUBE
CU-TUBE-NORT-15-6-TY,Northway Copper Tube 15mm x 6m Table Y,"Northway Copper Tube 15mm x 6m Table Y. WRAS approved copper fitting for hot and cold water and central heating. Imperial equivalent approx 1/2"".",length,1,9.03,CU-TUBE
CU-TUBE-NORT-22-2-TX,Northway Copper Tube 22mm x 2m Table X,"Northway Copper Tube 22mm x 2m Table X. WRAS approved copper fitting for hot and cold water and central heating. Imperial equivalent approx 3/4"".",length,1,10.47,CU-TUBE
CU-TUBE-NORT-22-2-TY,Northway Copper Tube 22mm x 2m Table Y,"Northway Copper Tube 22mm x 2m Table Y. WRAS approved copper fitting for hot and cold water and central heating. Imperial equivalent approx 3/4"".",length,1,9.32,CU-TUBE
CU-TUBE-NORT-22-3-TX,Northway Copper Tube 22mm x 3m Table X,"Northway Copper Tube 22mm x 3m Table X. WRAS approved copper fitting for hot and cold water and central heating. Imperial equivalent approx 3/4"".",length,1,10.82,CU-TUBE
CU-TUBE-NORT-22-3-TY,Northway Copper Tube 22mm x 3m Table Y,"Northway Copper Tube 22mm x 3m Table Y. WRAS approved copper fitting for hot and cold water and central heating. Imperial equivalent approx 3/4"".",length,1,10.06,CU-TUBE
CU-TUBE-NORT-22-6-TX,Northway Copper Tube 22mm x 6m Table X,"Northway Copper Tube 22mm x 6m Table X. WRAS approved copper fitting for hot and cold water and central heating. Imperial equivalent approx 3/4"".",length,1,10.83,CU-TUBE
CU-TUBE-NORT-22-6-TY,Northway Copper Tube 22mm x 6m Table Y,"Northway Copper Tube 22mm x 6m Table Y. WRAS approved copper fitting for hot and cold water and central heating. Imperial equivalent approx 3/4"".",length,1,10.22,CU-TUBE
CU-TUBE-NORT-28-2-TX,Northway Copper Tube 28mm x 2m Table X,"Northway Copper Tube 28mm x 2m Table X. WRAS approved copper fitting for hot and cold water and central heating. Imperial equivalent approx 1"".",length,1,10.98,CU-TUBE
CU-TUBE-NORT-28-2-TY,Northway Copper Tube 28mm x 2m Table Y,"Northway Copper Tube 28mm x 2m Table Y. WRAS approved copper fitting for hot and cold water and central heating. Imperial equivalent approx 1"".",length,1,10.92,CU-TUBE
CU-TUBE-NORT-28-3-TX,Northway Copper Tube 28mm x 3m Table X,"Northway Copper Tube 28mm x 3m Table X. WRAS approved copper fitting for hot and cold water and central heating. Imperial equivalent approx 1"".",length,1,10.35,CU-TUBE
CU-TUBE-NORT-28-3-TY,Northway Copper Tube 28mm x 3m Table Y,"Northway Copper Tube 28mm x 3m Table Y. WRAS approved copper fitting for hot and cold water and central heating. Imperial equivalent approx 1"".",length,1,10.06,CU-TUBE
CU-TUBE-NORT-28-6-TX,Northway Copper Tube 28mm x 6m Table X,"Northway Copper Tube 28mm x 6m Table X. WRAS approved copper fitting for hot and cold water and central heating. Imperial equivalent approx 1"".",length,1,12.02,CU-TUBE
CU-TUBE-NORT-28-6-TY,Northway Copper Tube 28mm x 6m Table Y,"Northway Copper Tube 28mm x 6m Table Y. WRAS approved copper fitting for hot and cold water and central heating. Imperial equivalent approx 1"".",length,1,11.0,CU-TUBE
CU-TUBE-NORT-35-2-TX,Northway Copper Tube 35mm x 2m Table X,"Northway Copper Tube 35mm x 2m Table X. WRAS approved copper fitting for hot and cold water and central heating. Imperial equivalent approx 1 1/4"".",length,1,12.97,CU-TUBE
CU-TUBE-NORT-35-2-TY,Northway Copper Tube 35mm x 2m Table Y,"Northway Copper Tube 35mm x 2m Table Y. WRAS approved copper fitting for hot and cold water and central heating. Imperial equivalent approx 1 1/4"".",length,1,11.95,CU-TUBE
CU-TUBE-NORT-35-3-TX,Northway Copper Tube 35mm x 3m Table X,"Northway Copper Tube 35mm x 3m Table X. WRAS approved copper fitting for hot and cold water and central heating. Imperial equivalent approx 1 1/4"".",length,1,11.15,CU-TUBE
CU-TUBE-NORT-35-3-TY,Northway Copper Tube 35mm x 3m Table Y,"Northway Copper Tube 35mm x 3m Table Y. WRAS approved copper fitting for hot and cold water and central heating. Imperial equivalent approx 1 1/4"".",length,1,12.5,CU-TUBE
CU-TUBE-NORT-35-6-TX,Northway Copper Tube 35mm x 6m Table X,"Northway Copper Tube 35mm x 6m Table X. WRAS approved copper fitting for hot and cold water and central heating. Imperial equivalent approx 1 1/4"".",length,1,11.1,CU-TUBE
CU-TUBE-NORT-35-6-TY,Northway Copper Tube 35mm x 6m Table Y,"Northway Copper Tube 35mm x 6m Table Y. WRAS approved copper fitting for hot and cold water and central heating. Imperial equivalent approx 1 1/4"".",length,1,11.33,CU-TUBE
CU-TUBE-NORT-42-2-TX,Northway Copper Tube 42mm x 2m Table X,"Northway Copper Tube 42mm x 2m Table X. WRAS approved copper fitting for hot and cold water and central heating. Imperial equivalent approx 1 1/2"".",length,1,13.49,CU-TUBE
CU-TUBE-NORT-42-2-TY,Northway Copper Tube 42mm x 2m Table Y,"Northway Copper Tube 42mm x 2m Table Y. WRAS approved copper fitting for hot and cold water and central heating. Imperial equivalent approx 1 1/2"".",length,1,12.8,CU-TUBE
CU-TUBE-NORT-42-3-TX,Northway Copper Tube 42mm x 3m Table X,"Northway Copper Tube 42mm x 3m Table X. WRAS approved copper fitting for hot and cold water and central heating. Imperial equivalent approx 1 1/2"".",length,1,14.64,CU-TUBE
CU-TUBE-NORT-42-3-TY,Northway Copper Tube 42mm x 3m Table Y,"Northway Copper Tube 42mm x 3m Table Y. WRAS approved copper fitting for hot and cold water and central heating. Imperial equivalent approx 1 1/2"".",length,1,12.31,CU-TUBE
CU-TUBE-NORT-42-6-TX,Northway Copper Tube 42mm x 6m Table X,"Northway Copper Tube 42mm x 6m Table X. WRAS approved copper fitting for hot and cold water and central heating. Imperial equivalent approx 1 1/2"".",length,1,14.03,CU-TUBE
CU-TUBE-NORT-42-6-TY,Northway Copper Tube 42mm x 6m Table Y,"Northway Copper Tube 42mm x 6m Table Y. WRAS approved copper fitting for hot and cold water and central heating. Imperial equivalent approx 1 1/2"".",length,1,13.61,CU-TUBE
CU-TUBE-NORT-54-2-TX,Northway Copper Tube 54mm x 2m Table X,"Northway Copper Tube 54mm x 2m Table X. WRAS approved copper fitting for hot and cold water and central heating. Imperial equivalent approx 2"".",length,1,16.16,CU-TUBE
CU-TUBE-NORT-54-2-TY,Northway Copper Tube 54mm x 2m Table Y,"Northway Copper Tube 54mm x 2m Table Y. WRAS approved copper fitting for hot and cold water and central heating. Imperial equivalent approx 2"".",length,1,14.44,CU-TUBE
CU-TUBE-NORT-54-3-TX,Northway Copper Tube 54mm x 3m Table X,"Northway Copper Tube 54mm x 3m Table X. WRAS approved copper fitting for hot and cold water and central heating. Imperial equivalent approx 2"".",length,1,15.34,CU-TUBE
CU-TUBE-NORT-54-3-TY,Northway Copper Tube 54mm x 3m Table Y,"Northway Copper Tube 54mm x 3m Table Y. WRAS approved copper fitting for hot and cold water and central heating. Imperial equivalent approx 2"".",length,1,15.12,CU-TUBE
CU-TUBE-NORT-54-6-TX,Northway Copper Tube 54mm x 6m Table X,"Northway Copper Tube 54mm x 6m Table X. WRAS approved copper fitting for hot and cold water and central heating. Imperial equivalent approx 2"".",length,1,15.1,CU-TUBE
CU-TUBE-NORT-54-6-TY,Northway Copper Tube 54mm x 6m Table Y,"Northway Copper Tube 54mm x 6m Table Y. WRAS approved copper fitting for hot and cold water and central heating. Imperial equivalent approx 2"".",length,1,16.38,CU-TUBE
CU-TUBE-PROF-8-2-TX,ProFlow Copper Tube 8mm x 2m Table X,ProFlow Copper Tube 8mm x 2m Table X. WRAS approved copper fitting for hot and cold water and central heating.,length,1,8.56,CU-TUBE
CU-TUBE-PROF-8-2-TY,ProFlow Copper Tube 8mm x 2m Table Y,ProFlow Copper Tube 8mm x 2m Table Y. WRAS approved copper fitting for hot and cold water and central heating.,length,1,7.5,CU-TUBE
CU-TUBE-PROF-8-3-TX,ProFlow Copper Tube 8mm x 3m Table X,ProFlow Copper Tube 8mm x 3m Table X. WRAS approved copper fitting for hot and cold water and central heating.,length,1,7.99,CU-TUBE
CU-TUBE-PROF-8-3-TY,ProFlow Copper Tube 8mm x 3m Table Y,ProFlow Copper Tube 8mm x 3m Table Y. WRAS approved copper fitting for hot and cold water and central heating.,length,1,7.97,CU-TUBE
CU-TUBE-PROF-8-6-TX,ProFlow Copper Tube 8mm x 6m Table X,ProFlow Copper Tube 8mm x 6m Table X. WRAS approved copper fitting for hot and cold water and central heating.,length,1,8.17,CU-TUBE
CU-TUBE-PROF-8-6-TY,ProFlow Copper Tube 8mm x 6m Table Y,ProFlow Copper Tube 8mm x 6m Table Y. WRAS approved copper fitting for hot and cold water and central heating.,length,1,8.5,CU-TUBE
CU-TUBE-PROF-10-2-TX,ProFlow Copper Tube 10mm x 2m Table X,ProFlow Copper Tube 10mm x 2m Table X. WRAS approved copper fitting for hot and cold water and central heating.,length,1,7.65,CU-TUBE
CU-TUBE-PROF-10-2-TY,ProFlow Copper Tube 10mm x 2m Table Y,ProFlow Copper Tube 10mm x 2m Table Y. WRAS approved copper fitting for hot and cold water and central heating.,length,1,7.66,CU-TUBE
CU-TUBE-PROF-10-3-TX,ProFlow Copper Tube 10mm x 3m Table X,ProFlow Copper Tube 10mm x 3m Table X. WRAS approved copper fitting for hot and cold water and central heating.,length,1,8.39,CU-TUBE
CU-TUBE-PROF-10-3-TY,ProFlow Copper Tube 10mm x 3m Table Y,ProFlow Copper Tube 10mm x 3m Table Y. WRAS approved copper fitting for hot and cold water and central heating.,length,1,7.57,CU-TUBE
CU-TUBE-PROF-10-6-TX,ProFlow Copper Tube 10mm x 6m Table X,ProFlow Copper Tube 10mm x 6m Table X. WRAS approved copper fitting for hot and cold water and central heating.,length,1,7.59,CU-TUBE
CU-TUBE-PROF-10-6-TY,ProFlow Copper Tube 10mm x 6m Table Y,ProFlow Copper Tube 10mm x 6m Table Y. WRAS approved copper fitting for hot and cold water and central heating.,length,1,7.43,CU-TUBE
CU-TUBE-PROF-15-2-TX,ProFlow Copper Tube 15mm x 2m Table X,"ProFlow Copper Tube 15mm x 2m Table X. WRAS approved copper fitting for hot and cold water and central heating. Imperial equivalent approx 1/2"".",length,1,8.05,CU-TUBE
CU-TUBE-PROF-15-2-TY,ProFlow Copper Tube 15mm x 2m Table Y,"ProFlow Copper Tube 15mm x 2m Table Y. WRAS approved copper fitting for hot and cold water and central heating. Imperial equivalent approx 1/2"".",length,1,8.85,CU-TUBE
CU-TUBE-PROF-15-3-TX,ProFlow Copper Tube 15mm x 3m Table X,"ProFlow Copper Tube 15mm x 3m Table X. WRAS approved copper fitting for hot and cold water and central heating. Imperial equivalent approx 1/2"".",length,1,9.11,CU-TUBE
CU-TUBE-PROF-15-3-TY,ProFlow Copper Tube 15mm x 3m Table Y,"ProFlow Copper Tube 15mm x 3m Table Y. WRAS approved copper fitting for hot and cold water and central heating. Imperial equivalent approx 1/2"".",length,1,8.56,CU-TUBE
CU-TUBE-PROF-15-6-TX,ProFlow Copper Tube 15mm x 6m Table X,"ProFlow Copper Tube 15mm x 6m Table X. WRAS approved copper fitting for hot and cold water and central heating. Imperial equivalent approx 1/2"".",length,1,8.46,CU-TUBE
CU-TUBE-PROF-15-6-TY,ProFlow Copper Tube 15mm x 6m Table Y,"ProFlow Copper Tube 15mm x 6m Table Y. WRAS approved copper fitting for hot and cold water and central heating. Imperial equivalent approx 1/2"".",length,1,9.31,CU-TUBE
CU-TUBE-PROF-22-2-TX,ProFlow Copper Tube 22mm x 2m Table X,"ProFlow Copper Tube 22mm x 2m Table X. WRAS approved copper fitting for hot and cold water and central heating. Imperial equivalent approx 3/4"".",length,1,10.48,CU-TUBE
CU-TUBE-PROF-22-2-TY,ProFlow Copper Tube 22mm x 2m Table Y,"ProFlow Copper Tube 22mm x 2m Table Y. WRAS approved copper fitting for hot and cold water and central heating. Imperial equivalent approx 3/4"".",length,1,9.98,CU-TUBE
CU-TUBE-PROF-22-3-TX,ProFlow Copper Tube 22mm x 3m Table X,"ProFlow Copper Tube 22mm x 3m Table X. WRAS approved copper fitting for hot and cold water and central heating. Imperial equivalent approx 3/4"".",length,1,10.45,CU-TUBE
CU-TUBE-PROF-22-3-TY,ProFlow Copper Tube 22mm x 3m Table Y,"ProFlow Copper Tube 22mm x 3m Table Y. WRAS approved copper fitting for hot and cold water and central heating. Imperial equivalent approx 3/4"".",length,1,10.93,CU-TUBE
CU-TUBE-PROF-22-6-TX,ProFlow Copper Tube 22mm x 6m Table X,"ProFlow Copper Tube 22mm x 6m Table X. WRAS approved copper fitting for hot and cold water and central heating. Imperial equivalent approx 3/4"".",length,1,10.65,CU-TUBE
CU-TUBE-PROF-22-6-TY,ProFlow Copper Tube 22mm x 6m Table Y,"ProFlow Copper Tube 22mm x 6m Table Y. WRAS approved copper fitting for hot and cold water and central heating. Imperial equivalent approx 3/4"".",length,1,10.33,CU-TUBE
CU-TUBE-PROF-28-2-TX,ProFlow Copper Tube 28mm x 2m Table X,"ProFlow Copper Tube 28mm x 2m Table X. WRAS approved copper fitting for hot and cold water and central heating. Imperial equivalent approx 1"".",length,1,11.41,CU-TUBE
CU-TUBE-PROF-28-2-TY,ProFlow Copper Tube 28mm x 2m Table Y,"ProFlow Copper Tube 28mm x 2m Table Y. WRAS approved copper fitting for hot and cold water and central heating. Imperial equivalent approx 1"".",length,1,12.01,CU-TUBE
CU-TUBE-PROF-28-3-TX,ProFlow Copper Tube 28mm x 3m Table X,"ProFlow Copper Tube 28mm x 3m Table X. WRAS approved copper fitting for hot and cold water and central heating. Imperial equivalent approx 1"".",length,1,10.88,CU-TUBE
CU-TUBE-PROF-28-3-TY,ProFlow Copper Tube 28mm x 3m Table Y,"ProFlow Copper Tube 28mm x 3m Table Y. WRAS approved copper fitting for hot and cold water and central heating. Imperial equivalent approx 1"".",length,1,11.15,CU-TUBE
CU-TUBE-PROF-28-6-TX,ProFlow Copper Tube 28mm x 6m Table X,"ProFlow Copper Tube 28mm x 6m Table X. WRAS approved copper fitting for hot and cold water and central heating. Imperial equivalent approx 1"".",length,1,11.38,CU-TUBE
CU-TUBE-PROF-28-6-TY,ProFlow Copper Tube 28mm x 6m Table Y,"ProFlow Copper Tube 28mm x 6m Table Y. WRAS approved copper fitting for hot and cold water and central heating. Imperial equivalent approx 1"".",length,1,11.95,CU-TUBE
CU-TUBE-PROF-35-2-TX,ProFlow Copper Tube 35mm x 2m Table X,"ProFlow Copper Tube 35mm x 2m Table X. WRAS approved copper fitting for hot and cold water and central heating. Imperial equivalent approx 1 1/4"".",length,1,12.98,CU-TUBE
CU-TUBE-PROF-35-2-TY,ProFlow Copper Tube 35mm x 2m Table Y,"ProFlow Copper Tube 35mm x 2m Table Y. WRAS approved copper fitting for hot and cold water and central heating. Imperial equivalent approx 1 1/4"".",length,1,11.14,CU-TUBE
CU-TUBE-PROF-35-3-TX,ProFlow Copper Tube 35mm x 3m Table X,"ProFlow Copper Tube 35mm x 3m Table X. WRAS approved copper fitting for hot and cold water and central heating. Imperial equivalent approx 1 1/4"".",length,1,11.37,CU-TUBE
CU-TUBE-PROF-35-3-TY,ProFlow Copper Tube 35mm x 3m Table Y,"ProFlow Copper Tube 35mm x 3m Table Y. WRAS approved copper fitting for hot and cold water and central heating. Imperial equivalent approx 1 1/4"".",length,1,11.72,CU-TUBE
CU-TUBE-PROF-35-6-TX,ProFlow Copper Tube 35mm x 6m Table X,"ProFlow Copper Tube 35mm x 6m Table X. WRAS approved copper fitting for hot and cold water and central heating. Imperial equivalent approx 1 1/4"".",length,1,12.79,CU-TUBE
CU-TUBE-PROF-35-6-TY,ProFlow Copper Tube 35mm x 6m Table Y,"ProFlow Copper Tube 35mm x 6m Table Y. WRAS approved copper fitting for hot and cold water and central heating. Imperial equivalent approx 1 1/4"".",length,1,12.36,CU-TUBE
CU-TUBE-PROF-42-2-TX,ProFlow Copper Tube 42mm x 2m Table X,"ProFlow Copper Tube 42mm x 2m Table X. WRAS approved copper fitting for hot and cold water and central heating. Imperial equivalent approx 1 1/2"".",length,1,12.76,CU-TUBE
CU-TUBE-PROF-42-2-TY,ProFlow Copper Tube 42mm x 2m Table Y,"ProFlow Copper Tube 42mm x 2m Table Y. WRAS approved copper fitting for hot and cold water and central heating. Imperial equivalent approx 1 1/2"".",length,1,12.32,CU-TUBE
CU-TUBE-PROF-42-3-TX,ProFlow Copper Tube 42mm x 3m Table X,"ProFlow Copper Tube 42mm x 3m Table X. WRAS approved copper fitting for hot and cold water and central heating. Imperial equivalent approx 1 1/2"".",length,1,13.83,CU-TUBE
CU-TUBE-PROF-42-3-TY,ProFlow Copper Tube 42mm x 3m Table Y,"ProFlow Copper Tube 42mm x 3m Table Y. WRAS approved copper fitting for hot and cold water and central heating. Imperial equivalent approx 1 1/2"".",length,1,13.86,CU-TUBE
CU-TUBE-PROF-42-6-TX,ProFlow Copper Tube 42mm x 6m Table X,"ProFlow Copper Tube 42mm x 6m Table X. WRAS approved copper fitting for hot and cold water and central heating. Imperial equivalent approx 1 1/2"".",length,1,14.5,CU-TUBE
CU-TUBE-PROF-42-6-TY,ProFlow Copper Tube 42mm x 6m Table Y,"ProFlow Copper Tube 42mm x 6m Table Y. WRAS approved copper fitting for hot and cold water and central heating. Imperial equivalent approx 1 1/2"".",length,1,13.33,CU-TUBE
CU-TUBE-PROF-54-2-TX,ProFlow Copper Tube 54mm x 2m Table X,"ProFlow Copper Tube 54mm x 2m Table X. WRAS approved copper fitting for hot and cold water and central heating. Imperial equivalent approx 2"".",length,1,15.26,CU-TUBE
CU-TUBE-PROF-54-2-TY,ProFlow Copper Tube 54mm x 2m Table Y,"ProFlow Copper Tube 54mm x 2m Table Y. WRAS approved copper fitting for hot and cold water and central heating. Imperial equivalent approx 2"".",length,1,13.99,CU-TUBE
CU-TUBE-PROF-54-3-TX,ProFlow Copper Tube 54mm x 3m Table X,"ProFlow Copper Tube 54mm x 3m Table X. WRAS approved copper fitting for hot and cold water and central heating. Imperial equivalent approx 2"".",length,1,13.87,CU-TUBE
CU-TUBE-PROF-54-3-TY,ProFlow Copper Tube 54mm x 3m Table Y,"ProFlow Copper Tube 54mm x 3m Table Y. WRAS approved copper fitting for hot and cold water and central heating. Imperial equivalent approx 2"".",length,1,15.07,CU-TUBE
CU-TUBE-PROF-54-6-TX,ProFlow Copper Tube 54mm x 6m Table X,"ProFlow Copper Tube 54mm x 6m Table X. WRAS approved copper fitting for hot and cold water and central heating. Imperial equivalent approx 2"".",length,1,14.73,CU-TUBE
CU-TUBE-PROF-54-6-TY,ProFlow Copper Tube 54mm x 6m Table Y,"ProFlow Copper Tube 54mm x 6m Table Y. WRAS approved copper fitting for hot and cold water and central heating. Imperial equivalent approx 2"".",length,1,14.51,CU-TUBE
CU-RED-KEST-15-8-EF,Kestrel Copper Reducer 15mm x 8mm End Feed,"Kestrel Copper Reducer 15mm x 8mm End Feed. WRAS approved copper fitting for hot and cold water and central heating. Imperial equivalent approx 1/2"".",each,1,1.77,CU-RED
CU-RED-KEST-15-8-EF-P10,Kestrel Copper Reducer 15mm x 8mm End Feed (Pack of 10),"Kestrel Copper Reducer 15mm x 8mm End Feed (Pack of 10). WRAS approved copper fitting for hot and cold water and central heating. Imperial equivalent approx 1/2"".",each,10,21.03,CU-RED
CU-RED-KEST-15-8-COMP,Kestrel Copper Reducer 15mm x 8mm Compression,"Kestrel Copper Reducer 15mm x 8mm Compression. WRAS approved copper fitting for hot and cold water and central heating. Imperial equivalent approx 1/2"".",each,1,2.05,CU-RED
CU-RED-KEST-15-8-COMP-P10,Kestrel Copper Reducer 15mm x 8mm Compression (Pack of 10),"Kestrel Copper Reducer 15mm x 8mm Compression (Pack of 10). WRAS approved copper fitting for hot and cold water and central heating. Imperial equivalent approx 1/2"".",each,10,19.54,CU-RED
CU-RED-KEST-15-10-EF,Kestrel Copper Reducer 15mm x 10mm End Feed,"Kestrel Copper Reducer 15mm x 10mm End Feed. WRAS approved copper fitting for hot and cold water and central heating. Imperial equivalent approx 1/2"".",each,1,2.1,CU-RED
CU-RED-KEST-15-10-EF-P10,Kestrel Copper Reducer 15mm x 10mm End Feed (Pack of 10),"Kestrel Copper Reducer 15mm x 10mm End Feed (Pack of 10). WRAS approved copper fitting for hot and cold water and central heating. Imperial equivalent approx 1/2"".",each,10,21.17,CU-RED
CU-RED-KEST-15-10-COMP,Kestrel Copper Reducer 15mm x 10mm Compression,"Kestrel Copper Reducer 15mm x 10mm Compression. WRAS approved copper fitting for hot and cold water and central heating. Imperial equivalent approx 1/2"".",each,1,1.99,CU-RED
CU-RED-KEST-15-10-COMP-P10,Kestrel Copper Reducer 15mm x 10mm Compression (Pack of 10),"Kestrel Copper Reducer 15mm x 10mm Compression (Pack of 10). WRAS approved copper fitting for hot and cold water and central heating. Imperial equivalent approx 1/2"".",each,10,18.36,CU-RED
CU-RED-KEST-22-8-EF,Kestrel Copper Reducer 22mm x 8mm End Feed,"Kestrel Copper Reducer 22mm x 8mm End Feed. WRAS approved copper fitting for hot and cold water and central heating. Imperial equivalent approx 3/4"".",each,1,1.97,CU-RED
CU-RED-KEST-22-8-EF-P10,Kestrel Copper Reducer 22mm x 8mm End Feed (Pack of 10),"Kestrel Copper Reducer 22mm x 8mm End Feed (Pack of 10). WRAS approved copper fitting for hot and cold water and central heating. Imperial equivalent approx 3/4"".",each,10,22.81,CU-RED
CU-RED-KEST-22-8-COMP,Kestrel Copper Reducer 22mm x 8mm Compression,"Kestrel Copper Reducer 22mm x 8mm Compression. WRAS approved copper fitting for hot and cold water and central heating. Imperial equivalent approx 3/4"".",each,1,2.16,CU-RED
CU-RED-KEST-22-8-COMP-P10,Kestrel Copper Reducer 22mm x 8mm Compression (Pack of 10),"Kestrel Copper Reducer 22mm x 8mm Compression (Pack of 10). WRAS approved copper fitting for hot and cold water and central heating. Imperial equivalent approx 3/4"".",each,10,22.36,CU-RED
CU-RED-KEST-22-10-EF,Kestrel Copper Reducer 22mm x 10mm End Feed,"Kestrel Copper Reducer 22mm x 10mm End Feed. WRAS approved copper fitting for hot and cold water and central heating. Imperial equivalent approx 3/4"".",each,1,2.35,CU-RED
CU-RED-KEST-22-10-EF-P10,Kestrel Copper Reducer 22mm x 10mm End Feed (Pack of 10),"Kestrel Copper Reducer 22mm x 10mm End Feed (Pack of 10). WRAS approved copper fitting for hot and cold water and central heating. Imperial equivalent approx 3/4"".",each,10,20.32,CU-RED
CU-RED-KEST-22-10-COMP,Kestrel Copper Reducer 22mm x 10mm Compression,"Kestrel Copper Reducer 22mm x 10mm Compression. WRAS approved copper fitting for hot and cold water and central heating. Imperial equivalent approx 3/4"".",each,1,2.21,CU-RED
CU-RED-KEST-22-10-COMP-P10,Kestrel Copper Reducer 22mm x 10mm Compression (Pack of 10),"Kestrel Copper Reducer 22mm x 10mm Compression (Pack of 10). WRAS approved copper fitting for hot and cold water and central heating. Imperial equivalent approx 3/4"".",each,10,22.28,CU-RED
CU-RED-KEST-22-15-EF,Kestrel Copper Reducer 22mm x 15mm End Feed,"Kestrel Copper Reducer 22mm x 15mm End Feed. WRAS approved copper fitting for hot and cold water and central heating. Imperial equivalent approx 3/4"".",each,1,2.17,CU-RED
CU-RED-KEST-22-15-EF-P10,Kestrel Copper Reducer 22mm x 15mm End Feed (Pack of 10),"Kestrel Copper Reducer 22mm x 15mm End Feed (Pack of 10). WRAS approved copper fitting for hot and cold water and central heating. Imperial equivalent approx 3/4"".",each,10,19.93,CU-RED
CU-RED-KEST-22-15-COMP,Kestrel Copper Reducer 22mm x 15mm Compression,"Kestrel Copper Reducer 22mm x 15mm Compression. WRAS approved copper fitting for hot and cold water and central heating. Imperial equivalent approx 3/4"".",each,1,2.1,CU-RED
CU-RED-KEST-22-15-COMP-P10,Kestrel Copper Reducer 22mm x 15mm Compression (Pack of 10),"Kestrel Copper Reducer 22mm x 15mm Compression (Pack of 10). WRAS approved copper fitting for hot and cold water and central heating. Imperial equivalent approx 3/4"".",each,10,20.98,CU-RED
CU-RED-KEST-28-8-EF,Kestrel Copper Reducer 28mm x 8mm End Feed,"Kestrel Copper Reducer 28mm x 8mm End Feed. WRAS approved copper fitting for hot and cold water and central heating. Imperial equivalent approx 1"".",each,1,2.46,CU-RED
CU-RED-KEST-28-8-EF-P10,Kestrel Copper Reducer 28mm x 8mm End Feed (Pack of 10),"Kestrel Copper Reducer 28mm x 8mm End Feed (Pack of 10). WRAS approved copper fitting for hot and cold water and central heating. Imperial equivalent approx 1"".",each,10,25.5,CU-RED
CU-RED-KEST-28-8-COMP,Kestrel Copper Reducer 28mm x 8mm Compression,"Kestrel Copper Reducer 28mm x 8mm Compression. WRAS approved copper fitting for hot and cold water and central heating. Imperial equivalent approx 1"".",each,1,2.3,CU-RED
CU-RED-KEST-28-8-COMP-P10,Kestrel Copper Reducer 28mm x 8mm Compression (Pack of 10),"Kestrel Copper Reducer 28mm x 8mm Compression (Pack of 10). WRAS approved copper fitting for hot and cold water and central heating. Imperial equivalent approx 1"".",each,10,24.72,CU-RED
CU-RED-KEST-28-10-EF,Kestrel Copper Reducer 28mm x 10mm End Feed,"Kestrel Copper Reducer 28mm x 10mm End Feed. WRAS approved copper fitting for hot and cold water and central heating. Imperial equivalent approx 1"".",each,1,2.28,CU-RED
CU-RED-KEST-28-10-EF-P10,Kestrel Copper Reducer 28mm x 10mm End Feed (Pack of 10),"Kestrel Copper Reducer 28mm x 10mm End Feed (Pack of 10). WRAS approved copper fitting for hot and cold water and central heating. Imperial equivalent approx 1"".",each,10,25.92,CU-RED
CU-RED-KEST-28-10-COMP,Kestrel Copper Reducer 28mm x 10mm Compression,"Kestrel Copper Reducer 28mm x 10mm Compression. WRAS approved copper fitting for hot and cold water and central heating. Imperial equivalent approx 1"".",each,1,2.53,CU-RED
CU-RED-KEST-28-10-COMP-P10,Kestrel Copper Reducer 28mm x 10mm Compression (Pack of 10),"Kestrel Copper Reducer 28mm x 10mm Compression (Pack of 10). WRAS approved copper fitting for hot and cold water and central heating. Imperial equivalent approx 1"".",each,10,24.04,CU-RED
CU-RED-KEST-28-15-EF,Kestrel Copper Reducer 28mm x 15mm End Feed,"Kestrel Copper Reducer 28mm x 15mm End Feed. WRAS approved copper fitting for hot and cold water and central heating. Imperial equivalent approx 1"".",each,1,2.36,CU-RED
CU-RED-KEST-28-15-EF-P10,Kestrel Copper Reducer 28mm x 15mm End Feed (Pack of 10),"Kestrel Copper Reducer 28mm x 15mm End Feed (Pack of 10). WRAS approved copper fitting for hot and cold water and central heating. Imperial equivalent approx 1"".",each,10,22.92,CU-RED
CU-RED-KEST-28-15-COMP,Kestrel Copper Reducer 28mm x 15mm Compression,"Kestrel Copper Reducer 28mm x 15mm Compression. WRAS approved copper fitting for hot and cold water and central heating. Imperial equivalent approx 1"".",each,1,2.3,CU-RED
CU-RED-KEST-28-15-COMP-P10,Kestrel Copper Reducer 28mm x 15mm Compression (Pack of 10),"Kestrel Copper Reducer 28mm x 15mm Compression (Pack of 10). WRAS approved copper fitting for hot and cold water and central heating. Imperial equivalent approx 1"".",each,10,26.04,CU-RED
CU-RED-KEST-28-22-EF,Kestrel Copper Reducer 28mm x 22mm End Feed,"Kestrel Copper Reducer 28mm x 22mm End Feed. WRAS approved copper fitting for hot and cold water and central heating. Imperial equivalent approx 1"".",each,1,2.33,CU-RED
CU-RED-KEST-28-22-EF-P10,Kestrel Copper Reducer 28mm x 22mm End Feed (Pack of 10),"Kestrel Copper Reducer 28mm x 22mm End Feed (Pack of 10). WRAS approved copper fitting for hot and cold water and central heating. Imperial equivalent approx 1"".",each,10,23.87,CU-RED
CU-RED-KEST-28-22-COMP,Kestrel Copper Reducer 28mm x 22mm Compression,"Kestrel Copper Reducer 28mm x 22mm Compression. WRAS approved copper fitting for hot and cold water and central heating. Imperial equivalent approx 1"".",each,1,2.61,CU-RED
CU-RED-KEST-28-22-COMP-P10,Kestrel Copper Reducer 28mm x 22mm Compression (Pack of 10),"Kestrel Copper Reducer 28mm x 22mm Compression (Pack of 10). WRAS approved copper fitting for hot and cold water and central heating. Imperial equivalent approx 1"".",each,10,24.55,CU-RED
CU-RED-KEST-35-8-EF,Kestrel Copper Reducer 35mm x 8mm End Feed,"Kestrel Copper Reducer 35mm x 8mm End Feed. WRAS approved copper fitting for hot and cold water and central heating. Imperial equivalent approx 1 1/4"".",each,1,2.65,CU-RED
CU-RED-KEST-35-8-EF-P10,Kestrel Copper Reducer 35mm x 8mm End Feed (Pack of 10),"Kestrel Copper Reducer 35mm x 8mm End Feed (Pack of 10). WRAS approved copper fitting for hot and cold water and central heating. Imperial equivalent approx 1 1/4"".",each,10,25.79,CU-RED
CU-RED-KEST-35-8-COMP,Kestrel Copper Reducer 35mm x 8mm Compression,"Kestrel Copper Reducer 35mm x 8mm Compression. WRAS approved copper fitting for hot and cold water and central heating. Imperial equivalent approx 1 1/4"".",each,1,2.46,CU-RED
CU-RED-KEST-35-8-COMP-P10,Kestrel Copper Reducer 35mm x 8mm Compression (Pack of 10),"Kestrel Copper Reducer 35mm x 8mm Compression (Pack of 10). WRAS approved copper fitting for hot and cold water and central heating. Imperial equivalent approx 1 1/4"".",each,10,25.52,CU-RED
CU-RED-KEST-35-10-EF,Kestrel Copper Reducer 35mm x 10mm End Feed,"Kestrel Copper Reducer 35mm x 10mm End Feed. WRAS approved copper fitting for hot and cold water and central heating. Imperial equivalent approx 1 1/4"".",each,1,2.76,CU-RED
CU-RED-KEST-35-10-EF-P10,Kestrel Copper Reducer 35mm x 10mm End Feed (Pack of 10),"Kestrel Copper Reducer 35mm x 10mm End Feed (Pack of 10). WRAS approved copper fitting for hot and cold water and central heating. Imperial equivalent approx 1 1/4"".",each,10,26.91,CU-RED
CU-RED-KEST-35-10-COMP,Kestrel Copper Reducer 35mm x 10mm Compression,"Kestrel Copper Reducer 35mm x 10mm Compression. WRAS approved copper fitting for hot and cold water and central heating. Imperial equivalent approx 1 1/4"".",each,1,2.76,CU-RED
CU-RED-KEST-35-10-COMP-P10,Kestrel Copper Reducer 35mm x 10mm Compression (Pack of 10),"Kestrel Copper Reducer 35mm x 10mm Compression (Pack of 10). WRAS approved copper fitting for hot and cold water and central heating. Imperial equivalent approx 1 1/4"".",each,10,24.69,CU-RED
CU-RED-KEST-35-15-EF,Kestrel Copper Reducer 35mm x 15mm End Feed,"Kestrel Copper Reducer 35mm x 15mm End Feed. WRAS approved copper fitting for hot and cold water and central heating. Imperial equivalent approx 1 1/4"".",each,1,2.65,CU-RED
CU-RED-KEST-35-15-EF-P10,Kestrel Copper Reducer 35mm x 15mm End Feed (Pack of 10),"Kestrel Copper Reducer 35mm x 15mm End Feed (Pack of 10). WRAS approved copper fitting for hot and cold water and central heating. Imperial equivalent approx 1 1/4"".",each,10,28.5,CU-RED
CU-RED-KEST-35-15-COMP,Kestrel Copper Reducer 35mm x 15mm Compression,"Kestrel Copper Reducer 35mm x 15mm Compression. WRAS approved copper fitting for hot and cold water and central heating. Imperial equivalent approx 1 1/4"".",each,1,2.59,CU-RED
CU-RED-KEST-35-15-COMP-P10,Kestrel Copper Reducer 35mm x 15mm Compression (Pack of 10),"Kestrel Copper Reducer 35mm x 15mm Compression (Pack of 10). WRAS approved copper fitting for hot and cold water and central heating. Imperial equivalent approx 1 1/4"".",each,10,27.29,CU-RED
CU-RED-KEST-35-22-EF,Kestrel Copper Reducer 35mm x 22mm End Feed,"Kestrel Copper Reducer 35mm x 22mm End Feed. WRAS approved copper fitting for hot and cold water and central heating. Imperial equivalent approx 1 1/4"".",each,1,2.43,CU-RED
CU-RED-KEST-35-22-EF-P10,Kestrel Copper Reducer 35mm x 22mm End Feed (Pack of 10),"Kestrel Copper Reducer 35mm x 22mm End Feed (Pack of 10). WRAS approved copper fitting for hot and cold water and central heating. Imperial equivalent approx 1 1/4"".",each,10,28.73,CU-RED
CU-RED-KEST-35-22-COMP,Kestrel Copper Reducer 35mm x 22mm Compression,"Kestrel Copper Reducer 35mm x 22mm Compression. WRAS approved copper fitting for hot and cold water and central heating. Imperial equivalent approx 1 1/4"".",each,1,2.68,CU-RED
CU-RED-KEST-35-22-COMP-P10,Kestrel Copper Reducer 35mm x 22mm Compression (Pack of 10),"Kestrel Copper Reducer 35mm x 22mm Compression (Pack of 10). WRAS approved copper fitting for hot and cold water and central heating. Imperial equivalent approx 1 1/4"".",each,10,24.88,CU-RED
CU-RED-KEST-42-8-EF,Kestrel Copper Reducer 42mm x 8mm End Feed,"Kestrel Copper Reducer 42mm x 8mm End Feed. WRAS approved copper fitting for hot and cold water and central heating. Imperial equivalent approx 1 1/2"".",each,1,2.67,CU-RED
CU-RED-KEST-42-8-EF-P10,Kestrel Copper Reducer 42mm x 8mm End Feed (Pack of 10),"Kestrel Copper Reducer 42mm x 8mm End Feed (Pack of 10). WRAS approved copper fitting for hot and cold water and central heating. Imperial equivalent approx 1 1/2"".",each,10,28.99,CU-RED
CU-RED-KEST-42-8-COMP,Kestrel Copper Reducer 42mm x 8mm Compression,"Kestrel Copper Reducer 42mm x 8mm Compression. WRAS approved copper fitting for hot and cold water and central heating. Imperial equivalent approx 1 1/2"".",each,1,2.9,CU-RED
CU-RED-KEST-42-8-COMP-P10,Kestrel Copper Reducer 42mm x 8mm Compression (Pack of 10),"Kestrel Copper Reducer 42mm x 8mm Compression (Pack of 10). WRAS approved copper fitting for hot and cold water and central heating. Imperial equivalent approx 1 1/2"".",each,10,26.37,CU-RED
CU-RED-KEST-42-10-EF,Kestrel Copper Reducer 42mm x 10mm End Feed,"Kestrel Copper Reducer 42mm x 10mm End Feed. WRAS approved copper fitting for hot and cold water and central heating. Imperial equivalent approx 1 1/2"".",each,1,3.15,CU-RED
CU-RED-KEST-42-10-EF-P10,Kestrel Copper Reducer 42mm x 10mm End Feed (Pack of 10),"Kestrel Copper Reducer 42mm x 10mm End Feed (Pack of 10). WRAS approved copper fitting for hot and cold water and central heating. Imperial equivalent approx 1 1/2"".",each,10,31.07,CU-RED
CU-RED-KEST-42-10-COMP,Kestrel Copper Reducer 42mm x 10mm Compression,"Kestrel Copper Reducer 42mm x 10mm Compression. WRAS approved copper fitting for hot and cold water and central heating. Imperial equivalent approx 1 1/2"".",each,1,2.85,CU-RED
CU-RED-KEST-42-10-COMP-P10,Kestrel Copper Reducer 42mm x 10mm Compression (Pack of 10),"Kestrel Copper Reducer 42mm x 10mm Compression (Pack of 10). WRAS approved copper fitting for hot and cold water and central heating. Imperial equivalent approx 1 1/2"".",each,10,26.5,CU-RED
CU-RED-KEST-42-15-EF,Kestrel Copper Reducer 42mm x 15mm End Feed,"Kestrel Copper Reducer 42mm x 15mm End Feed. WRAS approved copper fitting for hot and cold water and central heating. Imperial equivalent approx 1 1/2"".",each,1,3.06,CU-RED
CU-RED-KEST-42-15-EF-P10,Kestrel Copper Reducer 42mm x 15mm End Feed (Pack of 10),"Kestrel Copper Reducer 42mm x 15mm End Feed (Pack of 10). WRAS approved copper fitting for hot and cold water and central heating. Imperial equivalent approx 1 1/2"".",each,10,28.69,CU-RED
CU-RED-KEST-42-15-COMP,Kestrel Copper Reducer 42mm x 15mm Compression,"Kestrel Copper Reducer 42mm x 15mm Compression. WRAS approved copper fitting for hot and cold water and central heating. Imperial equivalent approx 1 1/2"".",each,1,2.99,CU-RED
CU-RED-KEST-42-15-COMP-P10,Kestrel Copper Reducer 42mm x 15mm Compression (Pack of 10),"Kestrel Copper Reducer 42mm x 15mm Compression (Pack of 10). WRAS approved copper fitting for hot and cold water and central heating. Imperial equivalent approx 1 1/2"".",each,10,28.75,CU-RED
CU-RED-KEST-42-22-EF,Kestrel Copper Reducer 42mm x 22mm End Feed,"Kestrel Copper Reducer 42mm x 22mm End Feed. WRAS approved copper fitting for hot and cold water and central heating. Imperial equivalent approx 1 1/2"".",each,1,2.74,CU-RED
CU-RED-KEST-42-22-EF-P10,Kestrel Copper Reducer 42mm x 22mm End Feed (Pack of 10),"Kestrel Copper Reducer 42mm x 22mm End Feed (Pack of 10). WRAS approved copper fitting for hot and cold water and central heating. Imperial equivalent approx 1 1/2"".",each,10,30.62,CU-RED
CU-RED-KEST-42-22-COMP,Kestrel Copper Reducer 42mm x 22mm Compression,"Kestrel Copper Reducer 42mm x 22mm Compression. WRAS approved copper fitting for hot and cold water and central heating. Imperial equivalent approx 1 1/2"".",each,1,3.15,CU-RED
CU-RED-KEST-42-22-COMP-P10,Kestrel Copper Reducer 42mm x 22mm Compression (Pack of 10),"Kestrel Copper Reducer 42mm x 22mm Compression (Pack of 10). WRAS approved copper fitting for hot and cold water and central heating. Imperial equivalent approx 1 1/2"".",each,10,27.23,CU-RED
CU-RED-KEST-54-8-EF,Kestrel Copper Reducer 54mm x 8mm End Feed,"Kestrel Copper Reducer 54mm x 8mm End Feed. WRAS approved copper fitting for hot and cold water and central heating. Imperial equivalent approx 2"".",each,1,3.32,CU-RED
CU-RED-KEST-54-8-EF-P10,Kestrel Copper Reducer 54mm x 8mm End Feed (Pack of 10),"Kestrel Copper Reducer 54mm x 8mm End Feed (Pack of 10). WRAS approved copper fitting for hot and cold water and central heating. Imperial equivalent approx 2"".",each,10,32.13,CU-RED
CU-RED-KEST-54-8-COMP,Kestrel Copper Reducer 54mm x 8mm Compression,"Kestrel Copper Reducer 54mm x 8mm Compression. WRAS approved copper fitting for hot and cold water and central heating. Imperial equivalent approx 2"".",each,1,3.57,CU-RED
CU-RED-KEST-54-8-COMP-P10,Kestrel Copper Reducer 54mm x 8mm Compression (Pack of 10),"Kestrel Copper Reducer 54mm x 8mm Compression (Pack of 10). WRAS approved copper fitting for hot and cold water and central heating. Imperial equivalent approx 2"".",each,10,32.95,CU-RED
CU-RED-KEST-54-10-EF,Kestrel Copper Reducer 54mm x 10mm End Feed,"Kestrel Copper Reducer 54mm x 10mm End Feed. WRAS approved copper fitting for hot and cold water and central heating. Imperial equivalent approx 2"".",each,1,3.54,CU-RED
CU-RED-KEST-54-10-EF-P10,Kestrel Copper Reducer 54mm x 10mm End Feed (Pack of 10),"Kestrel Copper Reducer 54mm x 10mm End Feed (Pack of 10). WRAS approved copper fitting for hot and cold water and central heating. Imperial equivalent approx 2"".",each,10,35.3,CU-RED
CU-RED-KEST-54-10-COMP,Kestrel Copper Reducer 54mm x 10mm Compression,"Kestrel Copper Reducer 54mm x 10mm Compression. WRAS approved copper fitting for hot and cold water and central heating. Imperial equivalent approx 2"".",each,1,3.14,CU-RED
CU-RED-KEST-54-10-COMP-P10,Kestrel Copper Reducer 54mm x 10mm Compression (Pack of 10),"Kestrel Copper Reducer 54mm x 10mm Compression (Pack of 10). WRAS approved copper fitting for hot and cold water and central heating. Imperial equivalent approx 2"".",each,10,34.81,CU-RED
CU-RED-KEST-54-15-EF,Kestrel Copper Reducer 54mm x 15mm End Feed,"Kestrel Copper Reducer 54mm x 15mm End Feed. WRAS approved copper fitting for hot and cold water and central heating. Imperial equivalent approx 2"".",each,1,3.23,CU-RED
CU-RED-KEST-54-15-EF-P10,Kestrel Copper Reducer 54mm x 15mm End Feed (Pack of 10),"Kestrel Copper Reducer 54mm x 15mm End Feed (Pack of 10). WRAS approved copper fitting for hot and cold water and central heating. Imperial equivalent approx 2"".",each,10,35.76,CU-RED
CU-RED-KEST-54-15-COMP,Kestrel Copper Reducer 54mm x 15mm Compression,"Kestrel Copper Reducer 54mm x 15mm Compression. WRAS approved copper fitting for hot and cold water and central heating. Imperial equivalent approx 2"".",each,1,3.3,CU-RED
CU-RED-KEST-54-15-COMP-P10,Kestrel Copper Reducer 54mm x 15mm Compression (Pack of 10),"Kestrel Copper Reducer 54mm x 15mm Compression (Pack of 10). WRAS approved copper fitting for hot and cold water and central heating. Imperial equivalent approx 2"".",each,10,35.01,CU-RED
CU-RED-KEST-54-22-EF,Kestrel Copper Reducer 54mm x 22mm End Feed,"Kestrel Copper Reducer 54mm x 22mm End Feed. WRAS approved copper fitting for hot and cold water and central heating. Imperial equivalent approx 2"".",each,1,3.15,CU-RED
CU-RED-KEST-54-22-EF-P10,Kestrel Copper Reducer 54mm x 22mm End Feed (Pack of 10),"Kestrel Copper Reducer 54mm x 22mm End Feed (Pack of 10). WRAS approved copper fitting for hot and cold water and central heating. Imperial equivalent approx 2"".",each,10,31.57,CU-RED
CU-RED-KEST-54-22-COMP,Kestrel Copper Reducer 54mm x 22mm Compression,"Kestrel Copper Reducer 54mm x 22mm Compression. WRAS approved copper fitting for hot and cold water and central heating. Imperial equivalent approx 2"".",each,1,3.35,CU-RED
CU-RED-KEST-54-22-COMP-P10,Kestrel Copper Reducer 54mm x 22mm Compression (Pack of 10),"Kestrel Copper Reducer 54mm x 22mm Compression (Pack of 10). WRAS approved copper fitting for hot and cold water and central heating. Imperial equivalent approx 2"".",each,10,36.18,CU-RED
CU-RED-NORT-15-8-EF,Northway Copper Reducer 15mm x 8mm End Feed,"Northway Copper Reducer 15mm x 8mm End Feed. WRAS approved copper fitting for hot and cold water and central heating. Imperial equivalent approx 1/2"".",each,1,1.92,CU-RED
CU-RED-NORT-15-8-EF-P10,Northway Copper Reducer 15mm x 8mm End Feed (Pack of 10),"Northway Copper Reducer 15mm x 8mm End Feed (Pack of 10). WRAS approved copper fitting for hot and cold water and central heating. Imperial equivalent approx 1/2"".",each,10,17.9,CU-RED
CU-RED-NORT-15-8-COMP,Northway Copper Reducer 15mm x 8mm Compression,"Northway Copper Reducer 15mm x 8mm Compression. WRAS approved copper fitting for hot and cold water and central heating. Imperial equivalent approx 1/2"".",each,1,1.94,CU-RED
CU-RED-NORT-15-8-COMP-P10,Northway Copper Reducer 15mm x 8mm Compression (Pack of 10),"Northway Copper Reducer 15mm x 8mm Compression (Pack of 10). WRAS approved copper fitting for hot and cold water and central heating. Imperial equivalent approx 1/2"".",each,10,18.65,CU-RED
CU-RED-NORT-15-10-EF,Northway Copper Reducer 15mm x 10mm End Feed,"Northway Copper Reducer 15mm x 10mm End Feed. WRAS approved copper fitting for hot and cold water and central heating. Imperial equivalent approx 1/2"".",each,1,1.94,CU-RED
CU-RED-NORT-15-10-EF-P10,Northway Copper Reducer 15mm x 10mm End Feed (Pack of 10),"Northway Copper Reducer 15mm x 10mm End Feed (Pack of 10). WRAS approved copper fitting for hot and cold water and central heating. Imperial equivalent approx 1/2"".",each,10,19.42,CU-RED
CU-RED-NORT-15-10-COMP,Northway Copper Reducer 15mm x 10mm Compression,"Northway Copper Reducer 15mm x 10mm Compression. WRAS approved copper fitting for hot and cold water and central heating. Imperial equivalent approx 1/2"".",each,1,1.91,CU-RED
CU-RED-NORT-15-10-COMP-P10,Northway Copper Reducer 15mm x 10mm Compression (Pack of 10),"Northway Copper Reducer 15mm x 10mm Compression (Pack of 10). WRAS approved copper fitting for hot and cold water and central heating. Imperial equivalent approx 1/2"".",each,10,18.56,CU-RED
CU-RED-NORT-22-8-EF,Northway Copper Reducer 22mm x 8mm End Feed,"Northway Copper Reducer 22mm x 8mm End Feed. WRAS approved copper fitting for hot and cold water and central heating. Imperial equivalent approx 3/4"".",each,1,2.03,CU-RED
CU-RED-NORT-22-8-EF-P10,Northway Copper Reducer 22mm x 8mm End Feed (Pack of 10),"Northway Copper Reducer 22mm x 8mm End Feed (Pack of 10). WRAS approved copper fitting for hot and cold water and central heating. Imperial equivalent approx 3/4"".",each,10,22.56,CU-RED
CU-RED-NORT-22-8-COMP,Northway Copper Reducer 22mm x 8mm Compression,"Northway Copper Reducer 22mm x 8mm Compression. WRAS approved copper fitting for hot and cold water and central heating. Imperial equivalent approx 3/4"".",each,1,2.2,CU-RED
CU-RED-NORT-22-8-COMP-P10,Northway Copper Reducer 22mm x 8mm Compression (Pack of 10),"Northway Copper Reducer 22mm x 8mm Compression (Pack of 10). WRAS approved copper fitting for hot and cold water and central heating. Imperial equivalent approx 3/4"".",each,10,20.54,CU-RED
CU-RED-NORT-22-10-EF,Northway Copper Reducer 22mm x 10mm End Feed,"Northway Copper Reducer 22mm x 10mm End Feed. WRAS approved copper fitting for hot and cold water and central heating. Imperial equivalent approx 3/4"".",each,1,2.29,CU-RED
CU-RED-NORT-22-10-EF-P10,Northway Copper Reducer 22mm x 10mm End Feed (Pack of 10),"Northway Copper Reducer 22mm x 10mm End Feed (Pack of 10). WRAS approved copper fitting for hot and cold water and central heating. Imperial equivalent approx 3/4"".",each,10,19.72,CU-RED
CU-RED-NORT-22-10-COMP,Northway Copper Reducer 22mm x 10mm Compression,"Northway Copper Reducer 22mm x 10mm Compression. WRAS approved copper fitting for hot and cold water and central heating. Imperial equivalent approx 3/4"".",each,1,2.28,CU-RED
CU-RED-NORT-22-10-COMP-P10,Northway Copper Reducer 22mm x 10mm Compression (Pack of 10),"Northway Copper Reducer 22mm x 10mm Compression (Pack of 10). WRAS approved copper fitting for hot and cold water and central heating. Imperial equivalent approx 3/4"".",each,10,22.59,CU-RED
CU-RED-NORT-22-15-EF,Northway Copper Reducer 22mm x 15mm End Feed,"Northway Copper Reducer 22mm x 15mm End Feed. WRAS approved copper fitting for hot and cold water and central heating. Imperial equivalent approx 3/4"".",each,1,2.31,CU-RED
CU-RED-NORT-22-15-EF-P10,Northway Copper Reducer 22mm x 15mm End Feed (Pack of 10),"Northway Copper Reducer 22mm x 15mm End Feed (Pack of 10). WRAS approved copper fitting for hot and cold water and central heating. Imperial equivalent approx 3/4"".",each,10,21.21,CU-RED
CU-RED-NORT-22-15-COMP,Northway Copper Reducer 22mm x 15mm Compression,"Northway Copper Reducer 22mm x 15mm Compression. WRAS approved copper fitting for hot and cold water and central heating. Imperial equivalent approx 3/4"".",each,1,2.24,CU-RED
CU-RED-NORT-22-15-COMP-P10,Northway Copper Reducer 22mm x 15mm Compression (Pack of 10),"Northway Copper Reducer 22mm x 15mm Compression (Pack of 10). WRAS approved copper fitting for hot and cold water and central heating. Imperial equivalent approx 3/4"".",each,10,23.09,CU-RED
CU-RED-NORT-28-8-EF,Northway Copper Reducer 28mm x 8mm End Feed,"Northway Copper Reducer 28mm x 8mm End Feed. WRAS approved copper fitting for hot and cold water and central heating. Imperial equivalent approx 1"".",each,1,2.61,CU-RED
CU-RED-NORT-28-8-EF-P10,Northway Copper Reducer 28mm x 8mm End Feed (Pack of 10),"Northway Copper Reducer 28mm x 8mm End Feed (Pack of 10). WRAS approved copper fitting for hot and cold water and central heating. Imperial equivalent approx 1"".",each,10,23.78,CU-RED
CU-RED-NORT-28-8-COMP,Northway Copper Reducer 28mm x 8mm Compression,"Northway Copper Reducer 28mm x 8mm Compression. WRAS approved copper fitting for hot and cold water and central heating. Imperial equivalent approx 1"".",each,1,2.16,CU-RED
CU-RED-NORT-28-8-COMP-P10,Northway Copper Reducer 28mm x 8mm Compression (Pack of 10),"Northway Copper Reducer 28mm x 8mm Compression (Pack of 10). WRAS approved copper fitting for hot and cold water and central heating. Imperial equivalent approx 1"".",each,10,23.81,CU-RED
CU-RED-NORT-28-10-EF,Northway Copper Reducer 28mm x 10mm End Feed,"Northway Copper Reducer 28mm x 10mm End Feed. WRAS approved copper fitting for hot and cold water and central heating. Imperial equivalent approx 1"".",each,1,2.42,CU-RED
CU-RED-NORT-28-10-EF-P10,Northway Copper Reducer 28mm x 10mm End Feed (Pack of 10),"Northway Copper Reducer 28mm x 10mm End Feed (Pack of 10). WRAS approved copper fitting for hot and cold water and central heating. Imperial equivalent approx 1"".",each,10,25.56,CU-RED
CU-RED-NORT-28-10-COMP,Northway Copper Reducer 28mm x 10mm Compression,"Northway Copper Reducer 28mm x 10mm Compression. WRAS approved copper fitting for hot and cold water and central heating. Imperial equivalent approx 1"".",each,1,2.56,CU-RED
CU-RED-NORT-28-10-COMP-P10,Northway Copper Reducer 28mm x 10mm Compression (Pack of 10),"Northway Copper Reducer 28mm x 10mm Compression (Pack of 10). WRAS approved copper fitting for hot and cold water and central heating. Imperial equivalent approx 1"".",each,10,23.52,CU-RED
CU-RED-NORT-28-15-EF,Northway Copper Reducer 28mm x 15mm End Feed,"Northway Copper Reducer 28mm x 15mm End Feed. WRAS approved copper fitting for hot and cold water and central heating. Imperial equivalent approx 1"".",each,1,2.39,CU-RED
CU-RED-NORT-28-15-EF-P10,Northway Copper Reducer 28mm x 15mm End Feed (Pack of 10),"Northway Copper Reducer 28mm x 15mm End Feed (Pack of 10). WRAS approved copper fitting for hot and cold water and central heating. Imperial equivalent approx 1"".",each,10,23.59,CU-RED
CU-RED-NORT-28-15-COMP,Northway Copper Reducer 28mm x 15mm Compression,"Northway Copper Reducer 28mm x 15mm Compression. WRAS approved copper fitting for hot and cold water and central heating. Imperial equivalent approx 1"".",each,1,2.49,CU-RED
CU-RED-NORT-28-15-COMP-P10,Northway Copper Reducer 28mm x 15mm Compression (Pack of 10),"Northway Copper Reducer 28mm x 15mm Compression (Pack of 10). WRAS approved copper fitting for hot and cold water and central heating. Imperial equivalent approx 1"".",each,10,23.37,CU-RED
CU-RED-NORT-28-22-EF,Northway Copper Reducer 28mm x 22mm End Feed,"Northway Copper Reducer 28mm x 22mm End Feed. WRAS approved copper fitting for hot and cold water and central heating. Imperial equivalent approx 1"".",each,1,2.45,CU-RED
CU-RED-NORT-28-22-EF-P10,Northway Copper Reducer 28mm x 22mm End Feed (Pack of 10),"Northway Copper Reducer 28mm x 22mm End Feed (Pack of 10). WRAS approved copper fitting for hot and cold water and central heating. Imperial equivalent approx 1"".",each,10,22.15,CU-RED
CU-RED-NORT-28-22-COMP,Northway Copper Reducer 28mm x 22mm Compression,"Northway Copper Reducer 28mm x 22mm Compression. WRAS approved copper fitting for hot and cold water and central heating. Imperial equivalent approx 1"".",each,1,2.37,CU-RED
CU-RED-NORT-28-22-COMP-P10,Northway Copper Reducer 28mm x 22mm Compression (Pack of 10),"Northway Copper Reducer 28mm x 22mm Compression (Pack of 10). WRAS approved copper fitting for hot and cold water and central heating. Imperial equivalent approx 1"".",each,10,26.03,CU-RED
CU-RED-NORT-35-8-EF,Northway Copper Reducer 35mm x 8mm End Feed,"Northway Copper Reducer 35mm x 8mm End Feed. WRAS approved copper fitting for hot and cold water and central heating. Imperial equivalent approx 1 1/4"".",each,1,2.54,CU-RED
CU-RED-NORT-35-8-EF-P10,Northway Copper Reducer 35mm x 8mm End Feed (Pack of 10),"Northway Copper Reducer 35mm x 8mm End Feed (Pack of 10). WRAS approved copper fitting for hot and cold water and central heating. Imperial equivalent approx 1 1/4"".",each,10,27.26,CU-RED
CU-RED-NORT-35-8-COMP,Northway Copper Reducer 35mm x 8mm Compression,"Northway Copper Reducer 35mm x 8mm Compression. WRAS approved copper fitting for hot and cold water and central heating. Imperial equivalent approx 1 1/4"".",each,1,2.7,CU-RED
CU-RED-NORT-35-8-COMP-P10,Northway Copper Reducer 35mm x 8mm Compression (Pack of 10),"Northway Copper Reducer 35mm x 8mm Compression (Pack of 10). WRAS approved copper fitting for hot and cold water and central heating. Imperial equivalent approx 1 1/4"".",each,10,28.1,CU-RED
CU-RED-NORT-35-10-EF,Northway Copper Reducer 35mm x 10mm End Feed,"Northway Copper Reducer 35mm x 10mm End Feed. WRAS approved copper fitting for hot and cold water and central heating. Imperial equivalent approx 1 1/4"".",each,1,2.81,CU-RED
CU-RED-NORT-35-10-EF-P10,Northway Copper Reducer 35mm x 10mm End Feed (Pack of 10),"Northway Copper Reducer 35mm x 10mm End Feed (Pack of 10). WRAS approved copper fitting for hot and cold water and central heating. Imperial equivalent approx 1 1/4"".",each,10,28.14,CU-RED
CU-RED-NORT-35-10-COMP,Northway Copper Reducer 35mm x 10mm Compression,"Northway Copper Reducer 35mm x 10mm Compression. WRAS approved copper fitting for hot and cold water and central heating. Imperial equivalent approx 1 1/4"".",each,1,2.56,CU-RED
CU-RED-NORT-35-10-COMP-P10,Northway Copper Reducer 35mm x 10mm Compression (Pack of 10),"Northway Copper Reducer 35mm x 10mm Compression (Pack of 10). WRAS approved copper fitting for hot and cold water and central heating. Imperial equivalent approx 1 1/4"".",each,10,25.29,CU-RED
CU-RED-NORT-35-15-EF,Northway Copper Reducer 35mm x 15mm End Feed,"Northway Copper Reducer 35mm x 15mm End Feed. WRAS approved copper fitting for hot and cold water and central heating. Imperial equivalent approx 1 1/4"".",each,1,2.74,CU-RED
CU-RED-NORT-35-15-EF-P10,Northway Copper Reducer 35mm x 15mm End Feed (Pack of 10),"Northway Copper Reducer 35mm x 15mm End Feed (Pack of 10). WRAS approved copper fitting for hot and cold water and central heating. Imperial equivalent approx 1 1/4"".",each,10,27.61,CU-RED
CU-RED-NORT-35-15-COMP,Northway Copper Reducer 35mm x 15mm Compression,"Northway Copper Reducer 35mm x 15mm Compression. WRAS approved copper fitting for hot and cold water and central heating. Imperial equivalent approx 1 1/4"".",each,1,2.82,CU-RED
CU-RED-NORT-35-15-COMP-P10,Northway Copper Reducer 35mm x 15mm Compression (Pack of 10),"Northway Copper Reducer 35mm x 15mm Compression (Pack of 10). WRAS approved copper fitting for hot and cold water and central heating. Imperial equivalent approx 1 1/4"".",each,10,23.81,CU-RED
CU-RED-NORT-35-22-EF,Northway Copper Reducer 35mm x 22mm End Feed,"Northway Copper Reducer 35mm x 22mm End Feed. WRAS approved copper fitting for hot and cold water and central heating. Imperial equivalent approx 1 1/4"".",each,1,2.4,CU-RED
CU-RED-NORT-35-22-EF-P10,Northway Copper Reducer 35mm x 22mm End Feed (Pack of 10),"Northway Copper Reducer 35mm x 22mm End Feed (Pack of 10). WRAS approved copper fitting for hot and cold water and central heating. Imperial equivalent approx 1 1/4"".",each,10,26.94,CU-RED
CU-RED-NORT-35-22-COMP,Northway Copper Reducer 35mm x 22mm Compression,"Northway Copper Reducer 35mm x 22mm Compression. WRAS approved copper fitting for hot and cold water and central heating. Imperial equivalent approx 1 1/4"".",each,1,2.85,CU-RED
CU-RED-NORT-35-22-COMP-P10,Northway Copper Reducer 35mm x 22mm Compression (Pack of 10),"Northway Copper Reducer 35mm x 22mm Compression (Pack of 10). WRAS approved copper fitting for hot and cold water and central heating. Imperial equivalent approx 1 1/4"".",each,10,28.86,CU-RED
CU-RED-NORT-42-8-EF,Northway Copper Reducer 42mm x 8mm End Feed,"Northway Copper Reducer 42mm x 8mm End Feed. WRAS approved copper fitting for hot and cold water and central heating. Imperial equivalent approx 1 1/2"".",each,1,3.01,CU-RED
CU-RED-NORT-42-8-EF-P10,Northway Copper Reducer 42mm x 8mm End Feed (Pack of 10),"Northway Copper Reducer 42mm x 8mm End Feed (Pack of 10). WRAS approved copper fitting for hot and cold water and central heating. Imperial equivalent approx 1 1/2"".",each,10,28.32,CU-RED
CU-RED-NORT-42-8-COMP,Northway Copper Reducer 42mm x 8mm Compression,"Northway Copper Reducer 42mm x 8mm Compression. WRAS approved copper fitting for hot and cold water and central heating. Imperial equivalent approx 1 1/2"".",each,1,2.64,CU-RED
CU-RED-NORT-42-8-COMP-P10,Northway Copper Reducer 42mm x 8mm Compression (Pack of 10),"Northway Copper Reducer 42mm x 8mm Compression (Pack of 10). WRAS approved copper fitting for hot and cold water and central heating. Imperial equivalent approx 1 1/2"".",each,10,29.47,CU-RED
CU-RED-NORT-42-10-EF,Northway Copper Reducer 42mm x 10mm End Feed,"Northway Copper Reducer 42mm x 10mm End Feed. WRAS approved copper fitting for hot and cold water and central heating. Imperial equivalent approx 1 1/2"".",each,1,3.08,CU-RED
CU-RED-NORT-42-10-EF-P10,Northway Copper Reducer 42mm x 10mm End Feed (Pack of 10),"Northway Copper Reducer 42mm x 10mm End Feed (Pack of 10). WRAS approved copper fitting for hot and cold water and central heating. Imperial equivalent approx 1 1/2"".",each,10,28.38,CU-RED
CU-RED-NORT-42-10-COMP,Northway Copper Reducer 42mm x 10mm Compression,"Northway Copper Reducer 42mm x 10mm Compression. WRAS approved copper fitting for hot and cold water and central heating. Imperial equivalent approx 1 1/2"".",each,1,2.98,CU-RED
CU-RED-NORT-42-10-COMP-P10,Northway Copper Reducer 42mm x 10mm Compression (Pack of 10),"Northway Copper Reducer 42mm x 10mm Compression (Pack of 10). WRAS approved copper fitting for hot and cold water and central heating. Imperial equivalent approx 1 1/2"".",each,10,31.02,CU-RED
CU-RED-NORT-42-15-EF,Northway Copper Reducer 42mm x 15mm End Feed,"Northway Copper Reducer 42mm x 15mm End Feed. WRAS approved copper fitting for hot and cold water and central heating. Imperial equivalent approx 1 1/2"".",each,1,2.61,CU-RED
CU-RED-NORT-42-15-EF-P10,Northway Copper Reducer 42mm x 15mm End Feed (Pack of 10),"Northway Copper Reducer 42mm x 15mm End Feed (Pack of 10). WRAS approved copper fitting for hot and cold water and central heating. Imperial equivalent approx 1 1/2"".",each,10,30.4,CU-RED
CU-RED-NORT-42-15-COMP,Northway Copper Reducer 42mm x 15mm Compression,"Northway Copper Reducer 42mm x 15mm Compression. WRAS approved copper fitting for hot and cold water and central heating. Imperial equivalent approx 1 1/2"".",each,1,2.75,CU-RED
CU-RED-NORT-42-15-COMP-P10,Northway Copper Reducer 42mm x 15mm Compression (Pack of 10),"Northway Copper Reducer 42mm x 15mm Compression (Pack of 10). WRAS approved copper fitting for hot and cold water and central heating. Imperial equivalent approx 1 1/2"".",each,10,27.98,CU-RED
CU-RED-NORT-42-22-EF,Northway Copper Reducer 42mm x 22mm End Feed,"Northway Copper Reducer 42mm x 22mm End Feed. WRAS approved copper fitting for hot and cold water and central heating. Imperial equivalent approx 1 1/2"".",each,1,2.67,CU-RED
CU-RED-NORT-42-22-EF-P10,Northway Copper Reducer 42mm x 22mm End Feed (Pack of 10),"Northway Copper Reducer 42mm x 22mm End Feed (Pack of 10). WRAS approved copper fitting for hot and cold water and central heating. Imperial equivalent approx 1 1/2"".",each,10,28.88,CU-RED
CU-RED-NORT-42-22-COMP,Northway Copper Reducer 42mm x 22mm Compression,"Northway Copper Reducer 42mm x 22mm Compression. WRAS approved copper fitting for hot and cold water and central heating. Imperial equivalent approx 1 1/2"".",each,1,2.91,CU-RED
CU-RED-NORT-42-22-COMP-P10,Northway Copper Reducer 42mm x 22mm Compression (Pack of 10),"Northway Copper Reducer 42mm x 22mm Compression (Pack of 10). WRAS approved copper fitting for hot and cold water and central heating. Imperial equivalent approx 1 1/2"".",each,10,30.38,CU-RED
CU-RED-NORT-54-8-EF,Northway Copper Reducer 54mm x 8mm End Feed,"Northway Copper Reducer 54mm x 8mm End Feed. WRAS approved copper fitting for hot and cold water and central heating. Imperial equivalent approx 2"".",each,1,3.07,CU-RED
CU-RED-NORT-54-8-EF-P10,Northway Copper Reducer 54mm x 8mm End Feed (Pack of 10),"Northway Copper Reducer 54mm x 8mm End Feed (Pack of 10). WRAS approved copper fitting for hot and cold water and central heating. Imperial equivalent approx 2"".",each,10,30.13,CU-RED
CU-RED-NORT-54-8-COMP,Northway Copper Reducer 54mm x 8mm Compression,"Northway Copper Reducer 54mm x 8mm Compression. WRAS approved copper fitting for hot and cold water and central heating. Imperial equivalent approx 2"".",each,1,3.53,CU-RED
CU-RED-NORT-54-8-COMP-P10,Northway Copper Reducer 54mm x 8mm Compression (Pack of 10),"Northway Copper Reducer 54mm x 8mm Compression (Pack of 10). WRAS approved copper fitting for hot and cold water and central heating. Imperial equivalent approx 2"".",each,10,33.69,CU-RED
CU-RED-NORT-54-10-EF,Northway Copper Reducer 54mm x 10mm End Feed,"Northway Copper Reducer 54mm x 10mm End Feed. WRAS approved copper fitting for hot and cold water and central heating. Imperial equivalent approx 2"".",each,1,3.12,CU-RED
CU-RED-NORT-54-10-EF-P10,Northway Copper Reducer 54mm x 10mm End Feed (Pack of 10),"Northway Copper Reducer 54mm x 10mm End Feed (Pack of 10). WRAS approved copper fitting for hot and cold water and central heating. Imperial equivalent approx 2"".",each,10,35.62,CU-RED
CU-RED-NORT-54-10-COMP,Northway Copper Reducer 54mm x 10mm Compression,"Northway Copper Reducer 54mm x 10mm Compression. WRAS approved copper fitting for hot and cold water and central heating. Imperial equivalent approx 2"".",each,1,3.06,CU-RED
CU-RED-NORT-54-10-COMP-P10,Northway Copper Reducer 54mm x 10mm Compression (Pack of 10),"Northway Copper Reducer 54mm x 10mm Compression (Pack of 10). WRAS approved copper fitting for hot and cold water and central heating. Imperial equivalent approx 2"".",each,10,32.64,CU-RED
CU-RED-NORT-54-15-EF,Northway Copper Reducer 54mm x 15mm End Feed,"Northway Copper Reducer 54mm x 15mm End Feed. WRAS approved copper fitting for hot and cold water and central heating. Imperial equivalent approx 2"".",each,1,3.13,CU-RED
CU-RED-NORT-54-15-EF-P10,Northway Copper Reducer 54mm x 15mm End Feed (Pack of 10),"Northway Copper Reducer 54mm x 15mm End Feed (Pack of 10). WRAS approved copper fitting for hot and cold water and central heating. Imperial equivalent approx 2"".",each,10,31.29,CU-RED
CU-RED-NORT-54-15-COMP,Northway Copper Reducer 54mm x 15mm Compression,"Northway Copper Reducer 54mm x 15mm Compression. WRAS approved copper fitting for hot and cold water and central heating. Imperial equivalent approx 2"".",each,1,2.97,CU-RED
CU-RED-NORT-54-15-COMP-P10,Northway Copper Reducer 54mm x 15mm Compression (Pack of 10),"Northway Copper Reducer 54mm x 15mm Compression (Pack of 10). WRAS approved copper fitting for hot and cold water and central heating. Imperial equivalent approx 2"".",each,10,34.9,CU-RED
CU-RED-NORT-54-22-EF,Northway Copper Reducer 54mm x 22mm End Feed,"Northway Copper Reducer 54mm x 22mm End Feed. WRAS approved copper fitting for hot and cold water and central heating. Imperial equivalent approx 2"".",each,1,3.55,CU-RED
CU-RED-NORT-54-22-EF-P10,Northway Copper Reducer 54mm x 22mm End Feed (Pack of 10),"Northway Copper Reducer 54mm x 22mm End Feed (Pack of 10). WRAS approved copper fitting for hot and cold water and central heating. Imperial equivalent approx 2"".",each,10,34.07,CU-RED
CU-RED-NORT-54-22-COMP,Northway Copper Reducer 54mm x 22mm Compression,"Northway Copper Reducer 54mm x 22mm Compression. WRAS approved copper fitting for hot and cold water and central heating. Imperial equivalent approx 2"".",each,1,3.06,CU-RED
CU-RED-NORT-54-22-COMP-P10,Northway Copper Reducer 54mm x 22mm Compression (Pack of 10),"Northway Copper Reducer 54mm x 22mm Compression (Pack of 10). WRAS approved copper fitting for hot and cold water and central heating. Imperial equivalent approx 2"".",each,10,32.52,CU-RED
CU-RED-PROF-15-8-EF,ProFlow Copper Reducer 15mm x 8mm End Feed,"ProFlow Copper Reducer 15mm x 8mm End Feed. WRAS approved copper fitting for hot and cold water and central heating. Imperial equivalent approx 1/2"".",each,1,1.87,CU-RED
CU-RED-PROF-15-8-EF-P10,ProFlow Copper Reducer 15mm x 8mm End Feed (Pack of 10),"ProFlow Copper Reducer 15mm x 8mm End Feed (Pack of 10). WRAS approved copper fitting for hot and cold water and central heating. Imperial equivalent approx 1/2"".",each,10,19.59,CU-RED
CU-RED-PROF-15-8-COMP,ProFlow Copper Reducer 15mm x 8mm Compression,"ProFlow Copper Reducer 15mm x 8mm Compression. WRAS approved copper fitting for hot and cold water and central heating. Imperial equivalent approx 1/2"".",each,1,1.98,CU-RED
CU-RED-PROF-15-8-COMP-P10,ProFlow Copper Reducer 15mm x 8mm Compression (Pack of 10),"ProFlow Copper Reducer 15mm x 8mm Compression (Pack of 10). WRAS approved copper fitting for hot and cold water and central heating. Imperial equivalent approx 1/2"".",each,10,18.96,CU-RED
CU-RED-PROF-15-10-EF,ProFlow Copper Reducer 15mm x 10mm End Feed,"ProFlow Copper Reducer 15mm x 10mm End Feed. WRAS approved copper fitting for hot and cold water and central heating. Imperial equivalent approx 1/2"".",each,1,1.83,CU-RED
CU-RED-PROF-15-10-EF-P10,ProFlow Copper Reducer 15mm x 10mm End Feed (Pack of 10),"ProFlow Copper Reducer 15mm x 10mm End Feed (Pack of 10). WRAS approved copper fitting for hot and cold water and central heating. Imperial equivalent approx 1/2"".",each,10,20.58,CU-RED
CU-RED-PROF-15-10-COMP,ProFlow Copper Reducer 15mm x 10mm Compression,"ProFlow Copper Reducer 15mm x 10mm Compression. WRAS approved copper fitting for hot and cold water and central heating. Imperial equivalent approx 1/2"".",each,1,1.81,CU-RED
CU-RED-PROF-15-10-COMP-P10,ProFlow Copper Reducer 15mm x 10mm Compression (Pack of 10),"ProFlow Copper Reducer 15mm x 10mm Compression (Pack of 10). WRAS approved copper fitting for hot and cold water and central heating. Imperial equivalent approx 1/2"".",each,10,18.81,CU-RED
CU-RED-PROF-22-8-EF,ProFlow Copper Reducer 22mm x 8mm End Feed,"ProFlow Copper Reducer 22mm x 8mm End Feed. WRAS approved copper fitting for hot and cold water and central heating. Imperial equivalent approx 3/4"".",each,1,2.16,CU-RED
CU-RED-PROF-22-8-EF-P10,ProFlow Copper Reducer 22mm x 8mm End Feed (Pack of 10),"ProFlow Copper Reducer 22mm x 8mm End Feed (Pack of 10). WRAS approved copper fitting for hot and cold water and central heating. Imperial equivalent approx 3/4"".",each,10,20.56,CU-RED
CU-RED-PROF-22-8-COMP,ProFlow Copper Reducer 22mm x 8mm Compression,"ProFlow Copper Reducer 22mm x 8mm Compression. WRAS approved copper fitting for hot and cold water and central heating. Imperial equivalent approx 3/4"".",each,1,2.2,CU-RED
CU-RED-PROF-22-8-COMP-P10,ProFlow Copper Reducer 22mm x 8mm Compression (Pack of 10),"ProFlow Copper Reducer 22mm x 8mm Compression (Pack of 10). WRAS approved copper fitting for hot and cold water and central heating. Imperial equivalent approx 3/4"".",each,10,22.02,CU-RED
CU-RED-PROF-22-10-EF,ProFlow Copper Reducer 22mm x 10mm End Feed,"ProFlow Copper Reducer 22mm x 10mm End Feed. WRAS approved copper fitting for hot and cold water and central heating. Imperial equivalent approx 3/4"".",each,1,2.38,CU-RED
CU-RED-PROF-22-10-EF-P10,ProFlow Copper Reducer 22mm x 10mm End Feed (Pack of 10),"ProFlow Copper Reducer 22mm x 10mm End Feed (Pack of 10). WRAS approved copper fitting for hot and cold water and central heating. Imperial equivalent approx 3/4"".",each,10,20.81,CU-RED
CU-RED-PROF-22-10-COMP,ProFlow Copper Reducer 22mm x 10mm Compression,"ProFlow Copper Reducer 22mm x 10mm Compression. WRAS approved copper fitting for hot and cold water and central heating. Imperial equivalent approx 3/4"".",each,1,2.38,CU-RED
CU-RED-PROF-22-10-COMP-P10,ProFlow Copper Reducer 22mm x 10mm Compression (Pack of 10),"ProFlow Copper Reducer 22mm x 10mm Compression (Pack of 10). WRAS approved copper fitting for hot and cold water and central heating. Imperial equivalent approx 3/4"".",each,10,22.39,CU-RED
CU-RED-PROF-22-15-EF,ProFlow Copper Reducer 22mm x 15mm End Feed,"ProFlow Copper Reducer 22mm x 15mm End Feed. WRAS approved copper fitting for hot and cold water and central heating. Imperial equivalent approx 3/4"".",each,1,2.07,CU-RED
CU-RED-PROF-22-15-EF-P10,ProFlow Copper Reducer 22mm x 15mm End Feed (Pack of 10),"ProFlow Copper Reducer 22mm x 15mm End Feed (Pack of 10). WRAS approved copper fitting for hot and cold water and central heating. Imperial equivalent approx 3/4"".",each,10,21.99,CU-RED
CU-RED-PROF-22-15-COMP,ProFlow Copper Reducer 22mm x 15mm Compression,"ProFlow Copper Reducer 22mm x 15mm Compression. WRAS approved copper fitting for hot and cold water and central heating. Imperial equivalent approx 3/4"".",each,1,2.25,CU-RED
CU-RED-PROF-22-15-COMP-P10,ProFlow Copper Reducer 22mm x 15mm Compression (Pack of 10),"ProFlow Copper Reducer 22mm x 15mm Compression (Pack of 10). WRAS approved copper fitting for hot and cold water and central heating. Imperial equivalent approx 3/4"".",each,10,22.76,CU-RED
CU-RED-PROF-28-8-EF,ProFlow Copper Reducer 28mm x 8mm End Feed,"ProFlow Copper Reducer 28mm x 8mm End Feed. WRAS approved copper fitting for hot and cold water and central heating. Imperial equivalent approx 1"".",each,1,2.17,CU-RED
CU-RED-PROF-28-8-EF-P10,ProFlow Copper Reducer 28mm x 8mm End Feed (Pack of 10),"ProFlow Copper Reducer 28mm x 8mm End Feed (Pack of 10). WRAS approved copper fitting for hot and cold water and central heating. Imperial equivalent approx 1"".",each,10,24.31,CU-RED
CU-RED-PROF-28-8-COMP,ProFlow Copper Reducer 28mm x 8mm Compression,"ProFlow Copper Reducer 28mm x 8mm Compression. WRAS approved copper fitting for hot and cold water and central heating. Imperial equivalent approx 1"".",each,1,2.38,CU-RED
CU-RED-PROF-28-8-COMP-P10,ProFlow Copper Reducer 28mm x 8mm Compression (Pack of 10),"ProFlow Copper Reducer 28mm x 8mm Compression (Pack of 10). WRAS approved copper fitting for hot and cold water and central heating. Imperial equivalent approx 1"".",each,10,25.72,CU-RED
CU-RED-PROF-28-10-EF,ProFlow Copper Reducer 28mm x 10mm End Feed,"ProFlow Copper Reducer 28mm x 10mm End Feed. WRAS approved copper fitting for hot and cold water and central heating. Imperial equivalent approx 1"".",each,1,2.28,CU-RED
CU-RED-PROF-28-10-EF-P10,ProFlow Copper Reducer 28mm x 10mm End Feed (Pack of 10),"ProFlow Copper Reducer 28mm x 10mm End Feed (Pack of 10). WRAS approved copper fitting for hot and cold water and central heating. Imperial equivalent approx 1"".",each,10,25.22,CU-RED
CU-RED-PROF-28-10-COMP,ProFlow Copper Reducer 28mm x 10mm Compression,"ProFlow Copper Reducer 28mm x 10mm Compression. WRAS approved copper fitting for hot and cold water and central heating. Imperial equivalent approx 1"".",each,1,2.43,CU-RED
CU-RED-PROF-28-10-COMP-P10,ProFlow Copper Reducer 28mm x 10mm Compression (Pack of 10),"ProFlow Copper Reducer 28mm x 10mm Compression (Pack of 10). WRAS approved copper fitting for hot and cold water and central heating. Imperial equivalent approx 1"".",each,10,23.1,CU-RED
CU-RED-PROF-28-15-EF,ProFlow Copper Reducer 28mm x 15mm End Feed,"ProFlow Copper Reducer 28mm x 15mm End Feed. WRAS approved copper fitting for hot and cold water and central heating. Imperial equivalent approx 1"".",each,1,2.45,CU-RED
CU-RED-PROF-28-15-EF-P10,ProFlow Copper Reducer 28mm x 15mm End Feed (Pack of 10),"ProFlow Copper Reducer 28mm x 15mm End Feed (Pack of 10). WRAS approved copper fitting for hot and cold water and central heating. Imperial equivalent approx 1"".",each,10,24.38,CU-RED
CU-RED-PROF-28-15-COMP,ProFlow Copper Reducer 28mm x 15mm Compression,"ProFlow Copper Reducer 28mm x 15mm Compression. WRAS approved copper fitting for hot and cold water and central heating. Imperial equivalent approx 1"".",each,1,2.46,CU-RED
CU-RED-PROF-28-15-COMP-P10,ProFlow Copper Reducer 28mm x 15mm Compression (Pack of 10),"ProFlow Copper Reducer 28mm x 15mm Compression (Pack of 10). WRAS approved copper fitting for hot and cold water and central heating. Imperial equivalent approx 1"".",each,10,24.85,CU-RED
CU-RED-PROF-28-22-EF,ProFlow Copper Reducer 28mm x 22mm End Feed,"ProFlow Copper Reducer 28mm x 22mm End Feed. WRAS approved copper fitting for hot and cold water and central heating. Imperial equivalent approx 1"".",each,1,2.46,CU-RED
CU-RED-PROF-28-22-EF-P10,ProFlow Copper Reducer 28mm x 22mm End Feed (Pack of 10),"ProFlow Copper Reducer 28mm x 22mm End Feed (Pack of 10). WRAS approved copper fitting for hot and cold water and central heating. Imperial equivalent approx 1"".",each,10,25.41,CU-RED
CU-RED-PROF-28-22-COMP,ProFlow Copper Reducer 28mm x 22mm Compression,"ProFlow Copper Reducer 28mm x 22mm Compression. WRAS approved copper fitting for hot and cold water and central heating. Imperial equivalent approx 1"".",each,1,2.44,CU-RED
CU-RED-PROF-28-22-COMP-P10,ProFlow Copper Reducer 28mm x 22mm Compression (Pack of 10),"ProFlow Copper Reducer 28mm x 22mm Compression (Pack of 10). WRAS approved copper fitting for hot and cold water and central heating. Imperial equivalent approx 1"".",each,10,25.72,CU-RED
CU-RED-PROF-35-8-EF,ProFlow Copper Reducer 35mm x 8mm End Feed,"ProFlow Copper Reducer 35mm x 8mm End Feed. WRAS approved copper fitting for hot and cold water and central heating. Imperial equivalent approx 1 1/4"".",each,1,2.7,CU-RED
CU-RED-PROF-35-8-EF-P10,ProFlow Copper Reducer 35mm x 8mm End Feed (Pack of 10),"ProFlow Copper Reducer 35mm x 8mm End Feed (Pack of 10). WRAS approved copper fitting for hot and cold water and central heating. Imperial equivalent approx 1 1/4"".",each,10,25.25,CU-RED
CU-RED-PROF-35-8-COMP,ProFlow Copper Reducer 35mm x 8mm Compression,"ProFlow Copper Reducer 35mm x 8mm Compression. WRAS approved copper fitting for hot and cold water and central heating. Imperial equivalent approx 1 1/4"".",each,1,2.59,CU-RED
CU-RED-PROF-35-8-COMP-P10,ProFlow Copper Reducer 35mm x 8mm Compression (Pack of 10),"ProFlow Copper Reducer 35mm x 8mm Compression (Pack of 10). WRAS approved copper fitting for hot and cold water and central heating. Imperial equivalent approx 1 1/4"".",each,10,26.67,CU-RED
CU-RED-PROF-35-10-EF,ProFlow Copper Reducer 35mm x 10mm End Feed,"ProFlow Copper Reducer 35mm x 10mm End Feed. WRAS approved copper fitting for hot and cold water and central heating. Imperial equivalent approx 1 1/4"".",each,1,2.75,CU-RED
CU-RED-PROF-35-10-EF-P10,ProFlow Copper Reducer 35mm x 10mm End Feed (Pack of 10),"ProFlow Copper Reducer 35mm x 10mm End Feed (Pack of 10). WRAS approved copper fitting for hot and cold water and central heating. Imperial equivalent approx 1 1/4"".",each,10,24.1,CU-RED
CU-RED-PROF-35-10-COMP,ProFlow Copper Reducer 35mm x 10mm Compression,"ProFlow Copper Reducer 35mm x 10mm Compression. WRAS approved copper fitting for hot and cold water and central heating. Imperial equivalent approx 1 1/4"".",each,1,2.52,CU-RED
CU-RED-PROF-35-10-COMP-P10,ProFlow Copper Reducer 35mm x 10mm Compression (Pack of 10),"ProFlow Copper Reducer 35mm x 10mm Compression (Pack of 10). WRAS approved copper fitting for hot and cold water and central heating. Imperial equivalent approx 1 1/4"".",each,10,27.55,CU-RED
CU-RED-PROF-35-15-EF,ProFlow Copper Reducer 35mm x 15mm End Feed,"ProFlow Copper Reducer 35mm x 15mm End Feed. WRAS approved copper fitting for hot and cold water and central heating. Imperial equivalent approx 1 1/4"".",each,1,2.45,CU-RED
CU-RED-PROF-35-15-EF-P10,ProFlow Copper Reducer 35mm x 15mm End Feed (Pack of 10),"ProFlow Copper Reducer 35mm x 15mm End Feed (Pack of 10). WRAS approved copper fitting for hot and cold water and central heating. Imperial equivalent approx 1 1/4"".",each,10,24.32,CU-RED
CU-RED-PROF-35-15-COMP,ProFlow Copper Reducer 35mm x 15mm Compression,"ProFlow Copper Reducer 35mm x 15mm Compression. WRAS approved copper fitting for hot and cold water and central heating. Imperial equivalent approx 1 1/4"".",each,1,2.65,CU-RED
CU-RED-PROF-35-15-COMP-P10,ProFlow Copper Reducer 35mm x 15mm Compression (Pack of 10),"ProFlow Copper Reducer 35mm x 15mm Compression (Pack of 10). WRAS approved copper fitting for hot and cold water and central heating. Imperial equivalent approx 1 1/4"".",each,10,28.73,CU-RED
CU-RED-PROF-35-22-EF,ProFlow Copper Reducer 35mm x 22mm End Feed,"ProFlow Copper Reducer 35mm x 22mm End Feed. WRAS approved copper fitting for hot and cold water and central heating. Imperial equivalent approx 1 1/4"".",each,1,2.64,CU-RED
CU-RED-PROF-35-22-EF-P10,ProFlow Copper Reducer 35mm x 22mm End Feed (Pack of 10),"ProFlow Copper Reducer 35mm x 22mm End Feed (Pack of 10). WRAS approved copper fitting for hot and cold water and central heating. Imperial equivalent approx 1 1/4"".",each,10,28.42,CU-RED
CU-RED-PROF-35-22-COMP,ProFlow Copper Reducer 35mm x 22mm Compression,"ProFlow Copper Reducer 35mm x 22mm Compression. WRAS approved copper fitting for hot and cold water and central heating. Imperial equivalent approx 1 1/4"".",each,1,2.8,CU-RED
CU-RED-PROF-35-22-COMP-P10,ProFlow Copper Reducer 35mm x 22mm Compression (Pack of 10),"ProFlow Copper Reducer 35mm x 22mm Compression (Pack of 10). WRAS approved copper fitting for hot and cold water and central heating. Imperial equivalent approx 1 1/4"".",each,10,24.97,CU-RED
CU-RED-PROF-42-8-EF,ProFlow Copper Reducer 42mm x 8mm End Feed,"ProFlow Copper Reducer 42mm x 8mm End Feed. WRAS approved copper fitting for hot and cold water and central heating. Imperial equivalent approx 1 1/2"".",each,1,3.06,CU-RED
CU-RED-PROF-42-8-EF-P10,ProFlow Copper Reducer 42mm x 8mm End Feed (Pack of 10),"ProFlow Copper Reducer 42mm x 8mm End Feed (Pack of 10). WRAS approved copper fitting for hot and cold water and central heating. Imperial equivalent approx 1 1/2"".",each,10,28.6,CU-RED
CU-RED-PROF-42-8-COMP,ProFlow Copper Reducer 42mm x 8mm Compression,"ProFlow Copper Reducer 42mm x 8mm Compression. WRAS approved copper fitting for hot and cold water and central heating. Imperial equivalent approx 1 1/2"".",each,1,3.05,CU-RED
CU-RED-PROF-42-8-COMP-P10,ProFlow Copper Reducer 42mm x 8mm Compression (Pack of 10),"ProFlow Copper Reducer 42mm x 8mm Compression (Pack of 10). WRAS approved copper fitting for hot and cold water and central heating. Imperial equivalent approx 1 1/2"".",each,10,30.12,CU-RED
CU-RED-PROF-42-10-EF,ProFlow Copper Reducer 42mm x 10mm End Feed,"ProFlow Copper Reducer 42mm x 10mm End Feed. WRAS approved copper fitting for hot and cold water and central heating. Imperial equivalent approx 1 1/2"".",each,1,2.78,CU-RED
CU-RED-PROF-42-10-EF-P10,ProFlow Copper Reducer 42mm x 10mm End Feed (Pack of 10),"ProFlow Copper Reducer 42mm x 10mm End Feed (Pack of 10). WRAS approved copper fitting for hot and cold water and central heating. Imperial equivalent approx 1 1/2"".",each,10,26.49,CU-RED
CU-RED-PROF-42-10-COMP,ProFlow Copper Reducer 42mm x 10mm Compression,"ProFlow Copper Reducer 42mm x 10mm Compression. WRAS approved copper fitting for hot and cold water and central heating. Imperial equivalent approx 1 1/2"".",each,1,3.14,CU-RED
CU-RED-PROF-42-10-COMP-P10,ProFlow Copper Reducer 42mm x 10mm Compression (Pack of 10),"ProFlow Copper Reducer 42mm x 10mm Compression (Pack of 10). WRAS approved copper fitting for hot and cold water and central heating. Imperial equivalent approx 1 1/2"".",each,10,26.64,CU-RED
CU-RED-PROF-42-15-EF,ProFlow Copper Reducer 42mm x 15mm End Feed,"ProFlow Copper Reducer 42mm x 15mm End Feed. WRAS approved copper fitting for hot and cold water and central heating. Imperial equivalent approx 1 1/2"".",each,1,3.14,CU-RED
CU-RED-PROF-42-15-EF-P10,ProFlow Copper Reducer 42mm x 15mm End Feed (Pack of 10),"ProFlow Copper Reducer 42mm x 15mm End Feed (Pack of 10). WRAS approved copper fitting for hot and cold water and central heating. Imperial equivalent approx 1 1/2"".",each,10,30.77,CU-RED
CU-RED-PROF-42-15-COMP,ProFlow Copper Reducer 42mm x 15mm Compression,"ProFlow Copper Reducer 42mm x 15mm Compression. WRAS approved copper fitting for hot and cold water and central heating. Imperial equivalent approx 1 1/2"".",each,1,3.0,CU-RED
CU-RED-PROF-42-15-COMP-P10,ProFlow Copper Reducer 42mm x 15mm Compression (Pack of 10),"ProFlow Copper Reducer 42mm x 15mm Compression (Pack of 10). WRAS approved copper fitting for hot and cold water and central heating. Imperial equivalent approx 1 1/2"".",each,10,31.45,CU-RED
CU-RED-PROF-42-22-EF,ProFlow Copper Reducer 42mm x 22mm End Feed,"ProFlow Copper Reducer 42mm x 22mm End Feed. WRAS approved copper fitting for hot and cold water and central heating. Imperial equivalent approx 1 1/2"".",each,1,3.14,CU-RED
CU-RED-PROF-42-22-EF-P10,ProFlow Copper Reducer 42mm x 22mm End Feed (Pack of 10),"ProFlow Copper Reducer 42mm x 22mm End Feed (Pack of 10). WRAS approved copper fitting for hot and cold water and central heating. Imperial equivalent approx 1 1/2"".",each,10,30.45,CU-RED
CU-RED-PROF-42-22-COMP,ProFlow Copper Reducer 42mm x 22mm Compression,"ProFlow Copper Reducer 42mm x 22mm Compression. WRAS approved copper fitting for hot and cold water and central heating. Imperial equivalent approx 1 1/2"".",each,1,2.79,CU-RED
CU-RED-PROF-42-22-COMP-P10,ProFlow Copper Reducer 42mm x 22mm Compression (Pack of 10),"ProFlow Copper Reducer 42mm x 22mm Compression (Pack of 10). WRAS approved copper fitting for hot and cold water and central heating. Imperial equivalent approx 1 1/2"".",each,10,30.37,CU-RED
CU-RED-PROF-54-8-EF,ProFlow Copper Reducer 54mm x 8mm End Feed,"ProFlow Copper Reducer 54mm x 8mm End Feed. WRAS approved copper fitting for hot and cold water and central heating. Imperial equivalent approx 2"".",each,1,2.97,CU-RED
CU-RED-PROF-54-8-EF-P10,ProFlow Copper Reducer 54mm x 8mm End Feed (Pack of 10),"ProFlow Copper Reducer 54mm x 8mm End Feed (Pack of 10). WRAS approved copper fitting for hot and cold water and central heating. Imperial equivalent approx 2"".",each,10,33.14,CU-RED
CU-RED-PROF-54-8-COMP,ProFlow Copper Reducer 54mm x 8mm Compression,"ProFlow Copper Reducer 54mm x 8mm Compression. WRAS approved copper fitting for hot and cold water and central heating. Imperial equivalent approx 2"".",each,1,3.26,CU-RED
CU-RED-PROF-54-8-COMP-P10,ProFlow Copper Reducer 54mm x 8mm Compression (Pack of 10),"ProFlow Copper Reducer 54mm x 8mm Compression (Pack of 10). WRAS approved copper fitting for hot and cold water and central heating. Imperial equivalent approx 2"".",each,10,34.04,CU-RED
CU-RED-PROF-54-10-EF,ProFlow Copper Reducer 54mm x 10mm End Feed,"ProFlow Copper Reducer 54mm x 10mm End Feed. WRAS approved copper fitting for hot and cold water and central heating. Imperial equivalent approx 2"".",each,1,3.4,CU-RED
CU-RED-PROF-54-10-EF-P10,ProFlow Copper Reducer 54mm x 10mm End Feed (Pack of 10),"ProFlow Copper Reducer 54mm x 10mm End Feed (Pack of 10). WRAS approved copper fitting for hot and cold water and central heating. Imperial equivalent approx 2"".",each,10,33.46,CU-RED
CU-RED-PROF-54-10-COMP,ProFlow Copper Reducer 54mm x 10mm Compression,"ProFlow Copper Reducer 54mm x 10mm Compression. WRAS approved copper fitting for hot and cold water and central heating. Imperial equivalent approx 2"".",each,1,3.5,CU-RED
CU-RED-PROF-54-10-COMP-P10,ProFlow Copper Reducer 54mm x 10mm Compression (Pack of 10),"ProFlow Copper Reducer 54mm x 10mm Compression (Pack of 10). WRAS approved copper fitting for hot and cold water and central heating. Imperial equivalent approx 2"".",each,10,35.8,CU-RED
CU-RED-PROF-54-15-EF,ProFlow Copper Reducer 54mm x 15mm End Feed,"ProFlow Copper Reducer 54mm x 15mm End Feed. WRAS approved copper fitting for hot and cold water and central heating. Imperial equivalent approx 2"".",each,1,3.03,CU-RED
CU-RED-PROF-54-15-EF-P10,ProFlow Copper Reducer 54mm x 15mm End Feed (Pack of 10),"ProFlow Copper Reducer 54mm x 15mm End Feed (Pack of 10). WRAS approved copper fitting for hot and cold water and central heating. Imperial equivalent approx 2"".",each,10,31.15,CU-RED
CU-RED-PROF-54-15-COMP,ProFlow Copper Reducer 54mm x 15mm Compression,"ProFlow Copper Reducer 54mm x 15mm Compression. WRAS approved copper fitting for hot and cold water and central heating. Imperial equivalent approx 2"".",each,1,2.98,CU-RED
CU-RED-PROF-54-15-COMP-P10,ProFlow Copper Reducer 54mm x 15mm Compression (Pack of 10),"ProFlow Copper Reducer 54mm x 15mm Compression (Pack of 10). WRAS approved copper fitting for hot and cold water and central heating. Imperial equivalent approx 2"".",each,10,35.43,CU-RED
CU-RED-PROF-54-22-EF,ProFlow Copper Reducer 54mm x 22mm End Feed,"ProFlow Copper Reducer 54mm x 22mm End Feed. WRAS approved copper fitting for hot and cold water and central heating. Imperial equivalent approx 2"".",each,1,3.33,CU-RED
CU-RED-PROF-54-22-EF-P10,ProFlow Copper Reducer 54mm x 22mm End Feed (Pack of 10),"ProFlow Copper Reducer 54mm x 22mm End Feed (Pack of 10). WRAS approved copper fitting for hot and cold water and central heating. Imperial equivalent approx 2"".",each,10,35.63,CU-RED
CU-RED-PROF-54-22-COMP,ProFlow Copper Reducer 54mm x 22mm Compression,"ProFlow Copper Reducer 54mm x 22mm Compression. WRAS approved copper fitting for hot and cold water and central heating. Imperial equivalent approx 2"".",each,1,3.11,CU-RED
CU-RED-PROF-54-22-COMP-P10,ProFlow Copper Reducer 54mm x 22mm Compression (Pack of 10),"ProFlow Copper Reducer 54mm x 22mm Compression (Pack of 10). WRAS approved copper fitting for hot and cold water and central heating. Imperial equivalent approx 2"".",each,10,30.03,CU-RED
BR-VLV-ISO-KEST-15-SLOT,Kestrel Brass Isolating Valve 15mm Slotted,"Kestrel Brass Isolating Valve 15mm Slotted. DZR brass valve, WRAS approved.",each,1,5.71,BR-VLV-ISO
BR-VLV-ISO-KEST-15-SLOT-P5,Kestrel Brass Isolating Valve 15mm Slotted (Pack of 5),"Kestrel Brass Isolating Valve 15mm Slotted (Pack of 5). DZR brass valve, WRAS approved.",each,5,29.01,BR-VLV-ISO
BR-VLV-ISO-KEST-15-LR,Kestrel Brass Isolating Valve 15mm Lever Red,"Kestrel Brass Isolating Valve 15mm Lever Red. DZR brass valve, WRAS approved.",each,1,5.15,BR-VLV-ISO
BR-VLV-ISO-KEST-15-LR-P5,Kestrel Brass Isolating Valve 15mm Lever Red (Pack of 5),"Kestrel Brass Isolating Valve 15mm Lever Red (Pack of 5). DZR brass valve, WRAS approved.",each,5,26.32,BR-VLV-ISO
BR-VLV-ISO-KEST-15-LB,Kestrel Brass Isolating Valve 15mm Lever Blue,"Kestrel Brass Isolating Valve 15mm Lever Blue. DZR brass valve, WRAS approved.",each,1,4.98,BR-VLV-ISO
BR-VLV-ISO-KEST-15-LB-P5,Kestrel Brass Isolating Valve 15mm Lever Blue (Pack of 5),"Kestrel Brass Isolating Valve 15mm Lever Blue (Pack of 5). DZR brass valve, WRAS approved.",each,5,29.21,BR-VLV-ISO
BR-VLV-ISO-KEST-22-SLOT,Kestrel Brass Isolating Valve 22mm Slotted,"Kestrel Brass Isolating Valve 22mm Slotted. DZR brass valve, WRAS approved.",each,1,5.81,BR-VLV-ISO
BR-VLV-ISO-KEST-22-SLOT-P5,Kestrel Brass Isolating Valve 22mm Slotted (Pack of 5),"Kestrel Brass Isolating Valve 22mm Slotted (Pack of 5). DZR brass valve, WRAS approved.",each,5,30.18,BR-VLV-ISO
BR-VLV-ISO-KEST-22-LR,Kestrel Brass Isolating Valve 22mm Lever Red,"Kestrel Brass Isolating Valve 22mm Lever Red. DZR brass valve, WRAS approved.",each,1,5.56,BR-VLV-ISO
BR-VLV-ISO-KEST-22-LR-P5,Kestrel Brass Isolating Valve 22mm Lever Red (Pack of 5),"Kestrel Brass Isolating Valve 22mm Lever Red (Pack of 5). DZR brass valve, WRAS approved.",each,5,32.57,BR-VLV-ISO
BR-VLV-ISO-KEST-22-LB,Kestrel Brass Isolating Valve 22mm Lever Blue,"Kestrel Brass Isolating Valve 22mm Lever Blue. DZR brass valve, WRAS approved.",each,1,5.6,BR-VLV-ISO
BR-VLV-ISO-KEST-22-LB-P5,Kestrel Brass Isolating Valve 22mm Lever Blue (Pack of 5),"Kestrel Brass Isolating Valve 22mm Lever Blue (Pack of 5). DZR brass valve, WRAS approved.",each,5,29.94,BR-VLV-ISO
BR-VLV-ISO-KEST-28-SLOT,Kestrel Brass Isolating Valve 28mm Slotted,"Kestrel Brass Isolating Valve 28mm Slotted. DZR brass valve, WRAS approved.",each,1,6.86,BR-VLV-ISO
BR-VLV-ISO-KEST-28-SLOT-P5,Kestrel Brass Isolating Valve 28mm Slotted (Pack of 5),"Kestrel Brass Isolating Valve 28mm Slotted (Pack of 5). DZR brass valve, WRAS approved.",each,5,34.76,BR-VLV-ISO
BR-VLV-ISO-KEST-28-LR,Kestrel Brass Isolating Valve 28mm Lever Red,"Kestrel Brass Isolating Valve 28mm Lever Red. DZR brass valve, WRAS approved.",each,1,7.22,BR-VLV-ISO
BR-VLV-ISO-KEST-28-LR-P5,Kestrel Brass Isolating Valve 28mm Lever Red (Pack of 5),"Kestrel Brass Isolating Valve 28mm Lever Red (Pack of 5). DZR brass valve, WRAS approved.",each,5,32.61,BR-VLV-ISO
BR-VLV-ISO-KEST-28-LB,Kestrel Brass Isolating Valve 28mm Lever Blue,"Kestrel Brass Isolating Valve 28mm Lever Blue. DZR brass valve, WRAS approved.",each,1,6.95,BR-VLV-ISO
BR-VLV-ISO-KEST-28-LB-P5,Kestrel Brass Isolating Valve 28mm Lever Blue (Pack of 5),"Kestrel Brass Isolating Valve 28mm Lever Blue (Pack of 5). DZR brass valve, WRAS approved.",each,5,30.86,BR-VLV-ISO
BR-VLV-ISO-NORT-15-SLOT,Northway Brass Isolating Valve 15mm Slotted,"Northway Brass Isolating Valve 15mm Slotted. DZR brass valve, WRAS approved.",each,1,5.27,BR-VLV-ISO
BR-VLV-ISO-NORT-15-SLOT-P5,Northway Brass Isolating Valve 15mm Slotted (Pack of 5),"Northway Brass Isolating Valve 15mm Slotted (Pack of 5). DZR brass valve, WRAS approved.",each,5,24.66,BR-VLV-ISO
BR-VLV-ISO-NORT-15-LR,Northway Brass Isolating Valve 15mm Lever Red,"Northway Brass Isolating Valve 15mm Lever Red. DZR brass valve, WRAS approved.",each,1,5.35,BR-VLV-ISO
BR-VLV-ISO-NORT-15-LR-P5,Northway Brass Isolating Valve 15mm Lever Red (Pack of 5),"Northway Brass Isolating Valve 15mm Lever Red (Pack of 5). DZR brass valve, WRAS approved.",each,5,26.32,BR-VLV-ISO
BR-VLV-ISO-NORT-15-LB,Northway Brass Isolating Valve 15mm Lever Blue,"Northway Brass Isolating Valve 15mm Lever Blue. DZR brass valve, WRAS approved.",each,1,5.85,BR-VLV-ISO
BR-VLV-ISO-NORT-15-LB-P5,Northway Brass Isolating Valve 15mm Lever Blue (Pack of 5),"Northway Brass Isolating Valve 15mm Lever Blue (Pack of 5). DZR brass valve, WRAS approved.",each,5,24.31,BR-VLV-ISO
BR-VLV-ISO-NORT-22-SLOT,Northway Brass Isolating Valve 22mm Slotted,"Northway Brass Isolating Valve 22mm Slotted. DZR brass valve, WRAS approved.",each,1,5.89,BR-VLV-ISO
BR-VLV-ISO-NORT-22-SLOT-P5,Northway Brass Isolating Valve 22mm Slotted (Pack of 5),"Northway Brass Isolating Valve 22mm Slotted (Pack of 5). DZR brass valve, WRAS approved.",each,5,29.88,BR-VLV-ISO
BR-VLV-ISO-NORT-22-LR,Northway Brass Isolating Valve 22mm Lever Red,"Northway Brass Isolating Valve 22mm Lever Red. DZR brass valve, WRAS approved.",each,1,6.59,BR-VLV-ISO
BR-VLV-ISO-NORT-22-LR-P5,Northway Brass Isolating Valve 22mm Lever Red (Pack of 5),"Northway Brass Isolating Valve 22mm Lever Red (Pack of 5). DZR brass valve, WRAS approved.",each,5,32.37,BR-VLV-ISO
BR-VLV-ISO-NORT-22-LB,Northway Brass Isolating Valve 22mm Lever Blue,"Northway Brass Isolating Valve 22mm Lever Blue. DZR brass valve, WRAS approved.",each,1,5.56,BR-VLV-ISO
BR-VLV-ISO-NORT-22-LB-P5,Northway Brass Isolating Valve 22mm Lever Blue (Pack of 5),"Northway Brass Isolating Valve 22mm Lever Blue (Pack of 5). DZR brass valve, WRAS approved.",each,5,31.35,BR-VLV-ISO
BR-VLV-ISO-NORT-28-SLOT,Northway Brass Isolating Valve 28mm Slotted,"Northway Brass Isolating Valve 28mm Slotted. DZR brass valve, WRAS approved.",each,1,6.69,BR-VLV-ISO
BR-VLV-ISO-NORT-28-SLOT-P5,Northway Brass Isolating Valve 28mm Slotted (Pack of 5),"Northway Brass Isolating Valve 28mm Slotted (Pack of 5). DZR brass valve, WRAS approved.",each,5,36.32,BR-VLV-ISO
BR-VLV-ISO-NORT-28-LR,Northway Brass Isolating Valve 28mm Lever Red,"Northway Brass Isolating Valve 28mm Lever Red. DZR brass valve, WRAS approved.",each,1,6.44,BR-VLV-ISO
BR-VLV-ISO-NORT-28-LR-P5,Northway Brass Isolating Valve 28mm Lever Red (Pack of 5),"Northway Brass Isolating Valve 28mm Lever Red (Pack of 5). DZR brass valve, WRAS approved.",each,5,32.47,BR-VLV-ISO
BR-VLV-ISO-NORT-28-LB,Northway Brass Isolating Valve 28mm Lever Blue,"Northway Brass Isolating Valve 28mm Lever Blue. DZR brass valve, WRAS approved.",each,1,6.22,BR-VLV-ISO
BR-VLV-ISO-NORT-28-LB-P5,Northway Brass Isolating Valve 28mm Lever Blue (Pack of 5),"Northway Brass Isolating Valve 28mm Lever Blue (Pack of 5). DZR brass valve, WRAS approved.",each,5,30.64,BR-VLV-ISO
BR-VLV-ISO-PROF-15-SLOT,ProFlow Brass Isolating Valve 15mm Slotted,"ProFlow Brass Isolating Valve 15mm Slotted. DZR brass valve, WRAS approved.",each,1,5.74,BR-VLV-ISO
BR-VLV-ISO-PROF-15-SLOT-P5,ProFlow Brass Isolating Valve 15mm Slotted (Pack of 5),"ProFlow Brass Isolating Valve 15mm Slotted (Pack of 5). DZR brass valve, WRAS approved.",each,5,26.57,BR-VLV-ISO
BR-VLV-ISO-PROF-15-LR,ProFlow Brass Isolating Valve 15mm Lever Red,"ProFlow Brass Isolating Valve 15mm Lever Red. DZR brass valve, WRAS approved.",each,1,5.54,BR-VLV-ISO
BR-VLV-ISO-PROF-15-LR-P5,ProFlow Brass Isolating Valve 15mm Lever Red (Pack of 5),"ProFlow Brass Isolating Valve 15mm Lever Red (Pack of 5). DZR brass valve, WRAS approved.",each,5,27.57,BR-VLV-ISO
BR-VLV-ISO-PROF-15-LB,ProFlow Brass Isolating Valve 15mm Lever Blue,"ProFlow Brass Isolating Valve 15mm Lever Blue. DZR brass valve, WRAS approved.",each,1,5.47,BR-VLV-ISO
BR-VLV-ISO-PROF-15-LB-P5,ProFlow Brass Isolating Valve 15mm Lever Blue (Pack of 5),"ProFlow Brass Isolating Valve 15mm Lever Blue (Pack of 5). DZR brass valve, WRAS approved.",each,5,24.25,BR-VLV-ISO
BR-VLV-ISO-PROF-22-SLOT,ProFlow Brass Isolating Valve 22mm Slotted,"ProFlow Brass Isolating Valve 22mm Slotted. DZR brass valve, WRAS approved.",each,1,6.39,BR-VLV-ISO
BR-VLV-ISO-PROF-22-SLOT-P5,ProFlow Brass Isolating Valve 22mm Slotted (Pack of 5),"ProFlow Brass Isolating Valve 22mm Slotted (Pack of 5). DZR brass valve, WRAS approved.",each,5,28.67,BR-VLV-ISO
BR-VLV-ISO-PROF-22-LR,ProFlow Brass Isolating Valve 22mm Lever Red,"ProFlow Brass Isolating Valve 22mm Lever Red. DZR brass valve, WRAS approved.",each,1,5.59,BR-VLV-ISO
BR-VLV-ISO-PROF-22-LR-P5,ProFlow Brass Isolating Valve 22mm Lever Red (Pack of 5),"ProFlow Brass Isolating Valve 22mm Lever Red (Pack of 5). DZR brass valve, WRAS approved.",each,5,30.62,BR-VLV-ISO
BR-VLV-ISO-PROF-22-LB,ProFlow Brass Isolating Valve 22mm Lever Blue,"ProFlow Brass Isolating Valve 22mm Lever Blue. DZR brass valve, WRAS approved.",each,1,5.52,BR-VLV-ISO
BR-VLV-ISO-PROF-22-LB-P5,ProFlow Brass Isolating Valve 22mm Lever Blue (Pack of 5),"ProFlow Brass Isolating Valve 22mm Lever Blue (Pack of 5). DZR brass valve, WRAS approved.",each,5,31.83,BR-VLV-ISO
BR-VLV-ISO-PROF-28-SLOT,ProFlow Brass Isolating Valve 28mm Slotted,"ProFlow Brass Isolating Valve 28mm Slotted. DZR brass valve, WRAS approved.",each,1,6.24,BR-VLV-ISO
BR-VLV-ISO-PROF-28-SLOT-P5,ProFlow Brass Isolating Valve 28mm Slotted (Pack of 5),"ProFlow Brass Isolating Valve 28mm Slotted (Pack of 5). DZR brass valve, WRAS approved.",each,5,31.27,BR-VLV-ISO
BR-VLV-ISO-PROF-28-LR,ProFlow Brass Isolating Valve 28mm Lever Red,"ProFlow Brass Isolating Valve 28mm Lever Red. DZR brass valve, WRAS approved.",each,1,7.12,BR-VLV-ISO
BR-VLV-ISO-PROF-28-LR-P5,ProFlow Brass Isolating Valve 28mm Lever Red (Pack of 5),"ProFlow Brass Isolating Valve 28mm Lever Red (Pack of 5). DZR brass valve, WRAS approved.",each,5,32.01,BR-VLV-ISO
BR-VLV-ISO-PROF-28-LB,ProFlow Brass Isolating Valve 28mm Lever Blue,"ProFlow Brass Isolating Valve 28mm Lever Blue. DZR brass valve, WRAS approved.",each,1,6.16,BR-VLV-ISO
BR-VLV-ISO-PROF-28-LB-P5,ProFlow Brass Isolating Valve 28mm Lever Blue (Pack of 5),"ProFlow Brass Isolating Valve 28mm Lever Blue (Pack of 5). DZR brass valve, WRAS approved.",each,5,35.81,BR-VLV-ISO
BR-VLV-GATE-KEST-15-COMP,Kestrel Brass Gate Valve 15mm Compression,"Kestrel Brass Gate Valve 15mm Compression. DZR brass valve, WRAS approved.",each,1,11.76,BR-VLV-GATE
BR-VLV-GATE-KEST-15-BF,Kestrel Brass Gate Valve 15mm BSP Female,"Kestrel Brass Gate Valve 15mm BSP Female. DZR brass valve, WRAS approved.",each,1,14.0,BR-VLV-GATE
BR-VLV-GATE-KEST-22-COMP,Kestrel Brass Gate Valve 22mm Compression,"Kestrel Brass Gate Valve 22mm Compression. DZR brass valve, WRAS approved.",each,1,13.68,BR-VLV-GATE
BR-VLV-GATE-KEST-22-BF,Kestrel Brass Gate Valve 22mm BSP Female,"Kestrel Brass Gate Valve 22mm BSP Female. DZR brass valve, WRAS approved.",each,1,13.64,BR-VLV-GATE
BR-VLV-GATE-KEST-28-COMP,Kestrel Brass Gate Valve 28mm Compression,"Kestrel Brass Gate Valve 28mm Compression. DZR brass valve, WRAS approved.",each,1,15.34,BR-VLV-GATE
BR-VLV-GATE-KEST-28-BF,Kestrel Brass Gate Valve 28mm BSP Female,"Kestrel Brass Gate Valve 28mm BSP Female. DZR brass valve, WRAS approved.",each,1,15.1,BR-VLV-GATE
BR-VLV-GATE-KEST-35-COMP,Kestrel Brass Gate Valve 35mm Compression,"Kestrel Brass Gate Valve 35mm Compression. DZR brass valve, WRAS approved.",each,1,18.39,BR-VLV-GATE
BR-VLV-GATE-KEST-35-BF,Kestrel Brass Gate Valve 35mm BSP Female,"Kestrel Brass Gate Valve 35mm BSP Female. DZR brass valve, WRAS approved.",each,1,16.12,BR-VLV-GATE
BR-VLV-GATE-KEST-42-COMP,Kestrel Brass Gate Valve 42mm Compression,"Kestrel Brass Gate Valve 42mm Compression. DZR brass valve, WRAS approved.",each,1,17.59,BR-VLV-GATE
BR-VLV-GATE-KEST-42-BF,Kestrel Brass Gate Valve 42mm BSP Female,"Kestrel Brass Gate Valve 42mm BSP Female. DZR brass valve, WRAS approved.",each,1,20.6,BR-VLV-GATE
BR-VLV-GATE-KEST-54-COMP,Kestrel Brass Gate Valve 54mm Compression,"Kestrel Brass Gate Valve 54mm Compression. DZR brass valve, WRAS approved.",each,1,21.15,BR-VLV-GATE
BR-VLV-GATE-KEST-54-BF,Kestrel Brass Gate Valve 54mm BSP Female,"Kestrel Brass Gate Valve 54mm BSP Female. DZR brass valve, WRAS approved.",each,1,21.54,BR-VLV-GATE
BR-VLV-GATE-NORT-15-COMP,Northway Brass Gate Valve 15mm Compression,"Northway Brass Gate Valve 15mm Compression. DZR brass valve, WRAS approved.",each,1,12.21,BR-VLV-GATE
BR-VLV-GATE-NORT-15-BF,Northway Brass Gate Valve 15mm BSP Female,"Northway Brass Gate Valve 15mm BSP Female. DZR brass valve, WRAS approved.",each,1,11.89,BR-VLV-GATE
BR-VLV-GATE-NORT-22-COMP,Northway Brass Gate Valve 22mm Compression,"Northway Brass Gate Valve 22mm Compression. DZR brass valve, WRAS approved.",each,1,15.44,BR-VLV-GATE
BR-VLV-GATE-NORT-22-BF,Northway Brass Gate Valve 22mm BSP Female,"Northway Brass Gate Valve 22mm BSP Female. DZR brass valve, WRAS approved.",each,1,14.8,BR-VLV-GATE
BR-VLV-GATE-NORT-28-COMP,Northway Brass Gate Valve 28mm Compression,"Northway Brass Gate Valve 28mm Compression. DZR brass valve, WRAS approved.",each,1,16.94,BR-VLV-GATE
BR-VLV-GATE-NORT-28-BF,Northway Brass Gate Valve 28mm BSP Female,"Northway Brass Gate Valve 28mm BSP Female. DZR brass valve, WRAS approved.",each,1,16.07,BR-VLV-GATE
BR-VLV-GATE-NORT-35-COMP,Northway Brass Gate Valve 35mm Compression,"Northway Brass Gate Valve 35mm Compression. DZR brass valve, WRAS approved.",each,1,18.8,BR-VLV-GATE
BR-VLV-GATE-NORT-35-BF,Northway Brass Gate Valve 35mm BSP Female,"Northway Brass Gate Valve 35mm BSP Female. DZR brass valve, WRAS approved.",each,1,17.86,BR-VLV-GATE
BR-VLV-GATE-NORT-42-COMP,Northway Brass Gate Valve 42mm Compression,"Northway Brass Gate Valve 42mm Compression. DZR brass valve, WRAS approved.",each,1,17.95,BR-VLV-GATE
BR-VLV-GATE-NORT-42-BF,Northway Brass Gate Valve 42mm BSP Female,"Northway Brass Gate Valve 42mm BSP Female. DZR brass valve, WRAS approved.",each,1,19.49,BR-VLV-GATE
BR-VLV-GATE-NORT-54-COMP,Northway Brass Gate Valve 54mm Compression,"Northway Brass Gate Valve 54mm Compression. DZR brass valve, WRAS approved.",each,1,24.31,BR-VLV-GATE
BR-VLV-GATE-NORT-54-BF,Northway Brass Gate Valve 54mm BSP Female,"Northway Brass Gate Valve 54mm BSP Female. DZR brass valve, WRAS approved.",each,1,20.29,BR-VLV-GATE
BR-VLV-GATE-PROF-15-COMP,ProFlow Brass Gate Valve 15mm Compression,"ProFlow Brass Gate Valve 15mm Compression. DZR brass valve, WRAS approved.",each,1,13.8,BR-VLV-GATE
BR-VLV-GATE-PROF-15-BF,ProFlow Brass Gate Valve 15mm BSP Female,"ProFlow Brass Gate Valve 15mm BSP Female. DZR brass valve, WRAS approved.",each,1,14.02,BR-VLV-GATE
BR-VLV-GATE-PROF-22-COMP,ProFlow Brass Gate Valve 22mm Compression,"ProFlow Brass Gate Valve 22mm Compression. DZR brass valve, WRAS approved.",each,1,14.79,BR-VLV-GATE
BR-VLV-GATE-PROF-22-BF,ProFlow Brass Gate Valve 22mm BSP Female,"ProFlow Brass Gate Valve 22mm BSP Female. DZR brass valve, WRAS approved.",each,1,14.6,BR-VLV-GATE
BR-VLV-GATE-PROF-28-COMP,ProFlow Brass Gate Valve 28mm Compression,"ProFlow Brass Gate Valve 28mm Compression. DZR brass valve, WRAS approved.",each,1,17.65,BR-VLV-GATE
BR-VLV-GATE-PROF-28-BF,ProFlow Brass Gate Valve 28mm BSP Female,"ProFlow Brass Gate Valve 28mm BSP Female. DZR brass valve, WRAS approved.",each,1,14.73,BR-VLV-GATE
BR-VLV-GATE-PROF-35-COMP,ProFlow Brass Gate Valve 35mm Compression,"ProFlow Brass Gate Valve 35mm Compression. DZR brass valve, WRAS approved.",each,1,17.74,BR-VLV-GATE
BR-VLV-GATE-PROF-35-BF,ProFlow Brass Gate Valve 35mm BSP Female,"ProFlow Brass Gate Valve 35mm BSP Female. DZR brass valve, WRAS approved.",each,1,17.46,BR-VLV-GATE
BR-VLV-GATE-PROF-42-COMP,ProFlow Brass Gate Valve 42mm Compression,"ProFlow Brass Gate Valve 42mm Compression. DZR brass valve, WRAS approved.",each,1,20.2,BR-VLV-GATE
BR-VLV-GATE-PROF-42-BF,ProFlow Brass Gate Valve 42mm BSP Female,"ProFlow Brass Gate Valve 42mm BSP Female. DZR brass valve, WRAS approved.",each,1,19.44,BR-VLV-GATE
BR-VLV-GATE-PROF-54-COMP,ProFlow Brass Gate Valve 54mm Compression,"ProFlow Brass Gate Valve 54mm Compression. DZR brass valve, WRAS approved.",each,1,24.15,BR-VLV-GATE
BR-VLV-GATE-PROF-54-BF,ProFlow Brass Gate Valve 54mm BSP Female,"ProFlow Brass Gate Valve 54mm BSP Female. DZR brass valve, WRAS approved.",each,1,20.42,BR-VLV-GATE
BR-VLV-BALL-KEST-12IN-LEVE,"Kestrel Brass Full Bore Ball Valve 1/2"" BSP Lever","Kestrel Brass Full Bore Ball Valve 1/2"" BSP Lever. DZR brass valve, WRAS approved.",each,1,6.76,BR-VLV-BALL
BR-VLV-BALL-KEST-12IN-BUTT,"Kestrel Brass Full Bore Ball Valve 1/2"" BSP Butterfly","Kestrel Brass Full Bore Ball Valve 1/2"" BSP Butterfly. DZR brass valve, WRAS approved.",each,1,7.54,BR-VLV-BALL
BR-VLV-BALL-KEST-34IN-LEVE,"Kestrel Brass Full Bore Ball Valve 3/4"" BSP Lever","Kestrel Brass Full Bore Ball Valve 3/4"" BSP Lever. DZR brass valve, WRAS approved.",each,1,6.74,BR-VLV-BALL
BR-VLV-BALL-KEST-34IN-BUTT,"Kestrel Brass Full Bore Ball Valve 3/4"" BSP Butterfly","Kestrel Brass Full Bore Ball Valve 3/4"" BSP Butterfly. DZR brass valve, WRAS approved.",each,1,7.05,BR-VLV-BALL
BR-VLV-BALL-KEST-1IN-LEVE,"Kestrel Brass Full Bore Ball Valve 1"" BSP Lever","Kestrel Brass Full Bore Ball Valve 1"" BSP Lever. DZR brass valve, WRAS approved.",each,1,7.58,BR-VLV-BALL
BR-VLV-BALL-KEST-1IN-BUTT,"Kestrel Brass Full Bore Ball Valve 1"" BSP Butterfly","Kestrel Brass Full Bore Ball Valve 1"" BSP Butterfly. DZR brass valve, WRAS approved.",each,1,7.45,BR-VLV-BALL
BR-VLV-BALL-KEST-11-LEVE,"Kestrel Brass Full Bore Ball Valve 1 1/4"" BSP Lever","Kestrel Brass Full Bore Ball Valve 1 1/4"" BSP Lever. DZR brass valve, WRAS approved.",each,1,7.12,BR-VLV-BALL
BR-VLV-BALL-KEST-11-BUTT,"Kestrel Brass Full Bore Ball Valve 1 1/4"" BSP Butterfly","Kestrel Brass Full Bore Ball Valve 1 1/4"" BSP Butterfly. DZR brass valve, WRAS approved.",each,1,8.11,BR-VLV-BALL
BR-VLV-BALL-KEST-11-LEVE2,"Kestrel Brass Full Bore Ball Valve 1 1/2"" BSP Lever","Kestrel Brass Full Bore Ball Valve 1 1/2"" BSP Lever. DZR brass valve, WRAS approved.",each,1,7.43,BR-VLV-BALL
BR-VLV-BALL-KEST-11-BUTT2,"Kestrel Brass Full Bore Ball Valve 1 1/2"" BSP Butterfly","Kestrel Brass Full Bore Ball Valve 1 1/2"" BSP Butterfly. DZR brass valve, WRAS approved.",each,1,7.31,BR-VLV-BALL
BR-VLV-BALL-KEST-2IN-LEVE,"Kestrel Brass Full Bore Ball Valve 2"" BSP Lever","Kestrel Brass Full Bore Ball Valve 2"" BSP Lever. DZR brass valve, WRAS approved.",each,1,7.54,BR-VLV-BALL
BR-VLV-BALL-KEST-2IN-BUTT,"Kestrel Brass Full Bore Ball Valve 2"" BSP Butterfly","Kestrel Brass Full Bore Ball Valve 2"" BSP Butterfly. DZR brass valve, WRAS approved.",each,1,6.79,BR-VLV-BALL
BR-VLV-BALL-NORT-12IN-LEVE,"Northway Brass Full Bore Ball Valve 1/2"" BSP Lever","Northway Brass Full Bore Ball Valve 1/2"" BSP Lever. DZR brass valve, WRAS approved.",each,1,7.68,BR-VLV-BALL
BR-VLV-BALL-NORT-12IN-BUTT,"Northway Brass Full Bore Ball Valve 1/2"" BSP Butterfly","Northway Brass Full Bore Ball Valve 1/2"" BSP Butterfly. DZR brass valve, WRAS approved.",each,1,7.9,BR-VLV-BALL
BR-VLV-BALL-NORT-34IN-LEVE,"Northway Brass Full Bore Ball Valve 3/4"" BSP Lever","Northway Brass Full Bore Ball Valve 3/4"" BSP Lever. DZR brass valve, WRAS approved.",each,1,7.6,BR-VLV-BALL
BR-VLV-BALL-NORT-34IN-BUTT,"Northway Brass Full Bore Ball Valve 3/4"" BSP Butterfly","Northway Brass Full Bore Ball Valve 3/4"" BSP Butterfly. DZR brass valve, WRAS approved.",each,1,7.78,BR-VLV-BALL
BR-VLV-BALL-NORT-1IN-LEVE,"Northway Brass Full Bore Ball Valve 1"" BSP Lever","Northway Brass Full Bore Ball Valve 1"" BSP Lever. DZR brass valve, WRAS approved.",each,1,7.71,BR-VLV-BALL
BR-VLV-BALL-NORT-1IN-BUTT,"Northway Brass Full Bore Ball Valve 1"" BSP Butterfly","Northway Brass Full Bore Ball Valve 1"" BSP Butterfly. DZR brass valve, WRAS approved.",each,1,6.96,BR-VLV-BALL
BR-VLV-BALL-NORT-11-LEVE,"Northway Brass Full Bore Ball Valve 1 1/4"" BSP Lever","Northway Brass Full Bore Ball Valve 1 1/4"" BSP Lever. DZR brass valve, WRAS approved.",each,1,7.31,BR-VLV-BALL
BR-VLV-BALL-NORT-11-BUTT,"Northway Brass Full Bore Ball Valve 1 1/4"" BSP Butterfly","Northway Brass Full Bore Ball Valve 1 1/4"" BSP Butterfly. DZR brass valve, WRAS approved.",each,1,6.98,BR-VLV-BALL
BR-VLV-BALL-NORT-11-LEVE2,"Northway Brass Full Bore Ball Valve 1 1/2"" BSP Lever","Northway Brass Full Bore Ball Valve 1 1/2"" BSP Lever. DZR brass valve, WRAS approved.",each,1,7.14,BR-VLV-BALL
BR-VLV-BALL-NORT-11-BUTT2,"Northway Brass Full Bore Ball Valve 1 1/2"" BSP Butterfly","Northway Brass Full Bore Ball Valve 1 1/2"" BSP Butterfly. DZR brass valve, WRAS approved.",each,1,7.31,BR-VLV-BALL
BR-VLV-BALL-NORT-2IN-LEVE,"Northway Brass Full Bore Ball Valve 2"" BSP Lever","Northway Brass Full Bore Ball Valve 2"" BSP Lever. DZR brass valve, WRAS approved.",each,1,7.26,BR-VLV-BALL
BR-VLV-BALL-NORT-2IN-BUTT,"Northway Brass Full Bore Ball Valve 2"" BSP Butterfly","Northway Brass Full Bore Ball Valve 2"" BSP Butterfly. DZR brass valve, WRAS approved.",each,1,6.78,BR-VLV-BALL
BR-VLV-BALL-PROF-12IN-LEVE,"ProFlow Brass Full Bore Ball Valve 1/2"" BSP Lever","ProFlow Brass Full Bore Ball Valve 1/2"" BSP Lever. DZR brass valve, WRAS approved.",each,1,7.27,BR-VLV-BALL
BR-VLV-BALL-PROF-12IN-BUTT,"ProFlow Brass Full Bore Ball Valve 1/2"" BSP Butterfly","ProFlow Brass Full Bore Ball Valve 1/2"" BSP Butterfly. DZR brass valve, WRAS approved.",each,1,7.62,BR-VLV-BALL
BR-VLV-BALL-PROF-34IN-LEVE,"ProFlow Brass Full Bore Ball Valve 3/4"" BSP Lever","ProFlow Brass Full Bore Ball Valve 3/4"" BSP Lever. DZR brass valve, WRAS approved.",each,1,7.19,BR-VLV-BALL
BR-VLV-BALL-PROF-34IN-BUTT,"ProFlow Brass Full Bore Ball Valve 3/4"" BSP Butterfly","ProFlow Brass Full Bore Ball Valve 3/4"" BSP Butterfly. DZR brass valve, WRAS approved.",each,1,6.87,BR-VLV-BALL
BR-VLV-BALL-PROF-1IN-LEVE,"ProFlow Brass Full Bore Ball Valve 1"" BSP Lever","ProFlow Brass Full Bore Ball Valve 1"" BSP Lever. DZR brass valve, WRAS approved.",each,1,8.0,BR-VLV-BALL
BR-VLV-BALL-PROF-1IN-BUTT,"ProFlow Brass Full Bore Ball Valve 1"" BSP Butterfly","ProFlow Brass Full Bore Ball Valve 1"" BSP Butterfly. DZR brass valve, WRAS approved.",each,1,6.74,BR-VLV-BALL
BR-VLV-BALL-PROF-11-LEVE,"ProFlow Brass Full Bore Ball Valve 1 1/4"" BSP Lever","ProFlow Brass Full Bore Ball Valve 1 1/4"" BSP Lever. DZR brass valve, WRAS approved.",each,1,7.87,BR-VLV-BALL
BR-VLV-BALL-PROF-11-BUTT,"ProFlow Brass Full Bore Ball Valve 1 1/4"" BSP Butterfly","ProFlow Brass Full Bore Ball Valve 1 1/4"" BSP Butterfly. DZR brass valve, WRAS approved.",each,1,6.78,BR-VLV-BALL
BR-VLV-BALL-PROF-11-LEVE2,"ProFlow Brass Full Bore Ball Valve 1 1/2"" BSP Lever","ProFlow Brass Full Bore Ball Valve 1 1/2"" BSP Lever. DZR brass valve, WRAS approved.",each,1,6.78,BR-VLV-BALL
BR-VLV-BALL-PROF-11-BUTT2,"ProFlow Brass Full Bore Ball Valve 1 1/2"" BSP Butterfly","ProFlow Brass Full Bore Ball Valve 1 1/2"" BSP Butterfly. DZR brass valve, WRAS approved.",each,1,7.73,BR-VLV-BALL
BR-VLV-BALL-PROF-2IN-LEVE,"ProFlow Brass Full Bore Ball Valve 2"" BSP Lever","ProFlow Brass Full Bore Ball Valve 2"" BSP Lever. DZR brass valve, WRAS approved.",each,1,7.84,BR-VLV-BALL
BR-VLV-BALL-PROF-2IN-BUTT,"ProFlow Brass Full Bore Ball Valve 2"" BSP Butterfly","ProFlow Brass Full Bore Ball Valve 2"" BSP Butterfly. DZR brass valve, WRAS approved.",each,1,7.46,BR-VLV-BALL
PB-PIPE-KEST-10-25,Kestrel Polybutylene Barrier Pipe 10mm x 25m Coil,"Kestrel Polybutylene Barrier Pipe 10mm x 25m Coil. Push-fit plumbing system, demountable, suitable for heating and potable water.",coil,1,48.32,PB-PIPE
PB-PIPE-KEST-10-50,Kestrel Polybutylene Barrier Pipe 10mm x 50m Coil,"Kestrel Polybutylene Barrier Pipe 10mm x 50m Coil. Push-fit plumbing system, demountable, suitable for heating and potable water.",coil,1,48.09,PB-PIPE
PB-PIPE-KEST-10-100,Kestrel Polybutylene Barrier Pipe 10mm x 100m Coil,"Kestrel Polybutylene Barrier Pipe 10mm x 100m Coil. Push-fit plumbing system, demountable, suitable for heating and potable water.",coil,1,45.88,PB-PIPE
PB-PIPE-KEST-15-25,Kestrel Polybutylene Barrier Pipe 15mm x 25m Coil,"Kestrel Polybutylene Barrier Pipe 15mm x 25m Coil. Push-fit plumbing system, demountable, suitable for heating and potable water.",coil,1,48.3,PB-PIPE
PB-PIPE-KEST-15-50,Kestrel Polybutylene Barrier Pipe 15mm x 50m Coil,"Kestrel Polybutylene Barrier Pipe 15mm x 50m Coil. Push-fit plumbing system, demountable, suitable for heating and potable water.",coil,1,50.72,PB-PIPE
PB-PIPE-KEST-15-100,Kestrel Polybutylene Barrier Pipe 15mm x 100m Coil,"Kestrel Polybutylene Barrier Pipe 15mm x 100m Coil. Push-fit plumbing system, demountable, suitable for heating and potable water.",coil,1,53.98,PB-PIPE
PB-PIPE-KEST-22-25,Kestrel Polybutylene Barrier Pipe 22mm x 25m Coil,"Kestrel Polybutylene Barrier Pipe 22mm x 25m Coil. Push-fit plumbing system, demountable, suitable for heating and potable water.",coil,1,61.85,PB-PIPE
PB-PIPE-KEST-22-50,Kestrel Polybutylene Barrier Pipe 22mm x 50m Coil,"Kestrel Polybutylene Barrier Pipe 22mm x 50m Coil. Push-fit plumbing system, demountable, suitable for heating and potable water.",coil,1,63.24,PB-PIPE
PB-PIPE-KEST-22-100,Kestrel Polybutylene Barrier Pipe 22mm x 100m Coil,"Kestrel Polybutylene Barrier Pipe 22mm x 100m Coil. Push-fit plumbing system, demountable, suitable for heating and potable water.",coil,1,61.5,PB-PIPE
PB-PIPE-KEST-28-25,Kestrel Polybutylene Barrier Pipe 28mm x 25m Coil,"Kestrel Polybutylene Barrier Pipe 28mm x 25m Coil. Push-fit plumbing system, demountable, suitable for heating and potable water.",coil,1,70.65,PB-PIPE
PB-PIPE-KEST-28-50,Kestrel Polybutylene Barrier Pipe 28mm x 50m Coil,"Kestrel Polybutylene Barrier Pipe 28mm x 50m Coil. Push-fit plumbing system, demountable, suitable for heating and potable water.",coil,1,65.9,PB-PIPE
PB-PIPE-KEST-28-100,Kestrel Polybutylene Barrier Pipe 28mm x 100m Coil,"Kestrel Polybutylene Barrier Pipe 28mm x 100m Coil. Push-fit plumbing system, demountable, suitable for heating and potable water.",coil,1,62.68,PB-PIPE
PB-PIPE-NORT-10-25,Northway Polybutylene Barrier Pipe 10mm x 25m Coil,"Northway Polybutylene Barrier Pipe 10mm x 25m Coil. Push-fit plumbing system, demountable, suitable for heating and potable water.",coil,1,48.24,PB-PIPE
PB-PIPE-NORT-10-50,Northway Polybutylene Barrier Pipe 10mm x 50m Coil,"Northway Polybutylene Barrier Pipe 10mm x 50m Coil. Push-fit plumbing system, demountable, suitable for heating and potable water.",coil,1,44.77,PB-PIPE
PB-PIPE-NORT-10-100,Northway Polybutylene Barrier Pipe 10mm x 100m Coil,"Northway Polybutylene Barrier Pipe 10mm x 100m Coil. Push-fit plumbing system, demountable, suitable for heating and potable water.",coil,1,48.99,PB-PIPE
PB-PIPE-NORT-15-25,Northway Polybutylene Barrier Pipe 15mm x 25m Coil,"Northway Polybutylene Barrier Pipe 15mm x 25m Coil. Push-fit plumbing system, demountable, suitable for heating and potable water.",coil,1,49.37,PB-PIPE
PB-PIPE-NORT-15-50,Northway Polybutylene Barrier Pipe 15mm x 50m Coil,"Northway Polybutylene Barrier Pipe 15mm x 50m Coil. Push-fit plumbing system, demountable, suitable for heating and potable water.",coil,1,48.16,PB-PIPE
PB-PIPE-NORT-15-100,Northway Polybutylene Barrier Pipe 15mm x 100m Coil,"Northway Polybutylene Barrier Pipe 15mm x 100m Coil. Push-fit plumbing system, demountable, suitable for heating and potable water.",coil,1,55.86,PB-PIPE
PB-PIPE-NORT-22-25,Northway Polybutylene Barrier Pipe 22mm x 25m Coil,"Northway Polybutylene Barrier Pipe 22mm x 25m Coil. Push-fit plumbing system, demountable, suitable for heating and potable water.",coil,1,57.34,PB-PIPE
PB-PIPE-NORT-22-50,Northway Polybutylene Barrier Pipe 22mm x 50m Coil,"Northway Polybutylene Barrier Pipe 22mm x 50m Coil. Push-fit plumbing system, demountable, suitable for heating and potable water.",coil,1,61.99,PB-PIPE
PB-PIPE-NORT-22-100,Northway Polybutylene Barrier Pipe 22mm x 100m Coil,"Northway Polybutylene Barrier Pipe 22mm x 100m Coil. Push-fit plumbing system, demountable, suitable for heating and potable water.",coil,1,59.77,PB-PIPE
PB-PIPE-NORT-28-25,Northway Polybutylene Barrier Pipe 28mm x 25m Coil,"Northway Polybutylene Barrier Pipe 28mm x 25m Coil. Push-fit plumbing system, demountable, suitable for heating and potable water.",coil,1,68.57,PB-PIPE
PB-PIPE-NORT-28-50,Northway Polybutylene Barrier Pipe 28mm x 50m Coil,"Northway Polybutylene Barrier Pipe 28mm x 50m Coil. Push-fit plumbing system, demountable, suitable for heating and potable water.",coil,1,69.06,PB-PIPE
PB-PIPE-NORT-28-100,Northway Polybutylene Barrier Pipe 28mm x 100m Coil,"Northway Polybutylene Barrier Pipe 28mm x 100m Coil. Push-fit plumbing system, demountable, suitable for heating and potable water.",coil,1,70.73,PB-PIPE
PB-PIPE-PROF-10-25,ProFlow Polybutylene Barrier Pipe 10mm x 25m Coil,"ProFlow Polybutylene Barrier Pipe 10mm x 25m Coil. Push-fit plumbing system, demountable, suitable for heating and potable water.",coil,1,50.53,PB-PIPE
PB-PIPE-PROF-10-50,ProFlow Polybutylene Barrier Pipe 10mm x 50m Coil,"ProFlow Polybutylene Barrier Pipe 10mm x 50m Coil. Push-fit plumbing system, demountable, suitable for heating and potable water.",coil,1,48.58,PB-PIPE
PB-PIPE-PROF-10-100,ProFlow Polybutylene Barrier Pipe 10mm x 100m Coil,"ProFlow Polybutylene Barrier Pipe 10mm x 100m Coil. Push-fit plumbing system, demountable, suitable for heating and potable water.",coil,1,48.86,PB-PIPE
PB-PIPE-PROF-15-25,ProFlow Polybutylene Barrier Pipe 15mm x 25m Coil,"ProFlow Polybutylene Barrier Pipe 15mm x 25m Coil. Push-fit plumbing system, demountable, suitable for heating and potable water.",coil,1,47.3,PB-PIPE
PB-PIPE-PROF-15-50,ProFlow Polybutylene Barrier Pipe 15mm x 50m Coil,"ProFlow Polybutylene Barrier Pipe 15mm x 50m Coil. Push-fit plumbing system, demountable, suitable for heating and potable water.",coil,1,56.73,PB-PIPE
PB-PIPE-PROF-15-100,ProFlow Polybutylene Barrier Pipe 15mm x 100m Coil,"ProFlow Polybutylene Barrier Pipe 15mm x 100m Coil. Push-fit plumbing system, demountable, suitable for heating and potable water.",coil,1,55.69,PB-PIPE
PB-PIPE-PROF-22-25,ProFlow Polybutylene Barrier Pipe 22mm x 25m Coil,"ProFlow Polybutylene Barrier Pipe 22mm x 25m Coil. Push-fit plumbing system, demountable, suitable for heating and potable water.",coil,1,56.16,PB-PIPE
PB-PIPE-PROF-22-50,ProFlow Polybutylene Barrier Pipe 22mm x 50m Coil,"ProFlow Polybutylene Barrier Pipe 22mm x 50m Coil. Push-fit plumbing system, demountable, suitable for heating and potable water.",coil,1,55.14,PB-PIPE
PB-PIPE-PROF-22-100,ProFlow Polybutylene Barrier Pipe 22mm x 100m Coil,"ProFlow Polybutylene Barrier Pipe 22mm x 100m Coil. Push-fit plumbing system, demountable, suitable for heating and potable water.",coil,1,61.29,PB-PIPE
PB-PIPE-PROF-28-25,ProFlow Polybutylene Barrier Pipe 28mm x 25m Coil,"ProFlow Polybutylene Barrier Pipe 28mm x 25m Coil. Push-fit plumbing system, demountable, suitable for heating and potable water.",coil,1,62.13,PB-PIPE
PB-PIPE-PROF-28-50,ProFlow Polybutylene Barrier Pipe 28mm x 50m Coil,"ProFlow Polybutylene Barrier Pipe 28mm x 50m Coil. Push-fit plumbing system, demountable, suitable for heating and potable water.",coil,1,62.53,PB-PIPE
PB-PIPE-PROF-28-100,ProFlow Polybutylene Barrier Pipe 28mm x 100m Coil,"ProFlow Polybutylene Barrier Pipe 28mm x 100m Coil. Push-fit plumbing system, demountable, suitable for heating and potable water.",coil,1,58.22,PB-PIPE
PB-EL90-KEST-10-WHIT,Kestrel Push-Fit Elbow 90° 10mm White,"Kestrel Push-Fit Elbow 90° 10mm White. Push-fit plumbing system, demountable, suitable for heating and potable water.",each,1,2.82,PB-EL90
PB-EL90-KEST-10-WHIT-P10,Kestrel Push-Fit Elbow 90° 10mm White (Pack of 10),"Kestrel Push-Fit Elbow 90° 10mm White (Pack of 10). Push-fit plumbing system, demountable, suitable for heating and potable water.",each,10,26.6,PB-EL90
PB-EL90-KEST-10-GREY,Kestrel Push-Fit Elbow 90° 10mm Grey,"Kestrel Push-Fit Elbow 90° 10mm Grey. Push-fit plumbing system, demountable, suitable for heating and potable water.",each,1,2.57,PB-EL90
PB-EL90-KEST-10-GREY-P10,Kestrel Push-Fit Elbow 90° 10mm Grey (Pack of 10),"Kestrel Push-Fit Elbow 90° 10mm Grey (Pack of 10). Push-fit plumbing system, demountable, suitable for heating and potable water.",each,10,24.37,PB-EL90
PB-EL90-KEST-15-WHIT,Kestrel Push-Fit Elbow 90° 15mm White,"Kestrel Push-Fit Elbow 90° 15mm White. Push-fit plumbing system, demountable, suitable for heating and potable water.",each,1,2.96,PB-EL90
PB-EL90-KEST-15-WHIT-P10,Kestrel Push-Fit Elbow 90° 15mm White (Pack of 10),"Kestrel Push-Fit Elbow 90° 15mm White (Pack of 10). Push-fit plumbing system, demountable, suitable for heating and potable water.",each,10,26.16,PB-EL90
PB-EL90-KEST-15-GREY,Kestrel Push-Fit Elbow 90° 15mm Grey,"Kestrel Push-Fit Elbow 90° 15mm Grey. Push-fit plumbing system, demountable, suitable for heating and potable water.",each,1,3.03,PB-EL90
PB-EL90-KEST-15-GREY-P10,Kestrel Push-Fit Elbow 90° 15mm Grey (Pack of 10),"Kestrel Push-Fit Elbow 90° 15mm Grey (Pack of 10). Push-fit plumbing system, demountable, suitable for heating and potable water.",each,10,27.23,PB-EL90
PB-EL90-KEST-22-WHIT,Kestrel Push-Fit Elbow 90° 22mm White,"Kestrel Push-Fit Elbow 90° 22mm White. Push-fit plumbing system, demountable, suitable for heating and potable water.",each,1,3.2,PB-EL90
PB-EL90-KEST-22-WHIT-P10,Kestrel Push-Fit Elbow 90° 22mm White (Pack of 10),"Kestrel Push-Fit Elbow 90° 22mm White (Pack of 10). Push-fit plumbing system, demountable, suitable for heating and potable water.",each,10,31.51,PB-EL90
PB-EL90-KEST-22-GREY,Kestrel Push-Fit Elbow 90° 22mm Grey,"Kestrel Push-Fit Elbow 90° 22mm Grey. Push-fit plumbing system, demountable, suitable for heating and potable water.",each,1,3.17,PB-EL90
PB-EL90-KEST-22-GREY-P10,Kestrel Push-Fit Elbow 90° 22mm Grey (Pack of 10),"Kestrel Push-Fit Elbow 90° 22mm Grey (Pack of 10). Push-fit plumbing system, demountable, suitable for heating and potable water.",each,10,33.99,PB-EL90
PB-EL90-KEST-28-WHIT,Kestrel Push-Fit Elbow 90° 28mm White,"Kestrel Push-Fit Elbow 90° 28mm White. Push-fit plumbing system, demountable, suitable for heating and potable water.",each,1,3.77,PB-EL90
PB-EL90-KEST-28-WHIT-P10,Kestrel Push-Fit Elbow 90° 28mm White (Pack of 10),"Kestrel Push-Fit Elbow 90° 28mm White (Pack of 10). Push-fit plumbing system, demountable, suitable for heating and potable water.",each,10,36.18,PB-EL90
PB-EL90-KEST-28-GREY,Kestrel Push-Fit Elbow 90° 28mm Grey,"Kestrel Push-Fit Elbow 90° 28mm Grey. Push-fit plumbing system, demountable, suitable for heating and potable water.",each,1,3.27,PB-EL90
PB-EL90-KEST-28-GREY-P10,Kestrel Push-Fit Elbow 90° 28mm Grey (Pack of 10),"Kestrel Push-Fit Elbow 90° 28mm Grey (Pack of 10). Push-fit plumbing system, demountable, suitable for heating and potable water.",each,10,32.51,PB-EL90
PB-EL90-NORT-10-WHIT,Northway Push-Fit Elbow 90° 10mm White,"Northway Push-Fit Elbow 90° 10mm White. Push-fit plumbing system, demountable, suitable for heating and potable water.",each,1,2.45,PB-EL90
PB-EL90-NORT-10-WHIT-P10,Northway Push-Fit Elbow 90° 10mm White (Pack of 10),"Northway Push-Fit Elbow 90° 10mm White (Pack of 10). Push-fit plumbing system, demountable, suitable for heating and potable water.",each,10,26.87,PB-EL90
PB-EL90-NORT-10-GREY,Northway Push-Fit Elbow 90° 10mm Grey,"Northway Push-Fit Elbow 90° 10mm Grey. Push-fit plumbing system, demountable, suitable for heating and potable water.",each,1,2.72,PB-EL90
PB-EL90-NORT-10-GREY-P10,Northway Push-Fit Elbow 90° 10mm Grey (Pack of 10),"Northway Push-Fit Elbow 90° 10mm Grey (Pack of 10). Push-fit plumbing system, demountable, suitable for heating and potable water.",each,10,25.05,PB-EL90
PB-EL90-NORT-15-WHIT,Northway Push-Fit Elbow 90° 15mm White,"Northway Push-Fit Elbow 90° 15mm White. Push-fit plumbing system, demountable, suitable for heating and potable water.",each,1,2.98,PB-EL90
PB-EL90-NORT-15-WHIT-P10,Northway Push-Fit Elbow 90° 15mm White (Pack of 10),"Northway Push-Fit Elbow 90° 15mm White (Pack of 10). Push-fit plumbing system, demountable, suitable for heating and potable water.",each,10,28.79,PB-EL90
PB-EL90-NORT-15-GREY,Northway Push-Fit Elbow 90° 15mm Grey,"Northway Push-Fit Elbow 90° 15mm Grey. Push-fit plumbing system, demountable, suitable for heating and potable water.",each,1,2.85,PB-EL90
PB-EL90-NORT-15-GREY-P10,Northway Push-Fit Elbow 90° 15mm Grey (Pack of 10),"Northway Push-Fit Elbow 90° 15mm Grey (Pack of 10). Push-fit plumbing system, demountable, suitable for heating and potable water.",each,10,27.57,PB-EL90
PB-EL90-NORT-22-WHIT,Northway Push-Fit Elbow 90° 22mm White,"Northway Push-Fit Elbow 90° 22mm White. Push-fit plumbing system, demountable, suitable for heating and potable water.",each,1,3.42,PB-EL90
PB-EL90-NORT-22-WHIT-P10,Northway Push-Fit Elbow 90° 22mm White (Pack of 10),"Northway Push-Fit Elbow 90° 22mm White (Pack of 10). Push-fit plumbing system, demountable, suitable for heating and potable water.",each,10,30.04,PB-EL90
PB-EL90-NORT-22-GREY,Northway Push-Fit Elbow 90° 22mm Grey,"Northway Push-Fit Elbow 90° 22mm Grey. Push-fit plumbing system, demountable, suitable for heating and potable water.",each,1,3.21,PB-EL90
PB-EL90-NORT-22-GREY-P10,Northway Push-Fit Elbow 90° 22mm Grey (Pack of 10),"Northway Push-Fit Elbow 90° 22mm Grey (Pack of 10). Push-fit plumbing system, demountable, suitable for heating and potable water.",each,10,31.14,PB-EL90
PB-EL90-NORT-28-WHIT,Northway Push-Fit Elbow 90° 28mm White,"Northway Push-Fit Elbow 90° 28mm White. Push-fit plumbing system, demountable, suitable for heating and potable water.",each,1,3.7,PB-EL90
PB-EL90-NORT-28-WHIT-P10,Northway Push-Fit Elbow 90° 28mm White (Pack of 10),"Northway Push-Fit Elbow 90° 28mm White (Pack of 10). Push-fit plumbing system, demountable, suitable for heating and potable water.",each,10,35.6,PB-EL90
PB-EL90-NORT-28-GREY,Northway Push-Fit Elbow 90° 28mm Grey,"Northway Push-Fit Elbow 90° 28mm Grey. Push-fit plumbing system, demountable, suitable for heating and potable water.",each,1,3.69,PB-EL90
PB-EL90-NORT-28-GREY-P10,Northway Push-Fit Elbow 90° 28mm Grey (Pack of 10),"Northway Push-Fit Elbow 90° 28mm Grey (Pack of 10). Push-fit plumbing system, demountable, suitable for heating and potable water.",each,10,32.45,PB-EL90
PB-EL90-PROF-10-WHIT,ProFlow Push-Fit Elbow 90° 10mm White,"ProFlow Push-Fit Elbow 90° 10mm White. Push-fit plumbing system, demountable, suitable for heating and potable water.",each,1,2.57,PB-EL90
PB-EL90-PROF-10-WHIT-P10,ProFlow Push-Fit Elbow 90° 10mm White (Pack of 10),"ProFlow Push-Fit Elbow 90° 10mm White (Pack of 10). Push-fit plumbing system, demountable, suitable for heating and potable water.",each,10,26.77,PB-EL90
PB-EL90-PROF-10-GREY,ProFlow Push-Fit Elbow 90° 10mm Grey,"ProFlow Push-Fit Elbow 90° 10mm Grey. Push-fit plumbing system, demountable, suitable for heating and potable water.",each,1,2.37,PB-EL90
PB-EL90-PROF-10-GREY-P10,ProFlow Push-Fit Elbow 90° 10mm Grey (Pack of 10),"ProFlow Push-Fit Elbow 90° 10mm Grey (Pack of 10). Push-fit plumbing system, demountable, suitable for heating and potable water.",each,10,25.21,PB-EL90
PB-EL90-PROF-15-WHIT,ProFlow Push-Fit Elbow 90° 15mm White,"ProFlow Push-Fit Elbow 90° 15mm White. Push-fit plumbing system, demountable, suitable for heating and potable water.",each,1,2.72,PB-EL90
PB-EL90-PROF-15-WHIT-P10,ProFlow Push-Fit Elbow 90° 15mm White (Pack of 10),"ProFlow Push-Fit Elbow 90° 15mm White (Pack of 10). Push-fit plumbing system, demountable, suitable for heating and potable water.",each,10,26.78,PB-EL90
PB-EL90-PROF-15-GREY,ProFlow Push-Fit Elbow 90° 15mm Grey,"ProFlow Push-Fit Elbow 90° 15mm Grey. Push-fit plumbing system, demountable, suitable for heating and potable water.",each,1,2.75,PB-EL90
PB-EL90-PROF-15-GREY-P10,ProFlow Push-Fit Elbow 90° 15mm Grey (Pack of 10),"ProFlow Push-Fit Elbow 90° 15mm Grey (Pack of 10). Push-fit plumbing system, demountable, suitable for heating and potable water.",each,10,27.88,PB-EL90
PB-EL90-PROF-22-WHIT,ProFlow Push-Fit Elbow 90° 22mm White,"ProFlow Push-Fit Elbow 90° 22mm White. Push-fit plumbing system, demountable, suitable for heating and potable water.",each,1,2.93,PB-EL90
PB-EL90-PROF-22-WHIT-P10,ProFlow Push-Fit Elbow 90° 22mm White (Pack of 10),"ProFlow Push-Fit Elbow 90° 22mm White (Pack of 10). Push-fit plumbing system, demountable, suitable for heating and potable water.",each,10,34.16,PB-EL90
PB-EL90-PROF-22-GREY,ProFlow Push-Fit Elbow 90° 22mm Grey,"ProFlow Push-Fit Elbow 90° 22mm Grey. Push-fit plumbing system, demountable, suitable for heating and potable water.",each,1,3.04,PB-EL90
PB-EL90-PROF-22-GREY-P10,ProFlow Push-Fit Elbow 90° 22mm Grey (Pack of 10),"ProFlow Push-Fit Elbow 90° 22mm Grey (Pack of 10). Push-fit plumbing system, demountable, suitable for heating and potable water.",each,10,31.77,PB-EL90
PB-EL90-PROF-28-WHIT,ProFlow Push-Fit Elbow 90° 28mm White,"ProFlow Push-Fit Elbow 90° 28mm White. Push-fit plumbing system, demountable, suitable for heating and potable water.",each,1,3.72,PB-EL90
PB-EL90-PROF-28-WHIT-P10,ProFlow Push-Fit Elbow 90° 28mm White (Pack of 10),"ProFlow Push-Fit Elbow 90° 28mm White (Pack of 10). Push-fit plumbing system, demountable, suitable for heating and potable water.",each,10,35.7,PB-EL90
PB-EL90-PROF-28-GREY,ProFlow Push-Fit Elbow 90° 28mm Grey,"ProFlow Push-Fit Elbow 90° 28mm Grey. Push-fit plumbing system, demountable, suitable for heating and potable water.",each,1,3.81,PB-EL90
PB-EL90-PROF-28-GREY-P10,ProFlow Push-Fit Elbow 90° 28mm Grey (Pack of 10),"ProFlow Push-Fit Elbow 90° 28mm Grey (Pack of 10). Push-fit plumbing system, demountable, suitable for heating and potable water.",each,10,37.89,PB-EL90
PB-TEE-KEST-10-WHIT,Kestrel Push-Fit Equal Tee 10mm White,"Kestrel Push-Fit Equal Tee 10mm White. Push-fit plumbing system, demountable, suitable for heating and potable water.",each,1,3.2,PB-TEE
PB-TEE-KEST-10-WHIT-P10,Kestrel Push-Fit Equal Tee 10mm White (Pack of 10),"Kestrel Push-Fit Equal Tee 10mm White (Pack of 10). Push-fit plumbing system, demountable, suitable for heating and potable water.",each,10,37.53,PB-TEE
PB-TEE-KEST-10-GREY,Kestrel Push-Fit Equal Tee 10mm Grey,"Kestrel Push-Fit Equal Tee 10mm Grey. Push-fit plumbing system, demountable, suitable for heating and potable water.",each,1,3.18,PB-TEE
PB-TEE-KEST-10-GREY-P10,Kestrel Push-Fit Equal Tee 10mm Grey (Pack of 10),"Kestrel Push-Fit Equal Tee 10mm Grey (Pack of 10). Push-fit plumbing system, demountable, suitable for heating and potable water.",each,10,31.63,PB-TEE
PB-TEE-KEST-15-WHIT,Kestrel Push-Fit Equal Tee 15mm White,"Kestrel Push-Fit Equal Tee 15mm White. Push-fit plumbing system, demountable, suitable for heating and potable water.",each,1,4.17,PB-TEE
PB-TEE-KEST-15-WHIT-P10,Kestrel Push-Fit Equal Tee 15mm White (Pack of 10),"Kestrel Push-Fit Equal Tee 15mm White (Pack of 10). Push-fit plumbing system, demountable, suitable for heating and potable water.",each,10,41.29,PB-TEE
PB-TEE-KEST-15-GREY,Kestrel Push-Fit Equal Tee 15mm Grey,"Kestrel Push-Fit Equal Tee 15mm Grey. Push-fit plumbing system, demountable, suitable for heating and potable water.",each,1,3.91,PB-TEE
PB-TEE-KEST-15-GREY-P10,Kestrel Push-Fit Equal Tee 15mm Grey (Pack of 10),"Kestrel Push-Fit Equal Tee 15mm Grey (Pack of 10). Push-fit plumbing system, demountable, suitable for heating and potable water.",each,10,39.07,PB-TEE
PB-TEE-KEST-22-WHIT,Kestrel Push-Fit Equal Tee 22mm White,"Kestrel Push-Fit Equal Tee 22mm White. Push-fit plumbing system, demountable, suitable for heating and potable water.",each,1,4.52,PB-TEE
PB-TEE-KEST-22-WHIT-P10,Kestrel Push-Fit Equal Tee 22mm White (Pack of 10),"Kestrel Push-Fit Equal Tee 22mm White (Pack of 10). Push-fit plumbing system, demountable, suitable for heating and potable water.",each,10,42.69,PB-TEE
PB-TEE-KEST-22-GREY,Kestrel Push-Fit Equal Tee 22mm Grey,"Kestrel Push-Fit Equal Tee 22mm Grey. Push-fit plumbing system, demountable, suitable for heating and potable water.",each,1,4.01,PB-TEE
PB-TEE-KEST-22-GREY-P10,Kestrel Push-Fit Equal Tee 22mm Grey (Pack of 10),"Kestrel Push-Fit Equal Tee 22mm Grey (Pack of 10). Push-fit plumbing system, demountable, suitable for heating and potable water.",each,10,39.24,PB-TEE
PB-TEE-KEST-28-WHIT,Kestrel Push-Fit Equal Tee 28mm White,"Kestrel Push-Fit Equal Tee 28mm White. Push-fit plumbing system, demountable, suitable for heating and potable water.",each,1,4.59,PB-TEE
PB-TEE-KEST-28-WHIT-P10,Kestrel Push-Fit Equal Tee 28mm White (Pack of 10),"Kestrel Push-Fit Equal Tee 28mm White (Pack of 10). Push-fit plumbing system, demountable, suitable for heating and potable water.",each,10,50.47,PB-TEE
PB-TEE-KEST-28-GREY,Kestrel Push-Fit Equal Tee 28mm Grey,"Kestrel Push-Fit Equal Tee 28mm Grey. Push-fit plumbing system, demountable, suitable for heating and potable water.",each,1,4.87,PB-TEE
PB-TEE-KEST-28-GREY-P10,Kestrel Push-Fit Equal Tee 28mm Grey (Pack of 10),"Kestrel Push-Fit Equal Tee 28mm Grey (Pack of 10). Push-fit plumbing system, demountable, suitable for heating and potable water.",each,10,50.76,PB-TEE
PB-TEE-NORT-10-WHIT,Northway Push-Fit Equal Tee 10mm White,"Northway Push-Fit Equal Tee 10mm White. Push-fit plumbing system, demountable, suitable for heating and potable water.",each,1,3.79,PB-TEE
PB-TEE-NORT-10-WHIT-P10,Northway Push-Fit Equal Tee 10mm White (Pack of 10),"Northway Push-Fit Equal Tee 10mm White (Pack of 10). Push-fit plumbing system, demountable, suitable for heating and potable water.",each,10,32.12,PB-TEE
PB-TEE-NORT-10-GREY,Northway Push-Fit Equal Tee 10mm Grey,"Northway Push-Fit Equal Tee 10mm Grey. Push-fit plumbing system, demountable, suitable for heating and potable water.",each,1,3.74,PB-TEE
PB-TEE-NORT-10-GREY-P10,Northway Push-Fit Equal Tee 10mm Grey (Pack of 10),"Northway Push-Fit Equal Tee 10mm Grey (Pack of 10). Push-fit plumbing system, demountable, suitable for heating and potable water.",each,10,33.2,PB-TEE
PB-TEE-NORT-15-WHIT,Northway Push-Fit Equal Tee 15mm White,"Northway Push-Fit Equal Tee 15mm White. Push-fit plumbing system, demountable, suitable for heating and potable water.",each,1,3.92,PB-TEE
PB-TEE-NORT-15-WHIT-P10,Northway Push-Fit Equal Tee 15mm White (Pack of 10),"Northway Push-Fit Equal Tee 15mm White (Pack of 10). Push-fit plumbing system, demountable, suitable for heating and potable water.",each,10,38.68,PB-TEE
PB-TEE-NORT-15-GREY,Northway Push-Fit Equal Tee 15mm Grey,"Northway Push-Fit Equal Tee 15mm Grey. Push-fit plumbing system, demountable, suitable for heating and potable water.",each,1,3.77,PB-TEE
PB-TEE-NORT-15-GREY-P10,Northway Push-Fit Equal Tee 15mm Grey (Pack of 10),"Northway Push-Fit Equal Tee 15mm Grey (Pack of 10). Push-fit plumbing system, demountable, suitable for heating and potable water.",each,10,37.04,PB-TEE
PB-TEE-NORT-22-WHIT,Northway Push-Fit Equal Tee 22mm White,"Northway Push-Fit Equal Tee 22mm White. Push-fit plumbing system, demountable, suitable for heating and potable water.",each,1,4.2,PB-TEE
PB-TEE-NORT-22-WHIT-P10,Northway Push-Fit Equal Tee 22mm White (Pack of 10),"Northway Push-Fit Equal Tee 22mm White (Pack of 10). Push-fit plumbing system, demountable, suitable for heating and potable water.",each,10,41.95,PB-TEE
PB-TEE-NORT-22-GREY,Northway Push-Fit Equal Tee 22mm Grey,"Northway Push-Fit Equal Tee 22mm Grey. Push-fit plumbing system, demountable, suitable for heating and potable water.",each,1,4.05,PB-TEE
PB-TEE-NORT-22-GREY-P10,Northway Push-Fit Equal Tee 22mm Grey (Pack of 10),"Northway Push-Fit Equal Tee 22mm Grey (Pack of 10). Push-fit plumbing system, demountable, suitable for heating and potable water.",each,10,43.49,PB-TEE
PB-TEE-NORT-28-WHIT,Northway Push-Fit Equal Tee 28mm White,"Northway Push-Fit Equal Tee 28mm White. Push-fit plumbing system, demountable, suitable for heating and potable water.",each,1,4.39,PB-TEE
PB-TEE-NORT-28-WHIT-P10,Northway Push-Fit Equal Tee 28mm White (Pack of 10),"Northway Push-Fit Equal Tee 28mm White (Pack of 10). Push-fit plumbing system, demountable, suitable for heating and potable water.",each,10,47.69,PB-TEE
PB-TEE-NORT-28-GREY,Northway Push-Fit Equal Tee 28mm Grey,"Northway Push-Fit Equal Tee 28mm Grey. Push-fit plumbing system, demountable, suitable for heating and potable water.",each,1,5.15,PB-TEE
PB-TEE-NORT-28-GREY-P10,Northway Push-Fit Equal Tee 28mm Grey (Pack of 10),"Northway Push-Fit Equal Tee 28mm Grey (Pack of 10). Push-fit plumbing system, demountable, suitable for heating and potable water.",each,10,46.17,PB-TEE
PB-TEE-PROF-10-WHIT,ProFlow Push-Fit Equal Tee 10mm White,"ProFlow Push-Fit Equal Tee 10mm White. Push-fit plumbing system, demountable, suitable for heating and potable water.",each,1,3.66,PB-TEE
PB-TEE-PROF-10-WHIT-P10,ProFlow Push-Fit Equal Tee 10mm White (Pack of 10),"ProFlow Push-Fit Equal Tee 10mm White (Pack of 10). Push-fit plumbing system, demountable, suitable for heating and potable water.",each,10,37.23,PB-TEE
PB-TEE-PROF-10-GREY,ProFlow Push-Fit Equal Tee 10mm Grey,"ProFlow Push-Fit Equal Tee 10mm Grey. Push-fit plumbing system, demountable, suitable for heating and potable water.",each,1,3.72,PB-TEE
PB-TEE-PROF-10-GREY-P10,ProFlow Push-Fit Equal Tee 10mm Grey (Pack of 10),"ProFlow Push-Fit Equal Tee 10mm Grey (Pack of 10). Push-fit plumbing system, demountable, suitable for heating and potable water.",each,10,33.15,PB-TEE
PB-TEE-PROF-15-WHIT,ProFlow Push-Fit Equal Tee 15mm White,"ProFlow Push-Fit Equal Tee 15mm White. Push-fit plumbing system, demountable, suitable for heating and potable water.",each,1,3.58,PB-TEE
PB-TEE-PROF-15-WHIT-P10,ProFlow Push-Fit Equal Tee 15mm White (Pack of 10),"ProFlow Push-Fit Equal Tee 15mm White (Pack of 10). Push-fit plumbing system, demountable, suitable for heating and potable water.",each,10,36.17,PB-TEE
PB-TEE-PROF-15-GREY,ProFlow Push-Fit Equal Tee 15mm Grey,"ProFlow Push-Fit Equal Tee 15mm Grey. Push-fit plumbing system, demountable, suitable for heating and potable water.",each,1,3.93,PB-TEE
PB-TEE-PROF-15-GREY-P10,ProFlow Push-Fit Equal Tee 15mm Grey (Pack of 10),"ProFlow Push-Fit Equal Tee 15mm Grey (Pack of 10). Push-fit plumbing system, demountable, suitable for heating and potable water.",each,10,40.5,PB-TEE
PB-TEE-PROF-22-WHIT,ProFlow Push-Fit Equal Tee 22mm White,"ProFlow Push-Fit Equal Tee 22mm White. Push-fit plumbing system, demountable, suitable for heating and potable water.",each,1,4.47,PB-TEE
PB-TEE-PROF-22-WHIT-P10,ProFlow Push-Fit Equal Tee 22mm White (Pack of 10),"ProFlow Push-Fit Equal Tee 22mm White (Pack of 10). Push-fit plumbing system, demountable, suitable for heating and potable water.",each,10,40.6,PB-TEE
PB-TEE-PROF-22-GREY,ProFlow Push-Fit Equal Tee 22mm Grey,"ProFlow Push-Fit Equal Tee 22mm Grey. Push-fit plumbing system, demountable, suitable for heating and potable water.",each,1,4.58,PB-TEE
PB-TEE-PROF-22-GREY-P10,ProFlow Push-Fit Equal Tee 22mm Grey (Pack of 10),"ProFlow Push-Fit Equal Tee 22mm Grey (Pack of 10). Push-fit plumbing system, demountable, suitable for heating and potable water.",each,10,43.35,PB-TEE
PB-TEE-PROF-28-WHIT,ProFlow Push-Fit Equal Tee 28mm White,"ProFlow Push-Fit Equal Tee 28mm White. Push-fit plumbing system, demountable, suitable for heating and potable water.",each,1,5.0,PB-TEE
PB-TEE-PROF-28-WHIT-P10,ProFlow Push-Fit Equal Tee 28mm White (Pack of 10),"ProFlow Push-Fit Equal Tee 28mm White (Pack of 10). Push-fit plumbing system, demountable, suitable for heating and potable water.",each,10,50.07,PB-TEE
PB-TEE-PROF-28-GREY,ProFlow Push-Fit Equal Tee 28mm Grey,"ProFlow Push-Fit Equal Tee 28mm Grey. Push-fit plumbing system, demountable, suitable for heating and potable water.",each,1,4.71,PB-TEE
PB-TEE-PROF-28-GREY-P10,ProFlow Push-Fit Equal Tee 28mm Grey (Pack of 10),"ProFlow Push-Fit Equal Tee 28mm Grey (Pack of 10). Push-fit plumbing system, demountable, suitable for heating and potable water.",each,10,51.64,PB-TEE
PB-INS-KEST-10-P10,Kestrel Pipe Insert Stainless 10mm (Pack of 10),"Kestrel Pipe Insert Stainless 10mm (Pack of 10). Push-fit plumbing system, demountable, suitable for heating and potable water.",each,10,4.43,PB-INS
PB-INS-KEST-10-P50,Kestrel Pipe Insert Stainless 10mm (Pack of 50),"Kestrel Pipe Insert Stainless 10mm (Pack of 50). Push-fit plumbing system, demountable, suitable for heating and potable water.",each,50,22.47,PB-INS
PB-INS-KEST-15-P10,Kestrel Pipe Insert Stainless 15mm (Pack of 10),"Kestrel Pipe Insert Stainless 15mm (Pack of 10). Push-fit plumbing system, demountable, suitable for heating and potable water.",each,10,4.93,PB-INS
PB-INS-KEST-15-P50,Kestrel Pipe Insert Stainless 15mm (Pack of 50),"Kestrel Pipe Insert Stainless 15mm (Pack of 50). Push-fit plumbing system, demountable, suitable for heating and potable water.",each,50,25.82,PB-INS
PB-INS-KEST-22-P10,Kestrel Pipe Insert Stainless 22mm (Pack of 10),"Kestrel Pipe Insert Stainless 22mm (Pack of 10). Push-fit plumbing system, demountable, suitable for heating and potable water.",each,10,5.56,PB-INS
PB-INS-KEST-22-P50,Kestrel Pipe Insert Stainless 22mm (Pack of 50),"Kestrel Pipe Insert Stainless 22mm (Pack of 50). Push-fit plumbing system, demountable, suitable for heating and potable water.",each,50,25.23,PB-INS
PB-INS-KEST-28-P10,Kestrel Pipe Insert Stainless 28mm (Pack of 10),"Kestrel Pipe Insert Stainless 28mm (Pack of 10). Push-fit plumbing system, demountable, suitable for heating and potable water.",each,10,5.44,PB-INS
PB-INS-KEST-28-P50,Kestrel Pipe Insert Stainless 28mm (Pack of 50),"Kestrel Pipe Insert Stainless 28mm (Pack of 50). Push-fit plumbing system, demountable, suitable for heating and potable water.",each,50,29.41,PB-INS
PB-INS-NORT-10-P10,Northway Pipe Insert Stainless 10mm (Pack of 10),"Northway Pipe Insert Stainless 10mm (Pack of 10). Push-fit plumbing system, demountable, suitable for heating and potable water.",each,10,4.2,PB-INS
PB-INS-NORT-10-P50,Northway Pipe Insert Stainless 10mm (Pack of 50),"Northway Pipe Insert Stainless 10mm (Pack of 50). Push-fit plumbing system, demountable, suitable for heating and potable water.",each,50,20.89,PB-INS
PB-INS-NORT-15-P10,Northway Pipe Insert Stainless 15mm (Pack of 10),"Northway Pipe Insert Stainless 15mm (Pack of 10). Push-fit plumbing system, demountable, suitable for heating and potable water.",each,10,4.39,PB-INS
PB-INS-NORT-15-P50,Northway Pipe Insert Stainless 15mm (Pack of 50),"Northway Pipe Insert Stainless 15mm (Pack of 50). Push-fit plumbing system, demountable, suitable for heating and potable water.",each,50,24.1,PB-INS
PB-INS-NORT-22-P10,Northway Pipe Insert Stainless 22mm (Pack of 10),"Northway Pipe Insert Stainless 22mm (Pack of 10). Push-fit plumbing system, demountable, suitable for heating and potable water.",each,10,5.22,PB-INS
PB-INS-NORT-22-P50,Northway Pipe Insert Stainless 22mm (Pack of 50),"Northway Pipe Insert Stainless 22mm (Pack of 50). Push-fit plumbing system, demountable, suitable for heating and potable water.",each,50,26.86,PB-INS
PB-INS-NORT-28-P10,Northway Pipe Insert Stainless 28mm (Pack of 10),"Northway Pipe Insert Stainless 28mm (Pack of 10). Push-fit plumbing system, demountable, suitable for heating and potable water.",each,10,5.42,PB-INS
PB-INS-NORT-28-P50,Northway Pipe Insert Stainless 28mm (Pack of 50),"Northway Pipe Insert Stainless 28mm (Pack of 50). Push-fit plumbing system, demountable, suitable for heating and potable water.",each,50,31.72,PB-INS
PB-INS-PROF-10-P10,ProFlow Pipe Insert Stainless 10mm (Pack of 10),"ProFlow Pipe Insert Stainless 10mm (Pack of 10). Push-fit plumbing system, demountable, suitable for heating and potable water.",each,10,4.0,PB-INS
PB-INS-PROF-10-P50,ProFlow Pipe Insert Stainless 10mm (Pack of 50),"ProFlow Pipe Insert Stainless 10mm (Pack of 50). Push-fit plumbing system, demountable, suitable for heating and potable water.",each,50,23.47,PB-INS
PB-INS-PROF-15-P10,ProFlow Pipe Insert Stainless 15mm (Pack of 10),"ProFlow Pipe Insert Stainless 15mm (Pack of 10). Push-fit plumbing system, demountable, suitable for heating and potable water.",each,10,5.15,PB-INS
PB-INS-PROF-15-P50,ProFlow Pipe Insert Stainless 15mm (Pack of 50),"ProFlow Pipe Insert Stainless 15mm (Pack of 50). Push-fit plumbing system, demountable, suitable for heating and potable water.",each,50,24.62,PB-INS
PB-INS-PROF-22-P10,ProFlow Pipe Insert Stainless 22mm (Pack of 10),"ProFlow Pipe Insert Stainless 22mm (Pack of 10). Push-fit plumbing system, demountable, suitable for heating and potable water.",each,10,5.43,PB-INS
PB-INS-PROF-22-P50,ProFlow Pipe Insert Stainless 22mm (Pack of 50),"ProFlow Pipe Insert Stainless 22mm (Pack of 50). Push-fit plumbing system, demountable, suitable for heating and potable water.",each,50,26.92,PB-INS
PB-INS-PROF-28-P10,ProFlow Pipe Insert Stainless 28mm (Pack of 10),"ProFlow Pipe Insert Stainless 28mm (Pack of 10). Push-fit plumbing system, demountable, suitable for heating and potable water.",each,10,6.01,PB-INS
PB-INS-PROF-28-P50,ProFlow Pipe Insert Stainless 28mm (Pack of 50),"ProFlow Pipe Insert Stainless 28mm (Pack of 50). Push-fit plumbing system, demountable, suitable for heating and potable water.",each,50,31.49,PB-INS
WST-PIPE-32-3-WHIT,Solvent Weld Waste Pipe 32mm x 3m White,Solvent Weld Waste Pipe 32mm x 3m White. Solvent weld waste system to BS EN 1329.,length,1,10.49,WST-PIPE
WST-PIPE-32-3-GREY,Solvent Weld Waste Pipe 32mm x 3m Grey,Solvent Weld Waste Pipe 32mm x 3m Grey. Solvent weld waste system to BS EN 1329.,length,1,9.62,WST-PIPE
WST-PIPE-32-3-BLAC,Solvent Weld Waste Pipe 32mm x 3m Black,Solvent Weld Waste Pipe 32mm x 3m Black. Solvent weld waste system to BS EN 1329.,length,1,10.32,WST-PIPE
WST-PIPE-32-4-WHIT,Solvent Weld Waste Pipe 32mm x 4m White,Solvent Weld Waste Pipe 32mm x 4m White. Solvent weld waste system to BS EN 1329.,length,1,10.02,WST-PIPE
WST-PIPE-32-4-GREY,Solvent Weld Waste Pipe 32mm x 4m Grey,Solvent Weld Waste Pipe 32mm x 4m Grey. Solvent weld waste system to BS EN 1329.,length,1,9.37,WST-PIPE
WST-PIPE-32-4-BLAC,Solvent Weld Waste Pipe 32mm x 4m Black,Solvent Weld Waste Pipe 32mm x 4m Black. Solvent weld waste system to BS EN 1329.,length,1,9.67,WST-PIPE
WST-PIPE-40-3-WHIT,Solvent Weld Waste Pipe 40mm x 3m White,Solvent Weld Waste Pipe 40mm x 3m White. Solvent weld waste system to BS EN 1329.,length,1,10.05,WST-PIPE
WST-PIPE-40-3-GREY,Solvent Weld Waste Pipe 40mm x 3m Grey,Solvent Weld Waste Pipe 40mm x 3m Grey. Solvent weld waste system to BS EN 1329.,length,1,9.85,WST-PIPE
WST-PIPE-40-3-BLAC,Solvent Weld Waste Pipe 40mm x 3m Black,Solvent Weld Waste Pipe 40mm x 3m Black. Solvent weld waste system to BS EN 1329.,length,1,9.94,WST-PIPE
WST-PIPE-40-4-WHIT,Solvent Weld Waste Pipe 40mm x 4m White,Solvent Weld Waste Pipe 40mm x 4m White. Solvent weld waste system to BS EN 1329.,length,1,11.66,WST-PIPE
WST-PIPE-40-4-GREY,Solvent Weld Waste Pipe 40mm x 4m Grey,Solvent Weld Waste Pipe 40mm x 4m Grey. Solvent weld waste system to BS EN 1329.,length,1,10.46,WST-PIPE
WST-PIPE-40-4-BLAC,Solvent Weld Waste Pipe 40mm x 4m Black,Solvent Weld Waste Pipe 40mm x 4m Black. Solvent weld waste system to BS EN 1329.,length,1,11.26,WST-PIPE
WST-PIPE-50-3-WHIT,Solvent Weld Waste Pipe 50mm x 3m White,Solvent Weld Waste Pipe 50mm x 3m White. Solvent weld waste system to BS EN 1329.,length,1,12.16,WST-PIPE
WST-PIPE-50-3-GREY,Solvent Weld Waste Pipe 50mm x 3m Grey,Solvent Weld Waste Pipe 50mm x 3m Grey. Solvent weld waste system to BS EN 1329.,length,1,11.35,WST-PIPE
WST-PIPE-50-3-BLAC,Solvent Weld Waste Pipe 50mm x 3m Black,Solvent Weld Waste Pipe 50mm x 3m Black. Solvent weld waste system to BS EN 1329.,length,1,11.54,WST-PIPE
WST-PIPE-50-4-WHIT,Solvent Weld Waste Pipe 50mm x 4m White,Solvent Weld Waste Pipe 50mm x 4m White. Solvent weld waste system to BS EN 1329.,length,1,12.0,WST-PIPE
WST-PIPE-50-4-GREY,Solvent Weld Waste Pipe 50mm x 4m Grey,Solvent Weld Waste Pipe 50mm x 4m Grey. Solvent weld waste system to BS EN 1329.,length,1,12.0,WST-PIPE
WST-PIPE-50-4-BLAC,Solvent Weld Waste Pipe 50mm x 4m Black,Solvent Weld Waste Pipe 50mm x 4m Black. Solvent weld waste system to BS EN 1329.,length,1,12.21,WST-PIPE
WST-BND-45-32-WHIT,Solvent Weld Bend 45° 32mm White,Solvent Weld Bend 45° 32mm White. Solvent weld waste system to BS EN 1329.,each,1,2.18,WST-BND
WST-BND-45-32-WHIT-P10,Solvent Weld Bend 45° 32mm White (Pack of 10),Solvent Weld Bend 45° 32mm White (Pack of 10). Solvent weld waste system to BS EN 1329.,each,10,22.8,WST-BND
WST-BND-45-32-GREY,Solvent Weld Bend 45° 32mm Grey,Solvent Weld Bend 45° 32mm Grey. Solvent weld waste system to BS EN 1329.,each,1,2.24,WST-BND
WST-BND-45-32-GREY-P10,Solvent Weld Bend 45° 32mm Grey (Pack of 10),Solvent Weld Bend 45° 32mm Grey (Pack of 10). Solvent weld waste system to BS EN 1329.,each,10,22.97,WST-BND
WST-BND-45-32-BLAC,Solvent Weld Bend 45° 32mm Black,Solvent Weld Bend 45° 32mm Black. Solvent weld waste system to BS EN 1329.,each,1,2.26,WST-BND
WST-BND-45-32-BLAC-P10,Solvent Weld Bend 45° 32mm Black (Pack of 10),Solvent Weld Bend 45° 32mm Black (Pack of 10). Solvent weld waste system to BS EN 1329.,each,10,23.86,WST-BND
WST-BND-45-40-WHIT,Solvent Weld Bend 45° 40mm White,Solvent Weld Bend 45° 40mm White. Solvent weld waste system to BS EN 1329.,each,1,2.75,WST-BND
WST-BND-45-40-WHIT-P10,Solvent Weld Bend 45° 40mm White (Pack of 10),Solvent Weld Bend 45° 40mm White (Pack of 10). Solvent weld waste system to BS EN 1329.,each,10,26.77,WST-BND
WST-BND-45-40-GREY,Solvent Weld Bend 45° 40mm Grey,Solvent Weld Bend 45° 40mm Grey. Solvent weld waste system to BS EN 1329.,each,1,2.37,WST-BND
WST-BND-45-40-GREY-P10,Solvent Weld Bend 45° 40mm Grey (Pack of 10),Solvent Weld Bend 45° 40mm Grey (Pack of 10). Solvent weld waste system to BS EN 1329.,each,10,23.89,WST-BND
WST-BND-45-40-BLAC,Solvent Weld Bend 45° 40mm Black,Solvent Weld Bend 45° 40mm Black. Solvent weld waste system to BS EN 1329.,each,1,2.69,WST-BND
WST-BND-45-40-BLAC-P10,Solvent Weld Bend 45° 40mm Black (Pack of 10),Solvent Weld Bend 45° 40mm Black (Pack of 10). Solvent weld waste system to BS EN 1329.,each,10,24.88,WST-BND
WST-BND-45-50-WHIT,Solvent Weld Bend 45° 50mm White,Solvent Weld Bend 45° 50mm White. Solvent weld waste system to BS EN 1329.,each,1,3.06,WST-BND
WST-BND-45-50-WHIT-P10,Solvent Weld Bend 45° 50mm White (Pack of 10),Solvent Weld Bend 45° 50mm White (Pack of 10). Solvent weld waste system to BS EN 1329.,each,10,30.17,WST-BND
WST-BND-45-50-GREY,Solvent Weld Bend 45° 50mm Grey,Solvent Weld Bend 45° 50mm Grey. Solvent weld waste system to BS EN 1329.,each,1,3.16,WST-BND
WST-BND-45-50-GREY-P10,Solvent Weld Bend 45° 50mm Grey (Pack of 10),Solvent Weld Bend 45° 50mm Grey (Pack of 10). Solvent weld waste system to BS EN 1329.,each,10,31.43,WST-BND
WST-BND-45-50-BLAC,Solvent Weld Bend 45° 50mm Black,Solvent Weld Bend 45° 50mm Black. Solvent weld waste system to BS EN 1329.,each,1,2.83,WST-BND
WST-BND-45-50-BLAC-P10,Solvent Weld Bend 45° 50mm Black (Pack of 10),Solvent Weld Bend 45° 50mm Black (Pack of 10). Solvent weld waste system to BS EN 1329.,each,10,29.73,WST-BND
WST-BND-90-32-WHIT,Solvent Weld Bend 90° 32mm White,Solvent Weld Bend 90° 32mm White. Solvent weld waste system to BS EN 1329.,each,1,2.17,WST-BND
WST-BND-90-32-WHIT-P10,Solvent Weld Bend 90° 32mm White (Pack of 10),Solvent Weld Bend 90° 32mm White (Pack of 10). Solvent weld waste system to BS EN 1329.,each,10,22.7,WST-BND
WST-BND-90-32-GREY,Solvent Weld Bend 90° 32mm Grey,Solvent Weld Bend 90° 32mm Grey. Solvent weld waste system to BS EN 1329.,each,1,2.56,WST-BND
WST-BND-90-32-GREY-P10,Solvent Weld Bend 90° 32mm Grey (Pack of 10),Solvent Weld Bend 90° 32mm Grey (Pack of 10). Solvent weld waste system to BS EN 1329.,each,10,24.33,WST-BND
WST-BND-90-32-BLAC,Solvent Weld Bend 90° 32mm Black,Solvent Weld Bend 90° 32mm Black. Solvent weld waste system to BS EN 1329.,each,1,2.29,WST-BND
WST-BND-90-32-BLAC-P10,Solvent Weld Bend 90° 32mm Black (Pack of 10),Solvent Weld Bend 90° 32mm Black (Pack of 10). Solvent weld waste system to BS EN 1329.,each,10,23.84,WST-BND
WST-BND-90-40-WHIT,Solvent Weld Bend 90° 40mm White,Solvent Weld Bend 90° 40mm White. Solvent weld waste system to BS EN 1329.,each,1,2.83,WST-BND
WST-BND-90-40-WHIT-P10,Solvent Weld Bend 90° 40mm White (Pack of 10),Solvent Weld Bend 90° 40mm White (Pack of 10). Solvent weld waste system to BS EN 1329.,each,10,25.01,WST-BND
WST-BND-90-40-GREY,Solvent Weld Bend 90° 40mm Grey,Solvent Weld Bend 90° 40mm Grey. Solvent weld waste system to BS EN 1329.,each,1,2.54,WST-BND
WST-BND-90-40-GREY-P10,Solvent Weld Bend 90° 40mm Grey (Pack of 10),Solvent Weld Bend 90° 40mm Grey (Pack of 10). Solvent weld waste system to BS EN 1329.,each,10,27.52,WST-BND
WST-BND-90-40-BLAC,Solvent Weld Bend 90° 40mm Black,Solvent Weld Bend 90° 40mm Black. Solvent weld waste system to BS EN 1329.,each,1,2.76,WST-BND
WST-BND-90-40-BLAC-P10,Solvent Weld Bend 90° 40mm Black (Pack of 10),Solvent Weld Bend 90° 40mm Black (Pack of 10). Solvent weld waste system to BS EN 1329.,each,10,26.88,WST-BND
WST-BND-90-50-WHIT,Solvent Weld Bend 90° 50mm White,Solvent Weld Bend 90° 50mm White. Solvent weld waste system to BS EN 1329.,each,1,3.12,WST-BND
WST-BND-90-50-WHIT-P10,Solvent Weld Bend 90° 50mm White (Pack of 10),Solvent Weld Bend 90° 50mm White (Pack of 10). Solvent weld waste system to BS EN 1329.,each,10,30.65,WST-BND
WST-BND-90-50-GREY,Solvent Weld Bend 90° 50mm Grey,Solvent Weld Bend 90° 50mm Grey. Solvent weld waste system to BS EN 1329.,each,1,3.03,WST-BND
WST-BND-90-50-GREY-P10,Solvent Weld Bend 90° 50mm Grey (Pack of 10),Solvent Weld Bend 90° 50mm Grey (Pack of 10). Solvent weld waste system to BS EN 1329.,each,10,29.4,WST-BND
WST-BND-90-50-BLAC,Solvent Weld Bend 90° 50mm Black,Solvent Weld Bend 90° 50mm Black. Solvent weld waste system to BS EN 1329.,each,1,3.01,WST-BND
WST-BND-90-50-BLAC-P10,Solvent Weld Bend 90° 50mm Black (Pack of 10),Solvent Weld Bend 90° 50mm Black (Pack of 10). Solvent weld waste system to BS EN 1329.,each,10,28.8,WST-BND
SOIL-PIPE-110-2P5-GREY,Soil Pipe Plain End 110mm x 2.5m Grey,Soil Pipe Plain End 110mm x 2.5m Grey. Soil and vent system to BS EN 1329.,length,1,61.26,SOIL-PIPE
SOIL-PIPE-110-2P5-BLAC,Soil Pipe Plain End 110mm x 2.5m Black,Soil Pipe Plain End 110mm x 2.5m Black. Soil and vent system to BS EN 1329.,length,1,61.27,SOIL-PIPE
SOIL-PIPE-110-2P5-WHIT,Soil Pipe Plain End 110mm x 2.5m White,Soil Pipe Plain End 110mm x 2.5m White. Soil and vent system to BS EN 1329.,length,1,58.97,SOIL-PIPE
SOIL-PIPE-110-3-GREY,Soil Pipe Plain End 110mm x 3m Grey,Soil Pipe Plain End 110mm x 3m Grey. Soil and vent system to BS EN 1329.,length,1,59.4,SOIL-PIPE
SOIL-PIPE-110-3-BLAC,Soil Pipe Plain End 110mm x 3m Black,Soil Pipe Plain End 110mm x 3m Black. Soil and vent system to BS EN 1329.,length,1,68.64,SOIL-PIPE
SOIL-PIPE-110-3-WHIT,Soil Pipe Plain End 110mm x 3m White,Soil Pipe Plain End 110mm x 3m White. Soil and vent system to BS EN 1329.,length,1,62.83,SOIL-PIPE
SOIL-PIPE-110-4-GREY,Soil Pipe Plain End 110mm x 4m Grey,Soil Pipe Plain End 110mm x 4m Grey. Soil and vent system to BS EN 1329.,length,1,59.55,SOIL-PIPE
SOIL-PIPE-110-4-BLAC,Soil Pipe Plain End 110mm x 4m Black,Soil Pipe Plain End 110mm x 4m Black. Soil and vent system to BS EN 1329.,length,1,58.43,SOIL-PIPE
SOIL-PIPE-110-4-WHIT,Soil Pipe Plain End 110mm x 4m White,Soil Pipe Plain End 110mm x 4m White. Soil and vent system to BS EN 1329.,length,1,57.67,SOIL-PIPE
SOIL-BND-45-GREY,Soil Bend Single Socket 45° 110mm Grey,Soil Bend Single Socket 45° 110mm Grey. Soil and vent system to BS EN 1329.,each,1,8.33,SOIL-BND
SOIL-BND-45-BLAC,Soil Bend Single Socket 45° 110mm Black,Soil Bend Single Socket 45° 110mm Black. Soil and vent system to BS EN 1329.,each,1,7.17,SOIL-BND
SOIL-BND-45-WHIT,Soil Bend Single Socket 45° 110mm White,Soil Bend Single Socket 45° 110mm White. Soil and vent system to BS EN 1329.,each,1,8.21,SOIL-BND
SOIL-BND-87P5-GREY,Soil Bend Single Socket 87.5° 110mm Grey,Soil Bend Single Socket 87.5° 110mm Grey. Soil and vent system to BS EN 1329.,each,1,8.31,SOIL-BND
SOIL-BND-87P5-BLAC,Soil Bend Single Socket 87.5° 110mm Black,Soil Bend Single Socket 87.5° 110mm Black. Soil and vent system to BS EN 1329.,each,1,8.39,SOIL-BND
SOIL-BND-87P5-WHIT,Soil Bend Single Socket 87.5° 110mm White,Soil Bend Single Socket 87.5° 110mm White. Soil and vent system to BS EN 1329.,each,1,7.07,SOIL-BND
SOIL-BND-92P5-GREY,Soil Bend Single Socket 92.5° 110mm Grey,Soil Bend Single Socket 92.5° 110mm Grey. Soil and vent system to BS EN 1329.,each,1,7.54,SOIL-BND
SOIL-BND-92P5-BLAC,Soil Bend Single Socket 92.5° 110mm Black,Soil Bend Single Socket 92.5° 110mm Black. Soil and vent system to BS EN 1329.,each,1,8.2,SOIL-BND
SOIL-BND-92P5-WHIT,Soil Bend Single Socket 92.5° 110mm White,Soil Bend Single Socket 92.5° 110mm White. Soil and vent system to BS EN 1329.,each,1,7.22,SOIL-BND
TRAP-BOTT-32-38,Bottle Trap 32mm 38mm Seal,Bottle Trap 32mm 38mm Seal. Anti-syphon waste trap.,each,1,7.37,TRAP
TRAP-BOTT-32-75,Bottle Trap 32mm 75mm Seal,Bottle Trap 32mm 75mm Seal. Anti-syphon waste trap.,each,1,7.05,TRAP
TRAP-BOTT-40-38,Bottle Trap 40mm 38mm Seal,Bottle Trap 40mm 38mm Seal. Anti-syphon waste trap.,each,1,8.96,TRAP
TRAP-BOTT-40-75,Bottle Trap 40mm 75mm Seal,Bottle Trap 40mm 75mm Seal. Anti-syphon waste trap.,each,1,8.86,TRAP
TRAP-TP-32-38,Tubular P Trap 32mm 38mm Seal,Tubular P Trap 32mm 38mm Seal. Anti-syphon waste trap.,each,1,8.03,TRAP
TRAP-TP-32-75,Tubular P Trap 32mm 75mm Seal,Tubular P Trap 32mm 75mm Seal. Anti-syphon waste trap.,each,1,7.05,TRAP
TRAP-TP-40-38,Tubular P Trap 40mm 38mm Seal,Tubular P Trap 40mm 38mm Seal. Anti-syphon waste trap.,each,1,8.3,TRAP
TRAP-TP-40-75,Tubular P Trap 40mm 75mm Seal,Tubular P Trap 40mm 75mm Seal. Anti-syphon waste trap.,each,1,8.25,TRAP
TRAP-TS-32-38,Tubular S Trap 32mm 38mm Seal,Tubular S Trap 32mm 38mm Seal. Anti-syphon waste trap.,each,1,7.83,TRAP
TRAP-TS-32-75,Tubular S Trap 32mm 75mm Seal,Tubular S Trap 32mm 75mm Seal. Anti-syphon waste trap.,each,1,7.16,TRAP
TRAP-TS-40-38,Tubular S Trap 40mm 38mm Seal,Tubular S Trap 40mm 38mm Seal. Anti-syphon waste trap.,each,1,8.31,TRAP
TRAP-TS-40-75,Tubular S Trap 40mm 75mm Seal,Tubular S Trap 40mm 75mm Seal. Anti-syphon waste trap.,each,1,8.04,TRAP
TRAP-BATH-32-38,Bath Trap 32mm 38mm Seal,Bath Trap 32mm 38mm Seal. Anti-syphon waste trap.,each,1,7.94,TRAP
TRAP-BATH-32-75,Bath Trap 32mm 75mm Seal,Bath Trap 32mm 75mm Seal. Anti-syphon waste trap.,each,1,7.48,TRAP
TRAP-BATH-40-38,Bath Trap 40mm 38mm Seal,Bath Trap 40mm 38mm Seal. Anti-syphon waste trap.,each,1,8.46,TRAP
TRAP-BATH-40-75,Bath Trap 40mm 75mm Seal,Bath Trap 40mm 75mm Seal. Anti-syphon waste trap.,each,1,8.08,TRAP
TRAP-SHOW-32-38,Shower Trap 32mm 38mm Seal,Shower Trap 32mm 38mm Seal. Anti-syphon waste trap.,each,1,8.03,TRAP
TRAP-SHOW-32-75,Shower Trap 32mm 75mm Seal,Shower Trap 32mm 75mm Seal. Anti-syphon waste trap.,each,1,7.51,TRAP
TRAP-SHOW-40-38,Shower Trap 40mm 38mm Seal,Shower Trap 40mm 38mm Seal. Anti-syphon waste trap.,each,1,8.96,TRAP
TRAP-SHOW-40-75,Shower Trap 40mm 75mm Seal,Shower Trap 40mm 75mm Seal. Anti-syphon waste trap.,each,1,8.18,TRAP
RAD-VLV-MA-WHIT,"Radiator Valve Manual Angled 15mm x 1/2"" White","Radiator Valve Manual Angled 15mm x 1/2"" White. Radiator valve pair, supplied with drain-off.",pair,1,12.84,RAD-VLV
RAD-VLV-MA-CHRO,"Radiator Valve Manual Angled 15mm x 1/2"" Chrome","Radiator Valve Manual Angled 15mm x 1/2"" Chrome. Radiator valve pair, supplied with drain-off.",pair,1,12.93,RAD-VLV
RAD-VLV-MA-ANTH,"Radiator Valve Manual Angled 15mm x 1/2"" Anthracite","Radiator Valve Manual Angled 15mm x 1/2"" Anthracite. Radiator valve pair, supplied with drain-off.",pair,1,11.7,RAD-VLV
RAD-VLV-MS-WHIT,"Radiator Valve Manual Straight 15mm x 1/2"" White","Radiator Valve Manual Straight 15mm x 1/2"" White. Radiator valve pair, supplied with drain-off.",pair,1,11.27,RAD-VLV
RAD-VLV-MS-CHRO,"Radiator Valve Manual Straight 15mm x 1/2"" Chrome","Radiator Valve Manual Straight 15mm x 1/2"" Chrome. Radiator valve pair, supplied with drain-off.",pair,1,11.51,RAD-VLV
RAD-VLV-MS-ANTH,"Radiator Valve Manual Straight 15mm x 1/2"" Anthracite","Radiator Valve Manual Straight 15mm x 1/2"" Anthracite. Radiator valve pair, supplied with drain-off.",pair,1,11.85,RAD-VLV
RAD-VLV-TA-WHIT,"Radiator Valve TRV Angled 15mm x 1/2"" White","Radiator Valve TRV Angled 15mm x 1/2"" White. Radiator valve pair, supplied with drain-off.",pair,1,12.89,RAD-VLV
RAD-VLV-TA-CHRO,"Radiator Valve TRV Angled 15mm x 1/2"" Chrome","Radiator Valve TRV Angled 15mm x 1/2"" Chrome. Radiator valve pair, supplied with drain-off.",pair,1,12.53,RAD-VLV
RAD-VLV-TA-ANTH,"Radiator Valve TRV Angled 15mm x 1/2"" Anthracite","Radiator Valve TRV Angled 15mm x 1/2"" Anthracite. Radiator valve pair, supplied with drain-off.",pair,1,12.5,RAD-VLV
RAD-VLV-LA-WHIT,"Radiator Valve Lockshield Angled 15mm x 1/2"" White","Radiator Valve Lockshield Angled 15mm x 1/2"" White. Radiator valve pair, supplied with drain-off.",pair,1,10.94,RAD-VLV
RAD-VLV-LA-CHRO,"Radiator Valve Lockshield Angled 15mm x 1/2"" Chrome","Radiator Valve Lockshield Angled 15mm x 1/2"" Chrome. Radiator valve pair, supplied with drain-off.",pair,1,11.2,RAD-VLV
RAD-VLV-LA-ANTH,"Radiator Valve Lockshield Angled 15mm x 1/2"" Anthracite","Radiator Valve Lockshield Angled 15mm x 1/2"" Anthracite. Radiator valve pair, supplied with drain-off.",pair,1,12.12,RAD-VLV
CBL-TE-1-50-GREY,Twin & Earth Cable 1mm² 50m Grey,"Twin & Earth Cable 1mm² 50m Grey. Cable to BS 6004 / BS 5467, CPR rated.",drum,1,46.27,CBL-TE
CBL-TE-1-50-WHIT,Twin & Earth Cable 1mm² 50m White,"Twin & Earth Cable 1mm² 50m White. Cable to BS 6004 / BS 5467, CPR rated.",drum,1,43.52,CBL-TE
CBL-TE-1-100-GREY,Twin & Earth Cable 1mm² 100m Grey,"Twin & Earth Cable 1mm² 100m Grey. Cable to BS 6004 / BS 5467, CPR rated.",drum,1,39.63,CBL-TE
CBL-TE-1-100-WHIT,Twin & Earth Cable 1mm² 100m White,"Twin & Earth Cable 1mm² 100m White. Cable to BS 6004 / BS 5467, CPR rated.",drum,1,46.03,CBL-TE
CBL-TE-1P5-50-GREY,Twin & Earth Cable 1.5mm² 50m Grey,"Twin & Earth Cable 1.5mm² 50m Grey. Cable to BS 6004 / BS 5467, CPR rated.",drum,1,46.64,CBL-TE
CBL-TE-1P5-50-WHIT,Twin & Earth Cable 1.5mm² 50m White,"Twin & Earth Cable 1.5mm² 50m White. Cable to BS 6004 / BS 5467, CPR rated.",drum,1,41.7,CBL-TE
CBL-TE-1P5-100-GREY,Twin & Earth Cable 1.5mm² 100m Grey,"Twin & Earth Cable 1.5mm² 100m Grey. Cable to BS 6004 / BS 5467, CPR rated.",drum,1,45.87,CBL-TE
CBL-TE-1P5-100-WHIT,Twin & Earth Cable 1.5mm² 100m White,"Twin & Earth Cable 1.5mm² 100m White. Cable to BS 6004 / BS 5467, CPR rated.",drum,1,41.59,CBL-TE
CBL-TE-2P5-50-GREY,Twin & Earth Cable 2.5mm² 50m Grey,"Twin & Earth Cable 2.5mm² 50m Grey. Cable to BS 6004 / BS 5467, CPR rated.",drum,1,48.24,CBL-TE
CBL-TE-2P5-50-WHIT,Twin & Earth Cable 2.5mm² 50m White,"Twin & Earth Cable 2.5mm² 50m White. Cable to BS 6004 / BS 5467, CPR rated.",drum,1,41.48,CBL-TE
CBL-TE-2P5-100-GREY,Twin & Earth Cable 2.5mm² 100m Grey,"Twin & Earth Cable 2.5mm² 100m Grey. Cable to BS 6004 / BS 5467, CPR rated.",drum,1,44.07,CBL-TE
CBL-TE-2P5-100-WHIT,Twin & Earth Cable 2.5mm² 100m White,"Twin & Earth Cable 2.5mm² 100m White. Cable to BS 6004 / BS 5467, CPR rated.",drum,1,48.61,CBL-TE
CBL-TE-4-50-GREY,Twin & Earth Cable 4mm² 50m Grey,"Twin & Earth Cable 4mm² 50m Grey. Cable to BS 6004 / BS 5467, CPR rated.",drum,1,43.63,CBL-TE
CBL-TE-4-50-WHIT,Twin & Earth Cable 4mm² 50m White,"Twin & Earth Cable 4mm² 50m White. Cable to BS 6004 / BS 5467, CPR rated.",drum,1,45.75,CBL-TE
CBL-TE-4-100-GREY,Twin & Earth Cable 4mm² 100m Grey,"Twin & Earth Cable 4mm² 100m Grey. Cable to BS 6004 / BS 5467, CPR rated.",drum,1,44.81,CBL-TE
CBL-TE-4-100-WHIT,Twin & Earth Cable 4mm² 100m White,"Twin & Earth Cable 4mm² 100m White. Cable to BS 6004 / BS 5467, CPR rated.",drum,1,41.83,CBL-TE
CBL-TE-6-50-GREY,Twin & Earth Cable 6mm² 50m Grey,"Twin & Earth Cable 6mm² 50m Grey. Cable to BS 6004 / BS 5467, CPR rated.",drum,1,43.98,CBL-TE
CBL-TE-6-50-WHIT,Twin & Earth Cable 6mm² 50m White,"Twin & Earth Cable 6mm² 50m White. Cable to BS 6004 / BS 5467, CPR rated.",drum,1,48.32,CBL-TE
CBL-TE-6-100-GREY,Twin & Earth Cable 6mm² 100m Grey,"Twin & Earth Cable 6mm² 100m Grey. Cable to BS 6004 / BS 5467, CPR rated.",drum,1,45.75,CBL-TE
CBL-TE-6-100-WHIT,Twin & Earth Cable 6mm² 100m White,"Twin & Earth Cable 6mm² 100m White. Cable to BS 6004 / BS 5467, CPR rated.",drum,1,53.08,CBL-TE
CBL-FLEX-2-0P75-50-WHIT,2 Core Flex 0.75mm² 50m White,"2 Core Flex 0.75mm² 50m White. Cable to BS 6004 / BS 5467, CPR rated.",drum,1,30.79,CBL-FLEX
CBL-FLEX-2-0P75-50-BLAC,2 Core Flex 0.75mm² 50m Black,"2 Core Flex 0.75mm² 50m Black. Cable to BS 6004 / BS 5467, CPR rated.",drum,1,28.6,CBL-FLEX
CBL-FLEX-2-0P75-100-WHIT,2 Core Flex 0.75mm² 100m White,"2 Core Flex 0.75mm² 100m White. Cable to BS 6004 / BS 5467, CPR rated.",drum,1,34.3,CBL-FLEX
CBL-FLEX-2-0P75-100-BLAC,2 Core Flex 0.75mm² 100m Black,"2 Core Flex 0.75mm² 100m Black. Cable to BS 6004 / BS 5467, CPR rated.",drum,1,33.72,CBL-FLEX
CBL-FLEX-2-1-50-WHIT,2 Core Flex 1mm² 50m White,"2 Core Flex 1mm² 50m White. Cable to BS 6004 / BS 5467, CPR rated.",drum,1,32.73,CBL-FLEX
CBL-FLEX-2-1-50-BLAC,2 Core Flex 1mm² 50m Black,"2 Core Flex 1mm² 50m Black. Cable to BS 6004 / BS 5467, CPR rated.",drum,1,33.63,CBL-FLEX
CBL-FLEX-2-1-100-WHIT,2 Core Flex 1mm² 100m White,"2 Core Flex 1mm² 100m White. Cable to BS 6004 / BS 5467, CPR rated.",drum,1,29.47,CBL-FLEX
CBL-FLEX-2-1-100-BLAC,2 Core Flex 1mm² 100m Black,"2 Core Flex 1mm² 100m Black. Cable to BS 6004 / BS 5467, CPR rated.",drum,1,30.42,CBL-FLEX
CBL-FLEX-2-1P5-50-WHIT,2 Core Flex 1.5mm² 50m White,"2 Core Flex 1.5mm² 50m White. Cable to BS 6004 / BS 5467, CPR rated.",drum,1,34.28,CBL-FLEX
CBL-FLEX-2-1P5-50-BLAC,2 Core Flex 1.5mm² 50m Black,"2 Core Flex 1.5mm² 50m Black. Cable to BS 6004 / BS 5467, CPR rated.",drum,1,33.42,CBL-FLEX
CBL-FLEX-2-1P5-100-WHIT,2 Core Flex 1.5mm² 100m White,"2 Core Flex 1.5mm² 100m White. Cable to BS 6004 / BS 5467, CPR rated.",drum,1,29.84,CBL-FLEX
CBL-FLEX-2-1P5-100-BLAC,2 Core Flex 1.5mm² 100m Black,"2 Core Flex 1.5mm² 100m Black. Cable to BS 6004 / BS 5467, CPR rated.",drum,1,33.48,CBL-FLEX
CBL-FLEX-2-2P5-50-WHIT,2 Core Flex 2.5mm² 50m White,"2 Core Flex 2.5mm² 50m White. Cable to BS 6004 / BS 5467, CPR rated.",drum,1,32.6,CBL-FLEX
CBL-FLEX-2-2P5-50-BLAC,2 Core Flex 2.5mm² 50m Black,"2 Core Flex 2.5mm² 50m Black. Cable to BS 6004 / BS 5467, CPR rated.",drum,1,29.68,CBL-FLEX
CBL-FLEX-2-2P5-100-WHIT,2 Core Flex 2.5mm² 100m White,"2 Core Flex 2.5mm² 100m White. Cable to BS 6004 / BS 5467, CPR rated.",drum,1,30.17,CBL-FLEX
CBL-FLEX-2-2P5-100-BLAC,2 Core Flex 2.5mm² 100m Black,"2 Core Flex 2.5mm² 100m Black. Cable to BS 6004 / BS 5467, CPR rated.",drum,1,31.33,CBL-FLEX
CBL-FLEX-3-0P75-50-WHIT,3 Core Flex 0.75mm² 50m White,"3 Core Flex 0.75mm² 50m White. Cable to BS 6004 / BS 5467, CPR rated.",drum,1,33.7,CBL-FLEX
CBL-FLEX-3-0P75-50-BLAC,3 Core Flex 0.75mm² 50m Black,"3 Core Flex 0.75mm² 50m Black. Cable to BS 6004 / BS 5467, CPR rated.",drum,1,31.89,CBL-FLEX
CBL-FLEX-3-0P75-100-WHIT,3 Core Flex 0.75mm² 100m White,"3 Core Flex 0.75mm² 100m White. Cable to BS 6004 / BS 5467, CPR rated.",drum,1,33.02,CBL-FLEX
CBL-FLEX-3-0P75-100-BLAC,3 Core Flex 0.75mm² 100m Black,"3 Core Flex 0.75mm² 100m Black. Cable to BS 6004 / BS 5467, CPR rated.",drum,1,31.76,CBL-FLEX
CBL-FLEX-3-1-50-WHIT,3 Core Flex 1mm² 50m White,"3 Core Flex 1mm² 50m White. Cable to BS 6004 / BS 5467, CPR rated.",drum,1,29.3,CBL-FLEX
CBL-FLEX-3-1-50-BLAC,3 Core Flex 1mm² 50m Black,"3 Core Flex 1mm² 50m Black. Cable to BS 6004 / BS 5467, CPR rated.",drum,1,30.43,CBL-FLEX
CBL-FLEX-3-1-100-WHIT,3 Core Flex 1mm² 100m White,"3 Core Flex 1mm² 100m White. Cable to BS 6004 / BS 5467, CPR rated.",drum,1,30.51,CBL-FLEX
CBL-FLEX-3-1-100-BLAC,3 Core Flex 1mm² 100m Black,"3 Core Flex 1mm² 100m Black. Cable to BS 6004 / BS 5467, CPR rated.",drum,1,28.9,CBL-FLEX
CBL-FLEX-3-1P5-50-WHIT,3 Core Flex 1.5mm² 50m White,"3 Core Flex 1.5mm² 50m White. Cable to BS 6004 / BS 5467, CPR rated.",drum,1,31.65,CBL-FLEX
CBL-FLEX-3-1P5-50-BLAC,3 Core Flex 1.5mm² 50m Black,"3 Core Flex 1.5mm² 50m Black. Cable to BS 6004 / BS 5467, CPR rated.",drum,1,34.05,CBL-FLEX
CBL-FLEX-3-1P5-100-WHIT,3 Core Flex 1.5mm² 100m White,"3 Core Flex 1.5mm² 100m White. Cable to BS 6004 / BS 5467, CPR rated.",drum,1,31.89,CBL-FLEX
CBL-FLEX-3-1P5-100-BLAC,3 Core Flex 1.5mm² 100m Black,"3 Core Flex 1.5mm² 100m Black. Cable to BS 6004 / BS 5467, CPR rated.",drum,1,29.66,CBL-FLEX
CBL-FLEX-3-2P5-50-WHIT,3 Core Flex 2.5mm² 50m White,"3 Core Flex 2.5mm² 50m White. Cable to BS 6004 / BS 5467, CPR rated.",drum,1,35.61,CBL-FLEX
CBL-FLEX-3-2P5-50-BLAC,3 Core Flex 2.5mm² 50m Black,"3 Core Flex 2.5mm² 50m Black. Cable to BS 6004 / BS 5467, CPR rated.",drum,1,33.57,CBL-FLEX
CBL-FLEX-3-2P5-100-WHIT,3 Core Flex 2.5mm² 100m White,"3 Core Flex 2.5mm² 100m White. Cable to BS 6004 / BS 5467, CPR rated.",drum,1,29.75,CBL-FLEX
CBL-FLEX-3-2P5-100-BLAC,3 Core Flex 2.5mm² 100m Black,"3 Core Flex 2.5mm² 100m Black. Cable to BS 6004 / BS 5467, CPR rated.",drum,1,33.04,CBL-FLEX
CBL-SWA-2-1P5,SWA Armoured Cable 2 Core 1.5mm² per metre,"SWA Armoured Cable 2 Core 1.5mm² per metre. Cable to BS 6004 / BS 5467, CPR rated.",metre,1,2.36,CBL-SWA
CBL-SWA-2-2P5,SWA Armoured Cable 2 Core 2.5mm² per metre,"SWA Armoured Cable 2 Core 2.5mm² per metre. Cable to BS 6004 / BS 5467, CPR rated.",metre,1,2.37,CBL-SWA
CBL-SWA-2-4,SWA Armoured Cable 2 Core 4mm² per metre,"SWA Armoured Cable 2 Core 4mm² per metre. Cable to BS 6004 / BS 5467, CPR rated.",metre,1,2.6,CBL-SWA
CBL-SWA-2-6,SWA Armoured Cable 2 Core 6mm² per metre,"SWA Armoured Cable 2 Core 6mm² per metre. Cable to BS 6004 / BS 5467, CPR rated.",metre,1,2.82,CBL-SWA
CBL-SWA-2-10,SWA Armoured Cable 2 Core 10mm² per metre,"SWA Armoured Cable 2 Core 10mm² per metre. Cable to BS 6004 / BS 5467, CPR rated.",metre,1,2.84,CBL-SWA
CBL-SWA-2-16,SWA Armoured Cable 2 Core 16mm² per metre,"SWA Armoured Cable 2 Core 16mm² per metre. Cable to BS 6004 / BS 5467, CPR rated.",metre,1,3.3,CBL-SWA
CBL-SWA-3-1P5,SWA Armoured Cable 3 Core 1.5mm² per metre,"SWA Armoured Cable 3 Core 1.5mm² per metre. Cable to BS 6004 / BS 5467, CPR rated.",metre,1,2.57,CBL-SWA
CBL-SWA-3-2P5,SWA Armoured Cable 3 Core 2.5mm² per metre,"SWA Armoured Cable 3 Core 2.5mm² per metre. Cable to BS 6004 / BS 5467, CPR rated.",metre,1,2.34,CBL-SWA
CBL-SWA-3-4,SWA Armoured Cable 3 Core 4mm² per metre,"SWA Armoured Cable 3 Core 4mm² per metre. Cable to BS 6004 / BS 5467, CPR rated.",metre,1,2.89,CBL-SWA
CBL-SWA-3-6,SWA Armoured Cable 3 Core 6mm² per metre,"SWA Armoured Cable 3 Core 6mm² per metre. Cable to BS 6004 / BS 5467, CPR rated.",metre,1,2.52,CBL-SWA
CBL-SWA-3-10,SWA Armoured Cable 3 Core 10mm² per metre,"SWA Armoured Cable 3 Core 10mm² per metre. Cable to BS 6004 / BS 5467, CPR rated.",metre,1,3.02,CBL-SWA
CBL-SWA-3-16,SWA Armoured Cable 3 Core 16mm² per metre,"SWA Armoured Cable 3 Core 16mm² per metre. Cable to BS 6004 / BS 5467, CPR rated.",metre,1,3.36,CBL-SWA
CBL-SWA-4-1P5,SWA Armoured Cable 4 Core 1.5mm² per metre,"SWA Armoured Cable 4 Core 1.5mm² per metre. Cable to BS 6004 / BS 5467, CPR rated.",metre,1,2.73,CBL-SWA
CBL-SWA-4-2P5,SWA Armoured Cable 4 Core 2.5mm² per metre,"SWA Armoured Cable 4 Core 2.5mm² per metre. Cable to BS 6004 / BS 5467, CPR rated.",metre,1,2.58,CBL-SWA
CBL-SWA-4-4,SWA Armoured Cable 4 Core 4mm² per metre,"SWA Armoured Cable 4 Core 4mm² per metre. Cable to BS 6004 / BS 5467, CPR rated.",metre,1,2.58,CBL-SWA
CBL-SWA-4-6,SWA Armoured Cable 4 Core 6mm² per metre,"SWA Armoured Cable 4 Core 6mm² per metre. Cable to BS 6004 / BS 5467, CPR rated.",metre,1,2.74,CBL-SWA
CBL-SWA-4-10,SWA Armoured Cable 4 Core 10mm² per metre,"SWA Armoured Cable 4 Core 10mm² per metre. Cable to BS 6004 / BS 5467, CPR rated.",metre,1,3.08,CBL-SWA
CBL-SWA-4-16,SWA Armoured Cable 4 Core 16mm² per metre,"SWA Armoured Cable 4 Core 16mm² per metre. Cable to BS 6004 / BS 5467, CPR rated.",metre,1,3.68,CBL-SWA
ACC-SKT-KEST-1-SWIT-WM,Kestrel 1 Gang Switched Socket White Moulded,Kestrel 1 Gang Switched Socket White Moulded. Wiring accessory to BS 1363 / BS EN 60669.,each,1,3.12,ACC-SKT
ACC-SKT-KEST-1-SWIT-WM-P10,Kestrel 1 Gang Switched Socket White Moulded (Pack of 10),Kestrel 1 Gang Switched Socket White Moulded (Pack of 10). Wiring accessory to BS 1363 / BS EN 60669.,each,10,29.63,ACC-SKT
ACC-SKT-KEST-1-SWIT-BC,Kestrel 1 Gang Switched Socket Brushed Chrome,Kestrel 1 Gang Switched Socket Brushed Chrome. Wiring accessory to BS 1363 / BS EN 60669.,each,1,3.47,ACC-SKT
ACC-SKT-KEST-1-SWIT-BC-P10,Kestrel 1 Gang Switched Socket Brushed Chrome (Pack of 10),Kestrel 1 Gang Switched Socket Brushed Chrome (Pack of 10). Wiring accessory to BS 1363 / BS EN 60669.,each,10,31.78,ACC-SKT
ACC-SKT-KEST-1-SWIT-MB,Kestrel 1 Gang Switched Socket Matt Black,Kestrel 1 Gang Switched Socket Matt Black. Wiring accessory to BS 1363 / BS EN 60669.,each,1,3.43,ACC-SKT
ACC-SKT-KEST-1-SWIT-MB-P10,Kestrel 1 Gang Switched Socket Matt Black (Pack of 10),Kestrel 1 Gang Switched Socket Matt Black (Pack of 10). Wiring accessory to BS 1363 / BS EN 60669.,each,10,33.64,ACC-SKT
ACC-SKT-KEST-1-SWIT-PB,Kestrel 1 Gang Switched Socket Polished Brass,Kestrel 1 Gang Switched Socket Polished Brass. Wiring accessory to BS 1363 / BS EN 60669.,each,1,3.46,ACC-SKT
ACC-SKT-KEST-1-SWIT-PB-P10,Kestrel 1 Gang Switched Socket Polished Brass (Pack of 10),Kestrel 1 Gang Switched Socket Polished Brass (Pack of 10). Wiring accessory to BS 1363 / BS EN 60669.,each,10,34.34,ACC-SKT
ACC-SKT-KEST-1-UNSW-WM,Kestrel 1 Gang Unswitched Socket White Moulded,Kestrel 1 Gang Unswitched Socket White Moulded. Wiring accessory to BS 1363 / BS EN 60669.,each,1,3.17,ACC-SKT
ACC-SKT-KEST-1-UNSW-WM-P10,Kestrel 1 Gang Unswitched Socket White Moulded (Pack of 10),Kestrel 1 Gang Unswitched Socket White Moulded (Pack of 10). Wiring accessory to BS 1363 / BS EN 60669.,each,10,29.81,ACC-SKT
ACC-SKT-KEST-1-UNSW-BC,Kestrel 1 Gang Unswitched Socket Brushed Chrome,Kestrel 1 Gang Unswitched Socket Brushed Chrome. Wiring accessory to BS 1363 / BS EN 60669.,each,1,3.31,ACC-SKT
ACC-SKT-KEST-1-UNSW-BC-P10,Kestrel 1 Gang Unswitched Socket Brushed Chrome (Pack of 10),Kestrel 1 Gang Unswitched Socket Brushed Chrome (Pack of 10). Wiring accessory to BS 1363 / BS EN 60669.,each,10,34.86,ACC-SKT
ACC-SKT-KEST-1-UNSW-MB,Kestrel 1 Gang Unswitched Socket Matt Black,Kestrel 1 Gang Unswitched Socket Matt Black. Wiring accessory to BS 1363 / BS EN 60669.,each,1,3.07,ACC-SKT
ACC-SKT-KEST-1-UNSW-MB-P10,Kestrel 1 Gang Unswitched Socket Matt Black (Pack of 10),Kestrel 1 Gang Unswitched Socket Matt Black (Pack of 10). Wiring accessory to BS 1363 / BS EN 60669.,each,10,34.63,ACC-SKT
ACC-SKT-KEST-1-UNSW-PB,Kestrel 1 Gang Unswitched Socket Polished Brass,Kestrel 1 Gang Unswitched Socket Polished Brass. Wiring accessory to BS 1363 / BS EN 60669.,each,1,3.26,ACC-SKT
ACC-SKT-KEST-1-UNSW-PB-P10,Kestrel 1 Gang Unswitched Socket Polished Brass (Pack of 10),Kestrel 1 Gang Unswitched Socket Polished Brass (Pack of 10). Wiring accessory to BS 1363 / BS EN 60669.,each,10,34.08,ACC-SKT
ACC-SKT-KEST-1-UAS-WM,Kestrel 1 Gang USB-A/C Switched Socket White Moulded,Kestrel 1 Gang USB-A/C Switched Socket White Moulded. Wiring accessory to BS 1363 / BS EN 60669.,each,1,3.37,ACC-SKT
ACC-SKT-KEST-1-UAS-WM-P10,Kestrel 1 Gang USB-A/C Switched Socket White Moulded (Pack of 10),Kestrel 1 Gang USB-A/C Switched Socket White Moulded (Pack of 10). Wiring accessory to BS 1363 / BS EN 60669.,each,10,34.84,ACC-SKT
ACC-SKT-KEST-1-UAS-BC,Kestrel 1 Gang USB-A/C Switched Socket Brushed Chrome,Kestrel 1 Gang USB-A/C Switched Socket Brushed Chrome. Wiring accessory to BS 1363 / BS EN 60669.,each,1,2.99,ACC-SKT
ACC-SKT-KEST-1-UAS-BC-P10,Kestrel 1 Gang USB-A/C Switched Socket Brushed Chrome (Pack of 10),Kestrel 1 Gang USB-A/C Switched Socket Brushed Chrome (Pack of 10). Wiring accessory to BS 1363 / BS EN 60669.,each,10,34.61,ACC-SKT
ACC-SKT-KEST-1-UAS-MB,Kestrel 1 Gang USB-A/C Switched Socket Matt Black,Kestrel 1 Gang USB-A/C Switched Socket Matt Black. Wiring accessory to BS 1363 / BS EN 60669.,each,1,3.25,ACC-SKT
ACC-SKT-KEST-1-UAS-MB-P10,Kestrel 1 Gang USB-A/C Switched Socket Matt Black (Pack of 10),Kestrel 1 Gang USB-A/C Switched Socket Matt Black (Pack of 10). Wiring accessory to BS 1363 / BS EN 60669.,each,10,31.44,ACC-SKT
ACC-SKT-KEST-1-UAS-PB,Kestrel 1 Gang USB-A/C Switched Socket Polished Brass,Kestrel 1 Gang USB-A/C Switched Socket Polished Brass. Wiring accessory to BS 1363 / BS EN 60669.,each,1,2.98,ACC-SKT
ACC-SKT-KEST-1-UAS-PB-P10,Kestrel 1 Gang USB-A/C Switched Socket Polished Brass (Pack of 10),Kestrel 1 Gang USB-A/C Switched Socket Polished Brass (Pack of 10). Wiring accessory to BS 1363 / BS EN 60669.,each,10,30.83,ACC-SKT
ACC-SKT-KEST-2-SWIT-WM,Kestrel 2 Gang Switched Socket White Moulded,Kestrel 2 Gang Switched Socket White Moulded. Wiring accessory to BS 1363 / BS EN 60669.,each,1,2.98,ACC-SKT
ACC-SKT-KEST-2-SWIT-WM-P10,Kestrel 2 Gang Switched Socket White Moulded (Pack of 10),Kestrel 2 Gang Switched Socket White Moulded (Pack of 10). Wiring accessory to BS 1363 / BS EN 60669.,each,10,35.64,ACC-SKT
ACC-SKT-KEST-2-SWIT-BC,Kestrel 2 Gang Switched Socket Brushed Chrome,Kestrel 2 Gang Switched Socket Brushed Chrome. Wiring accessory to BS 1363 / BS EN 60669.,each,1,3.29,ACC-SKT
ACC-SKT-KEST-2-SWIT-BC-P10,Kestrel 2 Gang Switched Socket Brushed Chrome (Pack of 10),Kestrel 2 Gang Switched Socket Brushed Chrome (Pack of 10). Wiring accessory to BS 1363 / BS EN 60669.,each,10,36.01,ACC-SKT
ACC-SKT-KEST-2-SWIT-MB,Kestrel 2 Gang Switched Socket Matt Black,Kestrel 2 Gang Switched Socket Matt Black. Wiring accessory to BS 1363 / BS EN 60669.,each,1,3.31,ACC-SKT
ACC-SKT-KEST-2-SWIT-MB-P10,Kestrel 2 Gang Switched Socket Matt Black (Pack of 10),Kestrel 2 Gang Switched Socket Matt Black (Pack of 10). Wiring accessory to BS 1363 / BS EN 60669.,each,10,31.18,ACC-SKT
ACC-SKT-KEST-2-SWIT-PB,Kestrel 2 Gang Switched Socket Polished Brass,Kestrel 2 Gang Switched Socket Polished Brass. Wiring accessory to BS 1363 / BS EN 60669.,each,1,3.45,ACC-SKT
ACC-SKT-KEST-2-SWIT-PB-P10,Kestrel 2 Gang Switched Socket Polished Brass (Pack of 10),Kestrel 2 Gang Switched Socket Polished Brass (Pack of 10). Wiring accessory to BS 1363 / BS EN 60669.,each,10,30.77,ACC-SKT
ACC-SKT-KEST-2-UNSW-WM,Kestrel 2 Gang Unswitched Socket White Moulded,Kestrel 2 Gang Unswitched Socket White Moulded. Wiring accessory to BS 1363 / BS EN 60669.,each,1,3.19,ACC-SKT
ACC-SKT-KEST-2-UNSW-WM-P10,Kestrel 2 Gang Unswitched Socket White Moulded (Pack of 10),Kestrel 2 Gang Unswitched Socket White Moulded (Pack of 10). Wiring accessory to BS 1363 / BS EN 60669.,each,10,34.64,ACC-SKT
ACC-SKT-KEST-2-UNSW-BC,Kestrel 2 Gang Unswitched Socket Brushed Chrome,Kestrel 2 Gang Unswitched Socket Brushed Chrome. Wiring accessory to BS 1363 / BS EN 60669.,each,1,3.52,ACC-SKT
ACC-SKT-KEST-2-UNSW-BC-P10,Kestrel 2 Gang Unswitched Socket Brushed Chrome (Pack of 10),Kestrel 2 Gang Unswitched Socket Brushed Chrome (Pack of 10). Wiring accessory to BS 1363 / BS EN 60669.,each,10,31.7,ACC-SKT
ACC-SKT-KEST-2-UNSW-MB,Kestrel 2 Gang Unswitched Socket Matt Black,Kestrel 2 Gang Unswitched Socket Matt Black. Wiring accessory to BS 1363 / BS EN 60669.,each,1,3.03,ACC-SKT
ACC-SKT-KEST-2-UNSW-MB-P10,Kestrel 2 Gang Unswitched Socket Matt Black (Pack of 10),Kestrel 2 Gang Unswitched Socket Matt Black (Pack of 10). Wiring accessory to BS 1363 / BS EN 60669.,each,10,31.93,ACC-SKT
ACC-SKT-KEST-2-UNSW-PB,Kestrel 2 Gang Unswitched Socket Polished Brass,Kestrel 2 Gang Unswitched Socket Polished Brass. Wiring accessory to BS 1363 / BS EN 60669.,each,1,3.54,ACC-SKT
ACC-SKT-KEST-2-UNSW-PB-P10,Kestrel 2 Gang Unswitched Socket Polished Brass (Pack of 10),Kestrel 2 Gang Unswitched Socket Polished Brass (Pack of 10). Wiring accessory to BS 1363 / BS EN 60669.,each,10,34.4,ACC-SKT
ACC-SKT-KEST-2-UAS-WM,Kestrel 2 Gang USB-A/C Switched Socket White Moulded,Kestrel 2 Gang USB-A/C Switched Socket White Moulded. Wiring accessory to BS 1363 / BS EN 60669.,each,1,3.54,ACC-SKT
ACC-SKT-KEST-2-UAS-WM-P10,Kestrel 2 Gang USB-A/C Switched Socket White Moulded (Pack of 10),Kestrel 2 Gang USB-A/C Switched Socket White Moulded (Pack of 10). Wiring accessory to BS 1363 / BS EN 60669.,each,10,32.06,ACC-SKT
ACC-SKT-KEST-2-UAS-BC,Kestrel 2 Gang USB-A/C Switched Socket Brushed Chrome,Kestrel 2 Gang USB-A/C Switched Socket Brushed Chrome. Wiring accessory to BS 1363 / BS EN 60669.,each,1,3.59,ACC-SKT
ACC-SKT-KEST-2-UAS-BC-P10,Kestrel 2 Gang USB-A/C Switched Socket Brushed Chrome (Pack of 10),Kestrel 2 Gang USB-A/C Switched Socket Brushed Chrome (Pack of 10). Wiring accessory to BS 1363 / BS EN 60669.,each,10,32.78,ACC-SKT
ACC-SKT-KEST-2-UAS-MB,Kestrel 2 Gang USB-A/C Switched Socket Matt Black,Kestrel 2 Gang USB-A/C Switched Socket Matt Black. Wiring accessory to BS 1363 / BS EN 60669.,each,1,3.28,ACC-SKT
ACC-SKT-KEST-2-UAS-MB-P10,Kestrel 2 Gang USB-A/C Switched Socket Matt Black (Pack of 10),Kestrel 2 Gang USB-A/C Switched Socket Matt Black (Pack of 10). Wiring accessory to BS 1363 / BS EN 60669.,each,10,35.58,ACC-SKT
ACC-SKT-KEST-2-UAS-PB,Kestrel 2 Gang USB-A/C Switched Socket Polished Brass,Kestrel 2 Gang USB-A/C Switched Socket Polished Brass. Wiring accessory to BS 1363 / BS EN 60669.,each,1,3.29,ACC-SKT
ACC-SKT-KEST-2-UAS-PB-P10,Kestrel 2 Gang USB-A/C Switched Socket Polished Brass (Pack of 10),Kestrel 2 Gang USB-A/C Switched Socket Polished Brass (Pack of 10). Wiring accessory to BS 1363 / BS EN 60669.,each,10,34.78,ACC-SKT
ACC-SKT-NORT-1-SWIT-WM,Northway 1 Gang Switched Socket White Moulded,Northway 1 Gang Switched Socket White Moulded. Wiring accessory to BS 1363 / BS EN 60669.,each,1,3.43,ACC-SKT
ACC-SKT-NORT-1-SWIT-WM-P10,Northway 1 Gang Switched Socket White Moulded (Pack of 10),Northway 1 Gang Switched Socket White Moulded (Pack of 10). Wiring accessory to BS 1363 / BS EN 60669.,each,10,30.04,ACC-SKT
ACC-SKT-NORT-1-SWIT-BC,Northway 1 Gang Switched Socket Brushed Chrome,Northway 1 Gang Switched Socket Brushed Chrome. Wiring accessory to BS 1363 / BS EN 60669.,each,1,3.35,ACC-SKT
ACC-SKT-NORT-1-SWIT-BC-P10,Northway 1 Gang Switched Socket Brushed Chrome (Pack of 10),Northway 1 Gang Switched Socket Brushed Chrome (Pack of 10). Wiring accessory to BS 1363 / BS EN 60669.,each,10,34.91,ACC-SKT
ACC-SKT-NORT-1-SWIT-MB,Northway 1 Gang Switched Socket Matt Black,Northway 1 Gang Switched Socket Matt Black. Wiring accessory to BS 1363 / BS EN 60669.,each,1,3.31,ACC-SKT
ACC-SKT-NORT-1-SWIT-MB-P10,Northway 1 Gang Switched Socket Matt Black (Pack of 10),Northway 1 Gang Switched Socket Matt Black (Pack of 10). Wiring accessory to BS 1363 / BS EN 60669.,each,10,31.63,ACC-SKT
ACC-SKT-NORT-1-SWIT-PB,Northway 1 Gang Switched Socket Polished Brass,Northway 1 Gang Switched Socket Polished Brass. Wiring accessory to BS 1363 / BS EN 60669.,each,1,3.0,ACC-SKT
ACC-SKT-NORT-1-SWIT-PB-P10,Northway 1 Gang Switched Socket Polished Brass (Pack of 10),Northway 1 Gang Switched Socket Polished Brass (Pack of 10). Wiring accessory to BS 1363 / BS EN 60669.,each,10,33.86,ACC-SKT
ACC-SKT-NORT-1-UNSW-WM,Northway 1 Gang Unswitched Socket White Moulded,Northway 1 Gang Unswitched Socket White Moulded. Wiring accessory to BS 1363 / BS EN 60669.,each,1,3.15,ACC-SKT
ACC-SKT-NORT-1-UNSW-WM-P10,Northway 1 Gang Unswitched Socket White Moulded (Pack of 10),Northway 1 Gang Unswitched Socket White Moulded (Pack of 10). Wiring accessory to BS 1363 / BS EN 60669.,each,10,33.47,ACC-SKT
ACC-SKT-NORT-1-UNSW-BC,Northway 1 Gang Unswitched Socket Brushed Chrome,Northway 1 Gang Unswitched Socket Brushed Chrome. Wiring accessory to BS 1363 / BS EN 60669.,each,1,3.23,ACC-SKT
ACC-SKT-NORT-1-UNSW-BC-P10,Northway 1 Gang Unswitched Socket Brushed Chrome (Pack of 10),Northway 1 Gang Unswitched Socket Brushed Chrome (Pack of 10). Wiring accessory to BS 1363 / BS EN 60669.,each,10,34.04,ACC-SKT
ACC-SKT-NORT-1-UNSW-MB,Northway 1 Gang Unswitched Socket Matt Black,Northway 1 Gang Unswitched Socket Matt Black. Wiring accessory to BS 1363 / BS EN 60669.,each,1,3.18,ACC-SKT
ACC-SKT-NORT-1-UNSW-MB-P10,Northway 1 Gang Unswitched Socket Matt Black (Pack of 10),Northway 1 Gang Unswitched Socket Matt Black (Pack of 10). Wiring accessory to BS 1363 / BS EN 60669.,each,10,29.8,ACC-SKT
ACC-SKT-NORT-1-UNSW-PB,Northway 1 Gang Unswitched Socket Polished Brass,Northway 1 Gang Unswitched Socket Polished Brass. Wiring accessory to BS 1363 / BS EN 60669.,each,1,3.52,ACC-SKT
ACC-SKT-NORT-1-UNSW-PB-P10,Northway 1 Gang Unswitched Socket Polished Brass (Pack of 10),Northway 1 Gang Unswitched Socket Polished Brass (Pack of 10). Wiring accessory to BS 1363 / BS EN 60669.,each,10,31.83,ACC-SKT
ACC-SKT-NORT-1-UAS-WM,Northway 1 Gang USB-A/C Switched Socket White Moulded,Northway 1 Gang USB-A/C Switched Socket White Moulded. Wiring accessory to BS 1363 / BS EN 60669.,each,1,3.61,ACC-SKT
ACC-SKT-NORT-1-UAS-WM-P10,Northway 1 Gang USB-A/C Switched Socket White Moulded (Pack of 10),Northway 1 Gang USB-A/C Switched Socket White Moulded (Pack of 10). Wiring accessory to BS 1363 / BS EN 60669.,each,10,31.32,ACC-SKT
ACC-SKT-NORT-1-UAS-BC,Northway 1 Gang USB-A/C Switched Socket Brushed Chrome,Northway 1 Gang USB-A/C Switched Socket Brushed Chrome. Wiring accessory to BS 1363 / BS EN 60669.,each,1,3.59,ACC-SKT
ACC-SKT-NORT-1-UAS-BC-P10,Northway 1 Gang USB-A/C Switched Socket Brushed Chrome (Pack of 10),Northway 1 Gang USB-A/C Switched Socket Brushed Chrome (Pack of 10). Wiring accessory to BS 1363 / BS EN 60669.,each,10,35.74,ACC-SKT
ACC-SKT-NORT-1-UAS-MB,Northway 1 Gang USB-A/C Switched Socket Matt Black,Northway 1 Gang USB-A/C Switched Socket Matt Black. Wiring accessory to BS 1363 / BS EN 60669.,each,1,3.0,ACC-SKT
ACC-SKT-NORT-1-UAS-MB-P10,Northway 1 Gang USB-A/C Switched Socket Matt Black (Pack of 10),Northway 1 Gang USB-A/C Switched Socket Matt Black (Pack of 10). Wiring accessory to BS 1363 / BS EN 60669.,each,10,33.7,ACC-SKT
ACC-SKT-NORT-1-UAS-PB,Northway 1 Gang USB-A/C Switched Socket Polished Brass,Northway 1 Gang USB-A/C Switched Socket Polished Brass. Wiring accessory to BS 1363 / BS EN 60669.,each,1,3.19,ACC-SKT
ACC-SKT-NORT-1-UAS-PB-P10,Northway 1 Gang USB-A/C Switched Socket Polished Brass (Pack of 10),Northway 1 Gang USB-A/C Switched Socket Polished Brass (Pack of 10). Wiring accessory to BS 1363 / BS EN 60669.,each,10,34.78,ACC-SKT
ACC-SKT-NORT-2-SWIT-WM,Northway 2 Gang Switched Socket White Moulded,Northway 2 Gang Switched Socket White Moulded. Wiring accessory to BS 1363 / BS EN 60669.,each,1,3.4,ACC-SKT
ACC-SKT-NORT-2-SWIT-WM-P10,Northway 2 Gang Switched Socket White Moulded (Pack of 10),Northway 2 Gang Switched Socket White Moulded (Pack of 10). Wiring accessory to BS 1363 / BS EN 60669.,each,10,35.77,ACC-SKT
ACC-SKT-NORT-2-SWIT-BC,Northway 2 Gang Switched Socket Brushed Chrome,Northway 2 Gang Switched Socket Brushed Chrome. Wiring accessory to BS 1363 / BS EN 60669.,each,1,3.05,ACC-SKT
ACC-SKT-NORT-2-SWIT-BC-P10,Northway 2 Gang Switched Socket Brushed Chrome (Pack of 10),Northway 2 Gang Switched Socket Brushed Chrome (Pack of 10). Wiring accessory to BS 1363 / BS EN 60669.,each,10,33.51,ACC-SKT
ACC-SKT-NORT-2-SWIT-MB,Northway 2 Gang Switched Socket Matt Black,Northway 2 Gang Switched Socket Matt Black. Wiring accessory to BS 1363 / BS EN 60669.,each,1,3.46,ACC-SKT
ACC-SKT-NORT-2-SWIT-MB-P10,Northway 2 Gang Switched Socket Matt Black (Pack of 10),Northway 2 Gang Switched Socket Matt Black (Pack of 10). Wiring accessory to BS 1363 / BS EN 60669.,each,10,29.75,ACC-SKT
ACC-SKT-NORT-2-SWIT-PB,Northway 2 Gang Switched Socket Polished Brass,Northway 2 Gang Switched Socket Polished Brass. Wiring accessory to BS 1363 / BS EN 60669.,each,1,3.0,ACC-SKT
ACC-SKT-NORT-2-SWIT-PB-P10,Northway 2 Gang Switched Socket Polished Brass (Pack of 10),Northway 2 Gang Switched Socket Polished Brass (Pack of 10). Wiring accessory to BS 1363 / BS EN 60669.,each,10,34.63,ACC-SKT
ACC-SKT-NORT-2-UNSW-WM,Northway 2 Gang Unswitched Socket White Moulded,Northway 2 Gang Unswitched Socket White Moulded. Wiring accessory to BS 1363 / BS EN 60669.,each,1,3.19,ACC-SKT
ACC-SKT-NORT-2-UNSW-WM-P10,Northway 2 Gang Unswitched Socket White Moulded (Pack of 10),Northway 2 Gang Unswitched Socket White Moulded (Pack of 10). Wiring accessory to BS 1363 / BS EN 60669.,each,10,32.03,ACC-SKT
ACC-SKT-NORT-2-UNSW-BC,Northway 2 Gang Unswitched Socket Brushed Chrome,Northway 2 Gang Unswitched Socket Brushed Chrome. Wiring accessory to BS 1363 / BS EN 60669.,each,1,3.32,ACC-SKT
ACC-SKT-NORT-2-UNSW-BC-P10,Northway 2 Gang Unswitched Socket Brushed Chrome (Pack of 10),Northway 2 Gang Unswitched Socket Brushed Chrome (Pack of 10). Wiring accessory to BS 1363 / BS EN 60669.,each,10,33.49,ACC-SKT
ACC-SKT-NORT-2-UNSW-MB,Northway 2 Gang Unswitched Socket Matt Black,Northway 2 Gang Unswitched Socket Matt Black. Wiring accessory to BS 1363 / BS EN 60669.,each,1,3.4,ACC-SKT
ACC-SKT-NORT-2-UNSW-MB-P10,Northway 2 Gang Unswitched Socket Matt Black (Pack of 10),Northway 2 Gang Unswitched Socket Matt Black (Pack of 10). Wiring accessory to BS 1363 / BS EN 60669.,each,10,35.74,ACC-SKT
ACC-SKT-NORT-2-UNSW-PB,Northway 2 Gang Unswitched Socket Polished Brass,Northway 2 Gang Unswitched Socket Polished Brass. Wiring accessory to BS 1363 / BS EN 60669.,each,1,3.2,ACC-SKT
ACC-SKT-NORT-2-UNSW-PB-P10,Northway 2 Gang Unswitched Socket Polished Brass (Pack of 10),Northway 2 Gang Unswitched Socket Polished Brass (Pack of 10). Wiring accessory to BS 1363 / BS EN 60669.,each,10,34.53,ACC-SKT
ACC-SKT-NORT-2-UAS-WM,Northway 2 Gang USB-A/C Switched Socket White Moulded,Northway 2 Gang USB-A/C Switched Socket White Moulded. Wiring accessory to BS 1363 / BS EN 60669.,each,1,3.33,ACC-SKT
ACC-SKT-NORT-2-UAS-WM-P10,Northway 2 Gang USB-A/C Switched Socket White Moulded (Pack of 10),Northway 2 Gang USB-A/C Switched Socket White Moulded (Pack of 10). Wiring accessory to BS 1363 / BS EN 60669.,each,10,32.99,ACC-SKT
ACC-SKT-NORT-2-UAS-BC,Northway 2 Gang USB-A/C Switched Socket Brushed Chrome,Northway 2 Gang USB-A/C Switched Socket Brushed Chrome. Wiring accessory to BS 1363 / BS EN 60669.,each,1,3.21,ACC-SKT
ACC-SKT-NORT-2-UAS-BC-P10,Northway 2 Gang USB-A/C Switched Socket Brushed Chrome (Pack of 10),Northway 2 Gang USB-A/C Switched Socket Brushed Chrome (Pack of 10). Wiring accessory to BS 1363 / BS EN 60669.,each,10,33.78,ACC-SKT
ACC-SKT-NORT-2-UAS-MB,Northway 2 Gang USB-A/C Switched Socket Matt Black,Northway 2 Gang USB-A/C Switched Socket Matt Black. Wiring accessory to BS 1363 / BS EN 60669.,each,1,3.12,ACC-SKT
ACC-SKT-NORT-2-UAS-MB-P10,Northway 2 Gang USB-A/C Switched Socket Matt Black (Pack of 10),Northway 2 Gang USB-A/C Switched Socket Matt Black (Pack of 10). Wiring accessory to BS 1363 / BS EN 60669.,each,10,30.26,ACC-SKT
ACC-SKT-NORT-2-UAS-PB,Northway 2 Gang USB-A/C Switched Socket Polished Brass,Northway 2 Gang USB-A/C Switched Socket Polished Brass. Wiring accessory to BS 1363 / BS EN 60669.,each,1,3.43,ACC-SKT
ACC-SKT-NORT-2-UAS-PB-P10,Northway 2 Gang USB-A/C Switched Socket Polished Brass (Pack of 10),Northway 2 Gang USB-A/C Switched Socket Polished Brass (Pack of 10). Wiring accessory to BS 1363 / BS EN 60669.,each,10,32.79,ACC-SKT
ACC-SKT-PROF-1-SWIT-WM,ProFlow 1 Gang Switched Socket White Moulded,ProFlow 1 Gang Switched Socket White Moulded. Wiring accessory to BS 1363 / BS EN 60669.,each,1,3.21,ACC-SKT
ACC-SKT-PROF-1-SWIT-WM-P10,ProFlow 1 Gang Switched Socket White Moulded (Pack of 10),ProFlow 1 Gang Switched Socket White Moulded (Pack of 10). Wiring accessory to BS 1363 / BS EN 60669.,each,10,33.2,ACC-SKT
ACC-SKT-PROF-1-SWIT-BC,ProFlow 1 Gang Switched Socket Brushed Chrome,ProFlow 1 Gang Switched Socket Brushed Chrome. Wiring accessory to BS 1363 / BS EN 60669.,each,1,3.12,ACC-SKT
ACC-SKT-PROF-1-SWIT-BC-P10,ProFlow 1 Gang Switched Socket Brushed Chrome (Pack of 10),ProFlow 1 Gang Switched Socket Brushed Chrome (Pack of 10). Wiring accessory to BS 1363 / BS EN 60669.,each,10,31.23,ACC-SKT
ACC-SKT-PROF-1-SWIT-MB,ProFlow 1 Gang Switched Socket Matt Black,ProFlow 1 Gang Switched Socket Matt Black. Wiring accessory to BS 1363 / BS EN 60669.,each,1,3.24,ACC-SKT
ACC-SKT-PROF-1-SWIT-MB-P10,ProFlow 1 Gang Switched Socket Matt Black (Pack of 10),ProFlow 1 Gang Switched Socket Matt Black (Pack of 10). Wiring accessory to BS 1363 / BS EN 60669.,each,10,36.06,ACC-SKT
ACC-SKT-PROF-1-SWIT-PB,ProFlow 1 Gang Switched Socket Polished Brass,ProFlow 1 Gang Switched Socket Polished Brass. Wiring accessory to BS 1363 / BS EN 60669.,each,1,3.14,ACC-SKT
ACC-SKT-PROF-1-SWIT-PB-P10,ProFlow 1 Gang Switched Socket Polished Brass (Pack of 10),ProFlow 1 Gang Switched Socket Polished Brass (Pack of 10). Wiring accessory to BS 1363 / BS EN 60669.,each,10,35.53,ACC-SKT
ACC-SKT-PROF-1-UNSW-WM,ProFlow 1 Gang Unswitched Socket White Moulded,ProFlow 1 Gang Unswitched Socket White Moulded. Wiring accessory to BS 1363 / BS EN 60669.,each,1,3.27,ACC-SKT
ACC-SKT-PROF-1-UNSW-WM-P10,ProFlow 1 Gang Unswitched Socket White Moulded (Pack of 10),ProFlow 1 Gang Unswitched Socket White Moulded (Pack of 10). Wiring accessory to BS 1363 / BS EN 60669.,each,10,30.32,ACC-SKT
ACC-SKT-PROF-1-UNSW-BC,ProFlow 1 Gang Unswitched Socket Brushed Chrome,ProFlow 1 Gang Unswitched Socket Brushed Chrome. Wiring accessory to BS 1363 / BS EN 60669.,each,1,3.51,ACC-SKT
ACC-SKT-PROF-1-UNSW-BC-P10,ProFlow 1 Gang Unswitched Socket Brushed Chrome (Pack of 10),ProFlow 1 Gang Unswitched Socket Brushed Chrome (Pack of 10). Wiring accessory to BS 1363 / BS EN 60669.,each,10,32.49,ACC-SKT
ACC-SKT-PROF-1-UNSW-MB,ProFlow 1 Gang Unswitched Socket Matt Black,ProFlow 1 Gang Unswitched Socket Matt Black. Wiring accessory to BS 1363 / BS EN 60669.,each,1,3.54,ACC-SKT
ACC-SKT-PROF-1-UNSW-MB-P10,ProFlow 1 Gang Unswitched Socket Matt Black (Pack of 10),ProFlow 1 Gang Unswitched Socket Matt Black (Pack of 10). Wiring accessory to BS 1363 / BS EN 60669.,each,10,32.44,ACC-SKT
ACC-SKT-PROF-1-UNSW-PB,ProFlow 1 Gang Unswitched Socket Polished Brass,ProFlow 1 Gang Unswitched Socket Polished Brass. Wiring accessory to BS 1363 / BS EN 60669.,each,1,3.01,ACC-SKT
ACC-SKT-PROF-1-UNSW-PB-P10,ProFlow 1 Gang Unswitched Socket Polished Brass (Pack of 10),ProFlow 1 Gang Unswitched Socket Polished Brass (Pack of 10). Wiring accessory to BS 1363 / BS EN 60669.,each,10,33.99,ACC-SKT
ACC-SKT-PROF-1-UAS-WM,ProFlow 1 Gang USB-A/C Switched Socket White Moulded,ProFlow 1 Gang USB-A/C Switched Socket White Moulded. Wiring accessory to BS 1363 / BS EN 60669.,each,1,3.51,ACC-SKT
ACC-SKT-PROF-1-UAS-WM-P10,ProFlow 1 Gang USB-A/C Switched Socket White Moulded (Pack of 10),ProFlow 1 Gang USB-A/C Switched Socket White Moulded (Pack of 10). Wiring accessory to BS 1363 / BS EN 60669.,each,10,31.62,ACC-SKT
ACC-SKT-PROF-1-UAS-BC,ProFlow 1 Gang USB-A/C Switched Socket Brushed Chrome,ProFlow 1 Gang USB-A/C Switched Socket Brushed Chrome. Wiring accessory to BS 1363 / BS EN 60669.,each,1,3.18,ACC-SKT
ACC-SKT-PROF-1-UAS-BC-P10,ProFlow 1 Gang USB-A/C Switched Socket Brushed Chrome (Pack of 10),ProFlow 1 Gang USB-A/C Switched Socket Brushed Chrome (Pack of 10). Wiring accessory to BS 1363 / BS EN 60669.,each,10,29.95,ACC-SKT
ACC-SKT-PROF-1-UAS-MB,ProFlow 1 Gang USB-A/C Switched Socket Matt Black,ProFlow 1 Gang USB-A/C Switched Socket Matt Black. Wiring accessory to BS 1363 / BS EN 60669.,each,1,3.31,ACC-SKT
ACC-SKT-PROF-1-UAS-MB-P10,ProFlow 1 Gang USB-A/C Switched Socket Matt Black (Pack of 10),ProFlow 1 Gang USB-A/C Switched Socket Matt Black (Pack of 10). Wiring accessory to BS 1363 / BS EN 60669.,each,10,35.37,ACC-SKT
ACC-SKT-PROF-1-UAS-PB,ProFlow 1 Gang USB-A/C Switched Socket Polished Brass,ProFlow 1 Gang USB-A/C Switched Socket Polished Brass. Wiring accessory to BS 1363 / BS EN 60669.,each,1,3.51,ACC-SKT
ACC-SKT-PROF-1-UAS-PB-P10,ProFlow 1 Gang USB-A/C Switched Socket Polished Brass (Pack of 10),ProFlow 1 Gang USB-A/C Switched Socket Polished Brass (Pack of 10). Wiring accessory to BS 1363 / BS EN 60669.,each,10,34.19,ACC-SKT
ACC-SKT-PROF-2-SWIT-WM,ProFlow 2 Gang Switched Socket White Moulded,ProFlow 2 Gang Switched Socket White Moulded. Wiring accessory to BS 1363 / BS EN 60669.,each,1,3.56,ACC-SKT
ACC-SKT-PROF-2-SWIT-WM-P10,ProFlow 2 Gang Switched Socket White Moulded (Pack of 10),ProFlow 2 Gang Switched Socket White Moulded (Pack of 10). Wiring accessory to BS 1363 / BS EN 60669.,each,10,33.7,ACC-SKT
ACC-SKT-PROF-2-SWIT-BC,ProFlow 2 Gang Switched Socket Brushed Chrome,ProFlow 2 Gang Switched Socket Brushed Chrome. Wiring accessory to BS 1363 / BS EN 60669.,each,1,3.47,ACC-SKT
ACC-SKT-PROF-2-SWIT-BC-P10,ProFlow 2 Gang Switched Socket Brushed Chrome (Pack of 10),ProFlow 2 Gang Switched Socket Brushed Chrome (Pack of 10). Wiring accessory to BS 1363 / BS EN 60669.,each,10,32.86,ACC-SKT
ACC-SKT-PROF-2-SWIT-MB,ProFlow 2 Gang Switched Socket Matt Black,ProFlow 2 Gang Switched Socket Matt Black. Wiring accessory to BS 1363 / BS EN 60669.,each,1,3.03,ACC-SKT
ACC-SKT-PROF-2-SWIT-MB-P10,ProFlow 2 Gang Switched Socket Matt Black (Pack of 10),ProFlow 2 Gang Switched Socket Matt Black (Pack of 10). Wiring accessory to BS 1363 / BS EN 60669.,each,10,30.84,ACC-SKT
ACC-SKT-PROF-2-SWIT-PB,ProFlow 2 Gang Switched Socket Polished Brass,ProFlow 2 Gang Switched Socket Polished Brass. Wiring accessory to BS 1363 / BS EN 60669.,each,1,3.04,ACC-SKT
ACC-SKT-PROF-2-SWIT-PB-P10,ProFlow 2 Gang Switched Socket Polished Brass (Pack of 10),ProFlow 2 Gang Switched Socket Polished Brass (Pack of 10). Wiring accessory to BS 1363 / BS EN 60669.,each,10,34.7,ACC-SKT
ACC-SKT-PROF-2-UNSW-WM,ProFlow 2 Gang Unswitched Socket White Moulded,ProFlow 2 Gang Unswitched Socket White Moulded. Wiring accessory to BS 1363 / BS EN 60669.,each,1,2.97,ACC-SKT
ACC-SKT-PROF-2-UNSW-WM-P10,ProFlow 2 Gang Unswitched Socket White Moulded (Pack of 10),ProFlow 2 Gang Unswitched Socket White Moulded (Pack of 10). Wiring accessory to BS 1363 / BS EN 60669.,each,10,33.15,ACC-SKT
ACC-SKT-PROF-2-UNSW-BC,ProFlow 2 Gang Unswitched Socket Brushed Chrome,ProFlow 2 Gang Unswitched Socket Brushed Chrome. Wiring accessory to BS 1363 / BS EN 60669.,each,1,3.19,ACC-SKT
ACC-SKT-PROF-2-UNSW-BC-P10,ProFlow 2 Gang Unswitched Socket Brushed Chrome (Pack of 10),ProFlow 2 Gang Unswitched Socket Brushed Chrome (Pack of 10). Wiring accessory to BS 1363 / BS EN 60669.,each,10,34.79,ACC-SKT
ACC-SKT-PROF-2-UNSW-MB,ProFlow 2 Gang Unswitched Socket Matt Black,ProFlow 2 Gang Unswitched Socket Matt Black. Wiring accessory to BS 1363 / BS EN 60669.,each,1,3.31,ACC-SKT
ACC-SKT-PROF-2-UNSW-MB-P10,ProFlow 2 Gang Unswitched Socket Matt Black (Pack of 10),ProFlow 2 Gang Unswitched Socket Matt Black (Pack of 10). Wiring accessory to BS 1363 / BS EN 60669.,each,10,33.53,ACC-SKT
ACC-SKT-PROF-2-UNSW-PB,ProFlow 2 Gang Unswitched Socket Polished Brass,ProFlow 2 Gang Unswitched Socket Polished Brass. Wiring accessory to BS 1363 / BS EN 60669.,each,1,3.01,ACC-SKT
ACC-SKT-PROF-2-UNSW-PB-P10,ProFlow 2 Gang Unswitched Socket Polished Brass (Pack of 10),ProFlow 2 Gang Unswitched Socket Polished Brass (Pack of 10). Wiring accessory to BS 1363 / BS EN 60669.,each,10,31.55,ACC-SKT
ACC-SKT-PROF-2-UAS-WM,ProFlow 2 Gang USB-A/C Switched Socket White Moulded,ProFlow 2 Gang USB-A/C Switched Socket White Moulded. Wiring accessory to BS 1363 / BS EN 60669.,each,1,3.61,ACC-SKT
ACC-SKT-PROF-2-UAS-WM-P10,ProFlow 2 Gang USB-A/C Switched Socket White Moulded (Pack of 10),ProFlow 2 Gang USB-A/C Switched Socket White Moulded (Pack of 10). Wiring accessory to BS 1363 / BS EN 60669.,each,10,34.24,ACC-SKT
ACC-SKT-PROF-2-UAS-BC,ProFlow 2 Gang USB-A/C Switched Socket Brushed Chrome,ProFlow 2 Gang USB-A/C Switched Socket Brushed Chrome. Wiring accessory to BS 1363 / BS EN 60669.,each,1,3.3,ACC-SKT
ACC-SKT-PROF-2-UAS-BC-P10,ProFlow 2 Gang USB-A/C Switched Socket Brushed Chrome (Pack of 10),ProFlow 2 Gang USB-A/C Switched Socket Brushed Chrome (Pack of 10). Wiring accessory to BS 1363 / BS EN 60669.,each,10,34.57,ACC-SKT
ACC-SKT-PROF-2-UAS-MB,ProFlow 2 Gang USB-A/C Switched Socket Matt Black,ProFlow 2 Gang USB-A/C Switched Socket Matt Black. Wiring accessory to BS 1363 / BS EN 60669.,each,1,3.49,ACC-SKT
ACC-SKT-PROF-2-UAS-MB-P10,ProFlow 2 Gang USB-A/C Switched Socket Matt Black (Pack of 10),ProFlow 2 Gang USB-A/C Switched Socket Matt Black (Pack of 10). Wiring accessory to BS 1363 / BS EN 60669.,each,10,30.0,ACC-SKT
ACC-SKT-PROF-2-UAS-PB,ProFlow 2 Gang USB-A/C Switched Socket Polished Brass,ProFlow 2 Gang USB-A/C Switched Socket Polished Brass. Wiring accessory to BS 1363 / BS EN 60669.,each,1,3.59,ACC-SKT
ACC-SKT-PROF-2-UAS-PB-P10,ProFlow 2 Gang USB-A/C Switched Socket Polished Brass (Pack of 10),ProFlow 2 Gang USB-A/C Switched Socket Polished Brass (Pack of 10). Wiring accessory to BS 1363 / BS EN 60669.,each,10,33.73,ACC-SKT
ACC-SW-KEST-1-1-WM,Kestrel 1 Gang 1 Way Light Switch White Moulded,Kestrel 1 Gang 1 Way Light Switch White Moulded. Wiring accessory to BS 1363 / BS EN 60669.,each,1,2.64,ACC-SW
ACC-SW-KEST-1-1-WM-P10,Kestrel 1 Gang 1 Way Light Switch White Moulded (Pack of 10),Kestrel 1 Gang 1 Way Light Switch White Moulded (Pack of 10). Wiring accessory to BS 1363 / BS EN 60669.,each,10,27.61,ACC-SW
ACC-SW-KEST-1-1-BC,Kestrel 1 Gang 1 Way Light Switch Brushed Chrome,Kestrel 1 Gang 1 Way Light Switch Brushed Chrome. Wiring accessory to BS 1363 / BS EN 60669.,each,1,2.58,ACC-SW
ACC-SW-KEST-1-1-BC-P10,Kestrel 1 Gang 1 Way Light Switch Brushed Chrome (Pack of 10),Kestrel 1 Gang 1 Way Light Switch Brushed Chrome (Pack of 10). Wiring accessory to BS 1363 / BS EN 60669.,each,10,28.66,ACC-SW
ACC-SW-KEST-1-1-MB,Kestrel 1 Gang 1 Way Light Switch Matt Black,Kestrel 1 Gang 1 Way Light Switch Matt Black. Wiring accessory to BS 1363 / BS EN 60669.,each,1,2.81,ACC-SW
ACC-SW-KEST-1-1-MB-P10,Kestrel 1 Gang 1 Way Light Switch Matt Black (Pack of 10),Kestrel 1 Gang 1 Way Light Switch Matt Black (Pack of 10). Wiring accessory to BS 1363 / BS EN 60669.,each,10,27.4,ACC-SW
ACC-SW-KEST-1-1-PB,Kestrel 1 Gang 1 Way Light Switch Polished Brass,Kestrel 1 Gang 1 Way Light Switch Polished Brass. Wiring accessory to BS 1363 / BS EN 60669.,each,1,2.5,ACC-SW
ACC-SW-KEST-1-1-PB-P10,Kestrel 1 Gang 1 Way Light Switch Polished Brass (Pack of 10),Kestrel 1 Gang 1 Way Light Switch Polished Brass (Pack of 10). Wiring accessory to BS 1363 / BS EN 60669.,each,10,29.14,ACC-SW
ACC-SW-KEST-1-2-WM,Kestrel 1 Gang 2 Way Light Switch White Moulded,Kestrel 1 Gang 2 Way Light Switch White Moulded. Wiring accessory to BS 1363 / BS EN 60669.,each,1,2.63,ACC-SW
ACC-SW-KEST-1-2-WM-P10,Kestrel 1 Gang 2 Way Light Switch White Moulded (Pack of 10),Kestrel 1 Gang 2 Way Light Switch White Moulded (Pack of 10). Wiring accessory to BS 1363 / BS EN 60669.,each,10,28.84,ACC-SW
ACC-SW-KEST-1-2-BC,Kestrel 1 Gang 2 Way Light Switch Brushed Chrome,Kestrel 1 Gang 2 Way Light Switch Brushed Chrome. Wiring accessory to BS 1363 / BS EN 60669.,each,1,2.43,ACC-SW
ACC-SW-KEST-1-2-BC-P10,Kestrel 1 Gang 2 Way Light Switch Brushed Chrome (Pack of 10),Kestrel 1 Gang 2 Way Light Switch Brushed Chrome (Pack of 10). Wiring accessory to BS 1363 / BS EN 60669.,each,10,24.65,ACC-SW
ACC-SW-KEST-1-2-MB,Kestrel 1 Gang 2 Way Light Switch Matt Black,Kestrel 1 Gang 2 Way Light Switch Matt Black. Wiring accessory to BS 1363 / BS EN 60669.,each,1,2.48,ACC-SW
ACC-SW-KEST-1-2-MB-P10,Kestrel 1 Gang 2 Way Light Switch Matt Black (Pack of 10),Kestrel 1 Gang 2 Way Light Switch Matt Black (Pack of 10). Wiring accessory to BS 1363 / BS EN 60669.,each,10,24.86,ACC-SW
ACC-SW-KEST-1-2-PB,Kestrel 1 Gang 2 Way Light Switch Polished Brass,Kestrel 1 Gang 2 Way Light Switch Polished Brass. Wiring accessory to BS 1363 / BS EN 60669.,each,1,2.57,ACC-SW
ACC-SW-KEST-1-2-PB-P10,Kestrel 1 Gang 2 Way Light Switch Polished Brass (Pack of 10),Kestrel 1 Gang 2 Way Light Switch Polished Brass (Pack of 10). Wiring accessory to BS 1363 / BS EN 60669.,each,10,27.77,ACC-SW
ACC-SW-KEST-2-1-WM,Kestrel 2 Gang 1 Way Light Switch White Moulded,Kestrel 2 Gang 1 Way Light Switch White Moulded. Wiring accessory to BS 1363 / BS EN 60669.,each,1,2.58,ACC-SW
ACC-SW-KEST-2-1-WM-P10,Kestrel 2 Gang 1 Way Light Switch White Moulded (Pack of 10),Kestrel 2 Gang 1 Way Light Switch White Moulded (Pack of 10). Wiring accessory to BS 1363 / BS EN 60669.,each,10,29.0,ACC-SW
ACC-SW-KEST-2-1-BC,Kestrel 2 Gang 1 Way Light Switch Brushed Chrome,Kestrel 2 Gang 1 Way Light Switch Brushed Chrome. Wiring accessory to BS 1363 / BS EN 60669.,each,1,2.88,ACC-SW
ACC-SW-KEST-2-1-BC-P10,Kestrel 2 Gang 1 Way Light Switch Brushed Chrome (Pack of 10),Kestrel 2 Gang 1 Way Light Switch Brushed Chrome (Pack of 10). Wiring accessory to BS 1363 / BS EN 60669.,each,10,28.49,ACC-SW
ACC-SW-KEST-2-1-MB,Kestrel 2 Gang 1 Way Light Switch Matt Black,Kestrel 2 Gang 1 Way Light Switch Matt Black. Wiring accessory to BS 1363 / BS EN 60669.,each,1,2.53,ACC-SW
ACC-SW-KEST-2-1-MB-P10,Kestrel 2 Gang 1 Way Light Switch Matt Black (Pack of 10),Kestrel 2 Gang 1 Way Light Switch Matt Black (Pack of 10). Wiring accessory to BS 1363 / BS EN 60669.,each,10,27.37,ACC-SW
ACC-SW-KEST-2-1-PB,Kestrel 2 Gang 1 Way Light Switch Polished Brass,Kestrel 2 Gang 1 Way Light Switch Polished Brass. Wiring accessory to BS 1363 / BS EN 60669.,each,1,2.69,ACC-SW
ACC-SW-KEST-2-1-PB-P10,Kestrel 2 Gang 1 Way Light Switch Polished Brass (Pack of 10),Kestrel 2 Gang 1 Way Light Switch Polished Brass (Pack of 10). Wiring accessory to BS 1363 / BS EN 60669.,each,10,24.65,ACC-SW
ACC-SW-KEST-2-2-WM,Kestrel 2 Gang 2 Way Light Switch White Moulded,Kestrel 2 Gang 2 Way Light Switch White Moulded. Wiring accessory to BS 1363 / BS EN 60669.,each,1,2.56,ACC-SW
ACC-SW-KEST-2-2-WM-P10,Kestrel 2 Gang 2 Way Light Switch White Moulded (Pack of 10),Kestrel 2 Gang 2 Way Light Switch White Moulded (Pack of 10). Wiring accessory to BS 1363 / BS EN 60669.,each,10,26.83,ACC-SW
ACC-SW-KEST-2-2-BC,Kestrel 2 Gang 2 Way Light Switch Brushed Chrome,Kestrel 2 Gang 2 Way Light Switch Brushed Chrome. Wiring accessory to BS 1363 / BS EN 60669.,each,1,2.67,ACC-SW
ACC-SW-KEST-2-2-BC-P10,Kestrel 2 Gang 2 Way Light Switch Brushed Chrome (Pack of 10),Kestrel 2 Gang 2 Way Light Switch Brushed Chrome (Pack of 10). Wiring accessory to BS 1363 / BS EN 60669.,each,10,24.88,ACC-SW
ACC-SW-KEST-2-2-MB,Kestrel 2 Gang 2 Way Light Switch Matt Black,Kestrel 2 Gang 2 Way Light Switch Matt Black. Wiring accessory to BS 1363 / BS EN 60669.,each,1,2.9,ACC-SW
ACC-SW-KEST-2-2-MB-P10,Kestrel 2 Gang 2 Way Light Switch Matt Black (Pack of 10),Kestrel 2 Gang 2 Way Light Switch Matt Black (Pack of 10). Wiring accessory to BS 1363 / BS EN 60669.,each,10,24.81,ACC-SW
ACC-SW-KEST-2-2-PB,Kestrel 2 Gang 2 Way Light Switch Polished Brass,Kestrel 2 Gang 2 Way Light Switch Polished Brass. Wiring accessory to BS 1363 / BS EN 60669.,each,1,2.75,ACC-SW
ACC-SW-KEST-2-2-PB-P10,Kestrel 2 Gang 2 Way Light Switch Polished Brass (Pack of 10),Kestrel 2 Gang 2 Way Light Switch Polished Brass (Pack of 10). Wiring accessory to BS 1363 / BS EN 60669.,each,10,27.83,ACC-SW
ACC-SW-KEST-3-1-WM,Kestrel 3 Gang 1 Way Light Switch White Moulded,Kestrel 3 Gang 1 Way Light Switch White Moulded. Wiring accessory to BS 1363 / BS EN 60669.,each,1,2.72,ACC-SW
ACC-SW-KEST-3-1-WM-P10,Kestrel 3 Gang 1 Way Light Switch White Moulded (Pack of 10),Kestrel 3 Gang 1 Way Light Switch White Moulded (Pack of 10). Wiring accessory to BS 1363 / BS EN 60669.,each,10,28.48,ACC-SW
ACC-SW-KEST-3-1-BC,Kestrel 3 Gang 1 Way Light Switch Brushed Chrome,Kestrel 3 Gang 1 Way Light Switch Brushed Chrome. Wiring accessory to BS 1363 / BS EN 60669.,each,1,2.7,ACC-SW
ACC-SW-KEST-3-1-BC-P10,Kestrel 3 Gang 1 Way Light Switch Brushed Chrome (Pack of 10),Kestrel 3 Gang 1 Way Light Switch Brushed Chrome (Pack of 10). Wiring accessory to BS 1363 / BS EN 60669.,each,10,28.38,ACC-SW
ACC-SW-KEST-3-1-MB,Kestrel 3 Gang 1 Way Light Switch Matt Black,Kestrel 3 Gang 1 Way Light Switch Matt Black. Wiring accessory to BS 1363 / BS EN 60669.,each,1,2.41,ACC-SW
ACC-SW-KEST-3-1-MB-P10,Kestrel 3 Gang 1 Way Light Switch Matt Black (Pack of 10),Kestrel 3 Gang 1 Way Light Switch Matt Black (Pack of 10). Wiring accessory to BS 1363 / BS EN 60669.,each,10,24.23,ACC-SW
ACC-SW-KEST-3-1-PB,Kestrel 3 Gang 1 Way Light Switch Polished Brass,Kestrel 3 Gang 1 Way Light Switch Polished Brass. Wiring accessory to BS 1363 / BS EN 60669.,each,1,2.74,ACC-SW
ACC-SW-KEST-3-1-PB-P10,Kestrel 3 Gang 1 Way Light Switch Polished Brass (Pack of 10),Kestrel 3 Gang 1 Way Light Switch Polished Brass (Pack of 10). Wiring accessory to BS 1363 / BS EN 60669.,each,10,27.06,ACC-SW
ACC-SW-KEST-3-2-WM,Kestrel 3 Gang 2 Way Light Switch White Moulded,Kestrel 3 Gang 2 Way Light Switch White Moulded. Wiring accessory to BS 1363 / BS EN 60669.,each,1,2.75,ACC-SW
ACC-SW-KEST-3-2-WM-P10,Kestrel 3 Gang 2 Way Light Switch White Moulded (Pack of 10),Kestrel 3 Gang 2 Way Light Switch White Moulded (Pack of 10). Wiring accessory to BS 1363 / BS EN 60669.,each,10,28.07,ACC-SW
ACC-SW-KEST-3-2-BC,Kestrel 3 Gang 2 Way Light Switch Brushed Chrome,Kestrel 3 Gang 2 Way Light Switch Brushed Chrome. Wiring accessory to BS 1363 / BS EN 60669.,each,1,2.62,ACC-SW
ACC-SW-KEST-3-2-BC-P10,Kestrel 3 Gang 2 Way Light Switch Brushed Chrome (Pack of 10),Kestrel 3 Gang 2 Way Light Switch Brushed Chrome (Pack of 10). Wiring accessory to BS 1363 / BS EN 60669.,each,10,27.39,ACC-SW
ACC-SW-KEST-3-2-MB,Kestrel 3 Gang 2 Way Light Switch Matt Black,Kestrel 3 Gang 2 Way Light Switch Matt Black. Wiring accessory to BS 1363 / BS EN 60669.,each,1,2.66,ACC-SW
ACC-SW-KEST-3-2-MB-P10,Kestrel 3 Gang 2 Way Light Switch Matt Black (Pack of 10),Kestrel 3 Gang 2 Way Light Switch Matt Black (Pack of 10). Wiring accessory to BS 1363 / BS EN 60669.,each,10,27.33,ACC-SW
ACC-SW-KEST-3-2-PB,Kestrel 3 Gang 2 Way Light Switch Polished Brass,Kestrel 3 Gang 2 Way Light Switch Polished Brass. Wiring accessory to BS 1363 / BS EN 60669.,each,1,2.55,ACC-SW
ACC-SW-KEST-3-2-PB-P10,Kestrel 3 Gang 2 Way Light Switch Polished Brass (Pack of 10),Kestrel 3 Gang 2 Way Light Switch Polished Brass (Pack of 10). Wiring accessory to BS 1363 / BS EN 60669.,each,10,29.08,ACC-SW
ACC-SW-NORT-1-1-WM,Northway 1 Gang 1 Way Light Switch White Moulded,Northway 1 Gang 1 Way Light Switch White Moulded. Wiring accessory to BS 1363 / BS EN 60669.,each,1,2.66,ACC-SW
ACC-SW-NORT-1-1-WM-P10,Northway 1 Gang 1 Way Light Switch White Moulded (Pack of 10),Northway 1 Gang 1 Way Light Switch White Moulded (Pack of 10). Wiring accessory to BS 1363 / BS EN 60669.,each,10,28.27,ACC-SW
ACC-SW-NORT-1-1-BC,Northway 1 Gang 1 Way Light Switch Brushed Chrome,Northway 1 Gang 1 Way Light Switch Brushed Chrome. Wiring accessory to BS 1363 / BS EN 60669.,each,1,2.76,ACC-SW
ACC-SW-NORT-1-1-BC-P10,Northway 1 Gang 1 Way Light Switch Brushed Chrome (Pack of 10),Northway 1 Gang 1 Way Light Switch Brushed Chrome (Pack of 10). Wiring accessory to BS 1363 / BS EN 60669.,each,10,25.57,ACC-SW
ACC-SW-NORT-1-1-MB,Northway 1 Gang 1 Way Light Switch Matt Black,Northway 1 Gang 1 Way Light Switch Matt Black. Wiring accessory to BS 1363 / BS EN 60669.,each,1,2.44,ACC-SW
ACC-SW-NORT-1-1-MB-P10,Northway 1 Gang 1 Way Light Switch Matt Black (Pack of 10),Northway 1 Gang 1 Way Light Switch Matt Black (Pack of 10). Wiring accessory to BS 1363 / BS EN 60669.,each,10,24.3,ACC-SW
ACC-SW-NORT-1-1-PB,Northway 1 Gang 1 Way Light Switch Polished Brass,Northway 1 Gang 1 Way Light Switch Polished Brass. Wiring accessory to BS 1363 / BS EN 60669.,each,1,2.63,ACC-SW
ACC-SW-NORT-1-1-PB-P10,Northway 1 Gang 1 Way Light Switch Polished Brass (Pack of 10),Northway 1 Gang 1 Way Light Switch Polished Brass (Pack of 10). Wiring accessory to BS 1363 / BS EN 60669.,each,10,26.57,ACC-SW
ACC-SW-NORT-1-2-WM,Northway 1 Gang 2 Way Light Switch White Moulded,Northway 1 Gang 2 Way Light Switch White Moulded. Wiring accessory to BS 1363 / BS EN 60669.,each,1,2.51,ACC-SW
ACC-SW-NORT-1-2-WM-P10,Northway 1 Gang 2 Way Light Switch White Moulded (Pack of 10),Northway 1 Gang 2 Way Light Switch White Moulded (Pack of 10). Wiring accessory to BS 1363 / BS EN 60669.,each,10,27.22,ACC-SW
ACC-SW-NORT-1-2-BC,Northway 1 Gang 2 Way Light Switch Brushed Chrome,Northway 1 Gang 2 Way Light Switch Brushed Chrome. Wiring accessory to BS 1363 / BS EN 60669.,each,1,2.57,ACC-SW
ACC-SW-NORT-1-2-BC-P10,Northway 1 Gang 2 Way Light Switch Brushed Chrome (Pack of 10),Northway 1 Gang 2 Way Light Switch Brushed Chrome (Pack of 10). Wiring accessory to BS 1363 / BS EN 60669.,each,10,27.81,ACC-SW
ACC-SW-NORT-1-2-MB,Northway 1 Gang 2 Way Light Switch Matt Black,Northway 1 Gang 2 Way Light Switch Matt Black. Wiring accessory to BS 1363 / BS EN 60669.,each,1,2.79,ACC-SW
ACC-SW-NORT-1-2-MB-P10,Northway 1 Gang 2 Way Light Switch Matt Black (Pack of 10),Northway 1 Gang 2 Way Light Switch Matt Black (Pack of 10). Wiring accessory to BS 1363 / BS EN 60669.,each,10,28.57,ACC-SW
ACC-SW-NORT-1-2-PB,Northway 1 Gang 2 Way Light Switch Polished Brass,Northway 1 Gang 2 Way Light Switch Polished Brass. Wiring accessory to BS 1363 / BS EN 60669.,each,1,2.92,ACC-SW
ACC-SW-NORT-1-2-PB-P10,Northway 1 Gang 2 Way Light Switch Polished Brass (Pack of 10),Northway 1 Gang 2 Way Light Switch Polished Brass (Pack of 10). Wiring accessory to BS 1363 / BS EN 60669.,each,10,24.68,ACC-SW
ACC-SW-NORT-2-1-WM,Northway 2 Gang 1 Way Light Switch White Moulded,Northway 2 Gang 1 Way Light Switch White Moulded. Wiring accessory to BS 1363 / BS EN 60669.,each,1,2.6,ACC-SW
ACC-SW-NORT-2-1-WM-P10,Northway 2 Gang 1 Way Light Switch White Moulded (Pack of 10),Northway 2 Gang 1 Way Light Switch White Moulded (Pack of 10). Wiring accessory to BS 1363 / BS EN 60669.,each,10,26.98,ACC-SW
ACC-SW-NORT-2-1-BC,Northway 2 Gang 1 Way Light Switch Brushed Chrome,Northway 2 Gang 1 Way Light Switch Brushed Chrome. Wiring accessory to BS 1363 / BS EN 60669.,each,1,2.57,ACC-SW
ACC-SW-NORT-2-1-BC-P10,Northway 2 Gang 1 Way Light Switch Brushed Chrome (Pack of 10),Northway 2 Gang 1 Way Light Switch Brushed Chrome (Pack of 10). Wiring accessory to BS 1363 / BS EN 60669.,each,10,26.47,ACC-SW
ACC-SW-NORT-2-1-MB,Northway 2 Gang 1 Way Light Switch Matt Black,Northway 2 Gang 1 Way Light Switch Matt Black. Wiring accessory to BS 1363 / BS EN 60669.,each,1,2.54,ACC-SW
ACC-SW-NORT-2-1-MB-P10,Northway 2 Gang 1 Way Light Switch Matt Black (Pack of 10),Northway 2 Gang 1 Way Light Switch Matt Black (Pack of 10). Wiring accessory to BS 1363 / BS EN 60669.,each,10,25.31,ACC-SW
ACC-SW-NORT-2-1-PB,Northway 2 Gang 1 Way Light Switch Polished Brass,Northway 2 Gang 1 Way Light Switch Polished Brass. Wiring accessory to BS 1363 / BS EN 60669.,each,1,2.45,ACC-SW
ACC-SW-NORT-2-1-PB-P10,Northway 2 Gang 1 Way Light Switch Polished Brass (Pack of 10),Northway 2 Gang 1 Way Light Switch Polished Brass (Pack of 10). Wiring accessory to BS 1363 / BS EN 60669.,each,10,25.53,ACC-SW
ACC-SW-NORT-2-2-WM,Northway 2 Gang 2 Way Light Switch White Moulded,Northway 2 Gang 2 Way Light Switch White Moulded. Wiring accessory to BS 1363 / BS EN 60669.,each,1,2.6,ACC-SW
ACC-SW-NORT-2-2-WM-P10,Northway 2 Gang 2 Way Light Switch White Moulded (Pack of 10),Northway 2 Gang 2 Way Light Switch White Moulded (Pack of 10). Wiring accessory to BS 1363 / BS EN 60669.,each,10,27.26,ACC-SW
ACC-SW-NORT-2-2-BC,Northway 2 Gang 2 Way Light Switch Brushed Chrome,Northway 2 Gang 2 Way Light Switch Brushed Chrome. Wiring accessory to BS 1363 / BS EN 60669.,each,1,2.53,ACC-SW
ACC-SW-NORT-2-2-BC-P10,Northway 2 Gang 2 Way Light Switch Brushed Chrome (Pack of 10),Northway 2 Gang 2 Way Light Switch Brushed Chrome (Pack of 10). Wiring accessory to BS 1363 / BS EN 60669.,each,10,28.6,ACC-SW
ACC-SW-NORT-2-2-MB,Northway 2 Gang 2 Way Light Switch Matt Black,Northway 2 Gang 2 Way Light Switch Matt Black. Wiring accessory to BS 1363 / BS EN 60669.,each,1,2.48,ACC-SW
ACC-SW-NORT-2-2-MB-P10,Northway 2 Gang 2 Way Light Switch Matt Black (Pack of 10),Northway 2 Gang 2 Way Light Switch Matt Black (Pack of 10). Wiring accessory to BS 1363 / BS EN 60669.,each,10,25.73,ACC-SW
ACC-SW-NORT-2-2-PB,Northway 2 Gang 2 Way Light Switch Polished Brass,Northway 2 Gang 2 Way Light Switch Polished Brass. Wiring accessory to BS 1363 / BS EN 60669.,each,1,2.71,ACC-SW
ACC-SW-NORT-2-2-PB-P10,Northway 2 Gang 2 Way Light Switch Polished Brass (Pack of 10),Northway 2 Gang 2 Way Light Switch Polished Brass (Pack of 10). Wiring accessory to BS 1363 / BS EN 60669.,each,10,25.65,ACC-SW
ACC-SW-NORT-3-1-WM,Northway 3 Gang 1 Way Light Switch White Moulded,Northway 3 Gang 1 Way Light Switch White Moulded. Wiring accessory to BS 1363 / BS EN 60669.,each,1,2.81,ACC-SW
ACC-SW-NORT-3-1-WM-P10,Northway 3 Gang 1 Way Light Switch White Moulded (Pack of 10),Northway 3 Gang 1 Way Light Switch White Moulded (Pack of 10). Wiring accessory to BS 1363 / BS EN 60669.,each,10,26.64,ACC-SW
ACC-SW-NORT-3-1-BC,Northway 3 Gang 1 Way Light Switch Brushed Chrome,Northway 3 Gang 1 Way Light Switch Brushed Chrome. Wiring accessory to BS 1363 / BS EN 60669.,each,1,2.67,ACC-SW
ACC-SW-NORT-3-1-BC-P10,Northway 3 Gang 1 Way Light Switch Brushed Chrome (Pack of 10),Northway 3 Gang 1 Way Light Switch Brushed Chrome (Pack of 10). Wiring accessory to BS 1363 / BS EN 60669.,each,10,26.64,ACC-SW
ACC-SW-NORT-3-1-MB,Northway 3 Gang 1 Way Light Switch Matt Black,Northway 3 Gang 1 Way Light Switch Matt Black. Wiring accessory to BS 1363 / BS EN 60669.,each,1,2.56,ACC-SW
ACC-SW-NORT-3-1-MB-P10,Northway 3 Gang 1 Way Light Switch Matt Black (Pack of 10),Northway 3 Gang 1 Way Light Switch Matt Black (Pack of 10). Wiring accessory to BS 1363 / BS EN 60669.,each,10,24.11,ACC-SW
ACC-SW-NORT-3-1-PB,Northway 3 Gang 1 Way Light Switch Polished Brass,Northway 3 Gang 1 Way Light Switch Polished Brass. Wiring accessory to BS 1363 / BS EN 60669.,each,1,2.9,ACC-SW
ACC-SW-NORT-3-1-PB-P10,Northway 3 Gang 1 Way Light Switch Polished Brass (Pack of 10),Northway 3 Gang 1 Way Light Switch Polished Brass (Pack of 10). Wiring accessory to BS 1363 / BS EN 60669.,each,10,26.68,ACC-SW
ACC-SW-NORT-3-2-WM,Northway 3 Gang 2 Way Light Switch White Moulded,Northway 3 Gang 2 Way Light Switch White Moulded. Wiring accessory to BS 1363 / BS EN 60669.,each,1,2.91,ACC-SW
ACC-SW-NORT-3-2-WM-P10,Northway 3 Gang 2 Way Light Switch White Moulded (Pack of 10),Northway 3 Gang 2 Way Light Switch White Moulded (Pack of 10). Wiring accessory to BS 1363 / BS EN 60669.,each,10,25.13,ACC-SW
ACC-SW-NORT-3-2-BC,Northway 3 Gang 2 Way Light Switch Brushed Chrome,Northway 3 Gang 2 Way Light Switch Brushed Chrome. Wiring accessory to BS 1363 / BS EN 60669.,each,1,2.59,ACC-SW
ACC-SW-NORT-3-2-BC-P10,Northway 3 Gang 2 Way Light Switch Brushed Chrome (Pack of 10),Northway 3 Gang 2 Way Light Switch Brushed Chrome (Pack of 10). Wiring accessory to BS 1363 / BS EN 60669.,each,10,24.25,ACC-SW
ACC-SW-NORT-3-2-MB,Northway 3 Gang 2 Way Light Switch Matt Black,Northway 3 Gang 2 Way Light Switch Matt Black. Wiring accessory to BS 1363 / BS EN 60669.,each,1,2.66,ACC-SW
ACC-SW-NORT-3-2-MB-P10,Northway 3 Gang 2 Way Light Switch Matt Black (Pack of 10),Northway 3 Gang 2 Way Light Switch Matt Black (Pack of 10). Wiring accessory to BS 1363 / BS EN 60669.,each,10,28.69,ACC-SW
ACC-SW-NORT-3-2-PB,Northway 3 Gang 2 Way Light Switch Polished Brass,Northway 3 Gang 2 Way Light Switch Polished Brass. Wiring accessory to BS 1363 / BS EN 60669.,each,1,2.75,ACC-SW
ACC-SW-NORT-3-2-PB-P10,Northway 3 Gang 2 Way Light Switch Polished Brass (Pack of 10),Northway 3 Gang 2 Way Light Switch Polished Brass (Pack of 10). Wiring accessory to BS 1363 / BS EN 60669.,each,10,26.49,ACC-SW
ACC-SW-PROF-1-1-WM,ProFlow 1 Gang 1 Way Light Switch White Moulded,ProFlow 1 Gang 1 Way Light Switch White Moulded. Wiring accessory to BS 1363 / BS EN 60669.,each,1,2.68,ACC-SW
ACC-SW-PROF-1-1-WM-P10,ProFlow 1 Gang 1 Way Light Switch White Moulded (Pack of 10),ProFlow 1 Gang 1 Way Light Switch White Moulded (Pack of 10). Wiring accessory to BS 1363 / BS EN 60669.,each,10,28.5,ACC-SW
ACC-SW-PROF-1-1-BC,ProFlow 1 Gang 1 Way Light Switch Brushed Chrome,ProFlow 1 Gang 1 Way Light Switch Brushed Chrome. Wiring accessory to BS 1363 / BS EN 60669.,each,1,2.63,ACC-SW
ACC-SW-PROF-1-1-BC-P10,ProFlow 1 Gang 1 Way Light Switch Brushed Chrome (Pack of 10),ProFlow 1 Gang 1 Way Light Switch Brushed Chrome (Pack of 10). Wiring accessory to BS 1363 / BS EN 60669.,each,10,28.69,ACC-SW
ACC-SW-PROF-1-1-MB,ProFlow 1 Gang 1 Way Light Switch Matt Black,ProFlow 1 Gang 1 Way Light Switch Matt Black. Wiring accessory to BS 1363 / BS EN 60669.,each,1,2.79,ACC-SW
ACC-SW-PROF-1-1-MB-P10,ProFlow 1 Gang 1 Way Light Switch Matt Black (Pack of 10),ProFlow 1 Gang 1 Way Light Switch Matt Black (Pack of 10). Wiring accessory to BS 1363 / BS EN 60669.,each,10,28.06,ACC-SW
ACC-SW-PROF-1-1-PB,ProFlow 1 Gang 1 Way Light Switch Polished Brass,ProFlow 1 Gang 1 Way Light Switch Polished Brass. Wiring accessory to BS 1363 / BS EN 60669.,each,1,2.59,ACC-SW
ACC-SW-PROF-1-1-PB-P10,ProFlow 1 Gang 1 Way Light Switch Polished Brass (Pack of 10),ProFlow 1 Gang 1 Way Light Switch Polished Brass (Pack of 10). Wiring accessory to BS 1363 / BS EN 60669.,each,10,26.12,ACC-SW
ACC-SW-PROF-1-2-WM,ProFlow 1 Gang 2 Way Light Switch White Moulded,ProFlow 1 Gang 2 Way Light Switch White Moulded. Wiring accessory to BS 1363 / BS EN 60669.,each,1,2.7,ACC-SW
ACC-SW-PROF-1-2-WM-P10,ProFlow 1 Gang 2 Way Light Switch White Moulded (Pack of 10),ProFlow 1 Gang 2 Way Light Switch White Moulded (Pack of 10). Wiring accessory to BS 1363 / BS EN 60669.,each,10,25.02,ACC-SW
ACC-SW-PROF-1-2-BC,ProFlow 1 Gang 2 Way Light Switch Brushed Chrome,ProFlow 1 Gang 2 Way Light Switch Brushed Chrome. Wiring accessory to BS 1363 / BS EN 60669.,each,1,2.69,ACC-SW
ACC-SW-PROF-1-2-BC-P10,ProFlow 1 Gang 2 Way Light Switch Brushed Chrome (Pack of 10),ProFlow 1 Gang 2 Way Light Switch Brushed Chrome (Pack of 10). Wiring accessory to BS 1363 / BS EN 60669.,each,10,24.38,ACC-SW
ACC-SW-PROF-1-2-MB,ProFlow 1 Gang 2 Way Light Switch Matt Black,ProFlow 1 Gang 2 Way Light Switch Matt Black. Wiring accessory to BS 1363 / BS EN 60669.,each,1,2.67,ACC-SW
ACC-SW-PROF-1-2-MB-P10,ProFlow 1 Gang 2 Way Light Switch Matt Black (Pack of 10),ProFlow 1 Gang 2 Way Light Switch Matt Black (Pack of 10). Wiring accessory to BS 1363 / BS EN 60669.,each,10,28.06,ACC-SW
ACC-SW-PROF-1-2-PB,ProFlow 1 Gang 2 Way Light Switch Polished Brass,ProFlow 1 Gang 2 Way Light Switch Polished Brass. Wiring accessory to BS 1363 / BS EN 60669.,each,1,2.55,ACC-SW
ACC-SW-PROF-1-2-PB-P10,ProFlow 1 Gang 2 Way Light Switch Polished Brass (Pack of 10),ProFlow 1 Gang 2 Way Light Switch Polished Brass (Pack of 10). Wiring accessory to BS 1363 / BS EN 60669.,each,10,29.26,ACC-SW
ACC-SW-PROF-2-1-WM,ProFlow 2 Gang 1 Way Light Switch White Moulded,ProFlow 2 Gang 1 Way Light Switch White Moulded. Wiring accessory to BS 1363 / BS EN 60669.,each,1,2.76,ACC-SW
ACC-SW-PROF-2-1-WM-P10,ProFlow 2 Gang 1 Way Light Switch White Moulded (Pack of 10),ProFlow 2 Gang 1 Way Light Switch White Moulded (Pack of 10). Wiring accessory to BS 1363 / BS EN 60669.,each,10,24.62,ACC-SW
ACC-SW-PROF-2-1-BC,ProFlow 2 Gang 1 Way Light Switch Brushed Chrome,ProFlow 2 Gang 1 Way Light Switch Brushed Chrome. Wiring accessory to BS 1363 / BS EN 60669.,each,1,2.92,ACC-SW
ACC-SW-PROF-2-1-BC-P10,ProFlow 2 Gang 1 Way Light Switch Brushed Chrome (Pack of 10),ProFlow 2 Gang 1 Way Light Switch Brushed Chrome (Pack of 10). Wiring accessory to BS 1363 / BS EN 60669.,each,10,26.08,ACC-SW
ACC-SW-PROF-2-1-MB,ProFlow 2 Gang 1 Way Light Switch Matt Black,ProFlow 2 Gang 1 Way Light Switch Matt Black. Wiring accessory to BS 1363 / BS EN 60669.,each,1,2.82,ACC-SW
ACC-SW-PROF-2-1-MB-P10,ProFlow 2 Gang 1 Way Light Switch Matt Black (Pack of 10),ProFlow 2 Gang 1 Way Light Switch Matt Black (Pack of 10). Wiring accessory to BS 1363 / BS EN 60669.,each,10,25.79,ACC-SW
ACC-SW-PROF-2-1-PB,ProFlow 2 Gang 1 Way Light Switch Polished Brass,ProFlow 2 Gang 1 Way Light Switch Polished Brass. Wiring accessory to BS 1363 / BS EN 60669.,each,1,2.9,ACC-SW
ACC-SW-PROF-2-1-PB-P10,ProFlow 2 Gang 1 Way Light Switch Polished Brass (Pack of 10),ProFlow 2 Gang 1 Way Light Switch Polished Brass (Pack of 10). Wiring accessory to BS 1363 / BS EN 60669.,each,10,28.01,ACC-SW
ACC-SW-PROF-2-2-WM,ProFlow 2 Gang 2 Way Light Switch White Moulded,ProFlow 2 Gang 2 Way Light Switch White Moulded. Wiring accessory to BS 1363 / BS EN 60669.,each,1,2.5,ACC-SW
ACC-SW-PROF-2-2-WM-P10,ProFlow 2 Gang 2 Way Light Switch White Moulded (Pack of 10),ProFlow 2 Gang 2 Way Light Switch White Moulded (Pack of 10). Wiring accessory to BS 1363 / BS EN 60669.,each,10,26.7,ACC-SW
ACC-SW-PROF-2-2-BC,ProFlow 2 Gang 2 Way Light Switch Brushed Chrome,ProFlow 2 Gang 2 Way Light Switch Brushed Chrome. Wiring accessory to BS 1363 / BS EN 60669.,each,1,2.67,ACC-SW
ACC-SW-PROF-2-2-BC-P10,ProFlow 2 Gang 2 Way Light Switch Brushed Chrome (Pack of 10),ProFlow 2 Gang 2 Way Light Switch Brushed Chrome (Pack of 10). Wiring accessory to BS 1363 / BS EN 60669.,each,10,24.23,ACC-SW
ACC-SW-PROF-2-2-MB,ProFlow 2 Gang 2 Way Light Switch Matt Black,ProFlow 2 Gang 2 Way Light Switch Matt Black. Wiring accessory to BS 1363 / BS EN 60669.,each,1,2.47,ACC-SW
ACC-SW-PROF-2-2-MB-P10,ProFlow 2 Gang 2 Way Light Switch Matt Black (Pack of 10),ProFlow 2 Gang 2 Way Light Switch Matt Black (Pack of 10). Wiring accessory to BS 1363 / BS EN 60669.,each,10,25.76,ACC-SW
ACC-SW-PROF-2-2-PB,ProFlow 2 Gang 2 Way Light Switch Polished Brass,ProFlow 2 Gang 2 Way Light Switch Polished Brass. Wiring accessory to BS 1363 / BS EN 60669.,each,1,2.65,ACC-SW
ACC-SW-PROF-2-2-PB-P10,ProFlow 2 Gang 2 Way Light Switch Polished Brass (Pack of 10),ProFlow 2 Gang 2 Way Light Switch Polished Brass (Pack of 10). Wiring accessory to BS 1363 / BS EN 60669.,each,10,26.42,ACC-SW
ACC-SW-PROF-3-1-WM,ProFlow 3 Gang 1 Way Light Switch White Moulded,ProFlow 3 Gang 1 Way Light Switch White Moulded. Wiring accessory to BS 1363 / BS EN 60669.,each,1,2.72,ACC-SW
ACC-SW-PROF-3-1-WM-P10,ProFlow 3 Gang 1 Way Light Switch White Moulded (Pack of 10),ProFlow 3 Gang 1 Way Light Switch White Moulded (Pack of 10). Wiring accessory to BS 1363 / BS EN 60669.,each,10,26.73,ACC-SW
ACC-SW-PROF-3-1-BC,ProFlow 3 Gang 1 Way Light Switch Brushed Chrome,ProFlow 3 Gang 1 Way Light Switch Brushed Chrome. Wiring accessory to BS 1363 / BS EN 60669.,each,1,2.57,ACC-SW
ACC-SW-PROF-3-1-BC-P10,ProFlow 3 Gang 1 Way Light Switch Brushed Chrome (Pack of 10),ProFlow 3 Gang 1 Way Light Switch Brushed Chrome (Pack of 10). Wiring accessory to BS 1363 / BS EN 60669.,each,10,27.25,ACC-SW
ACC-SW-PROF-3-1-MB,ProFlow 3 Gang 1 Way Light Switch Matt Black,ProFlow 3 Gang 1 Way Light Switch Matt Black. Wiring accessory to BS 1363 / BS EN 60669.,each,1,2.49,ACC-SW
ACC-SW-PROF-3-1-MB-P10,ProFlow 3 Gang 1 Way Light Switch Matt Black (Pack of 10),ProFlow 3 Gang 1 Way Light Switch Matt Black (Pack of 10). Wiring accessory to BS 1363 / BS EN 60669.,each,10,29.26,ACC-SW
ACC-SW-PROF-3-1-PB,ProFlow 3 Gang 1 Way Light Switch Polished Brass,ProFlow 3 Gang 1 Way Light Switch Polished Brass. Wiring accessory to BS 1363 / BS EN 60669.,each,1,2.79,ACC-SW
ACC-SW-PROF-3-1-PB-P10,ProFlow 3 Gang 1 Way Light Switch Polished Brass (Pack of 10),ProFlow 3 Gang 1 Way Light Switch Polished Brass (Pack of 10). Wiring accessory to BS 1363 / BS EN 60669.,each,10,25.58,ACC-SW
ACC-SW-PROF-3-2-WM,ProFlow 3 Gang 2 Way Light Switch White Moulded,ProFlow 3 Gang 2 Way Light Switch White Moulded. Wiring accessory to BS 1363 / BS EN 60669.,each,1,2.58,ACC-SW
ACC-SW-PROF-3-2-WM-P10,ProFlow 3 Gang 2 Way Light Switch White Moulded (Pack of 10),ProFlow 3 Gang 2 Way Light Switch White Moulded (Pack of 10). Wiring accessory to BS 1363 / BS EN 60669.,each,10,28.4,ACC-SW
ACC-SW-PROF-3-2-BC,ProFlow 3 Gang 2 Way Light Switch Brushed Chrome,ProFlow 3 Gang 2 Way Light Switch Brushed Chrome. Wiring accessory to BS 1363 / BS EN 60669.,each,1,2.68,ACC-SW
ACC-SW-PROF-3-2-BC-P10,ProFlow 3 Gang 2 Way Light Switch Brushed Chrome (Pack of 10),ProFlow 3 Gang 2 Way Light Switch Brushed Chrome (Pack of 10). Wiring accessory to BS 1363 / BS EN 60669.,each,10,27.76,ACC-SW
ACC-SW-PROF-3-2-MB,ProFlow 3 Gang 2 Way Light Switch Matt Black,ProFlow 3 Gang 2 Way Light Switch Matt Black. Wiring accessory to BS 1363 / BS EN 60669.,each,1,2.56,ACC-SW
ACC-SW-PROF-3-2-MB-P10,ProFlow 3 Gang 2 Way Light Switch Matt Black (Pack of 10),ProFlow 3 Gang 2 Way Light Switch Matt Black (Pack of 10). Wiring accessory to BS 1363 / BS EN 60669.,each,10,28.33,ACC-SW
ACC-SW-PROF-3-2-PB,ProFlow 3 Gang 2 Way Light Switch Polished Brass,ProFlow 3 Gang 2 Way Light Switch Polished Brass. Wiring accessory to BS 1363 / BS EN 60669.,each,1,2.59,ACC-SW
ACC-SW-PROF-3-2-PB-P10,ProFlow 3 Gang 2 Way Light Switch Polished Brass (Pack of 10),ProFlow 3 Gang 2 Way Light Switch Polished Brass (Pack of 10). Wiring accessory to BS 1363 / BS EN 60669.,each,10,27.58,ACC-SW
ACC-FCU-KEST-SWIT-WM,Kestrel Fused Spur Switched 13A White Moulded,Kestrel Fused Spur Switched 13A White Moulded. Wiring accessory to BS 1363 / BS EN 60669.,each,1,5.39,ACC-FCU
ACC-FCU-KEST-SWIT-BC,Kestrel Fused Spur Switched 13A Brushed Chrome,Kestrel Fused Spur Switched 13A Brushed Chrome. Wiring accessory to BS 1363 / BS EN 60669.,each,1,5.0,ACC-FCU
ACC-FCU-KEST-SWIT-MB,Kestrel Fused Spur Switched 13A Matt Black,Kestrel Fused Spur Switched 13A Matt Black. Wiring accessory to BS 1363 / BS EN 60669.,each,1,5.21,ACC-FCU
ACC-FCU-KEST-UNSW-WM,Kestrel Fused Spur Unswitched 13A White Moulded,Kestrel Fused Spur Unswitched 13A White Moulded. Wiring accessory to BS 1363 / BS EN 60669.,each,1,5.14,ACC-FCU
ACC-FCU-KEST-UNSW-BC,Kestrel Fused Spur Unswitched 13A Brushed Chrome,Kestrel Fused Spur Unswitched 13A Brushed Chrome. Wiring accessory to BS 1363 / BS EN 60669.,each,1,5.11,ACC-FCU
ACC-FCU-KEST-UNSW-MB,Kestrel Fused Spur Unswitched 13A Matt Black,Kestrel Fused Spur Unswitched 13A Matt Black. Wiring accessory to BS 1363 / BS EN 60669.,each,1,4.45,ACC-FCU
ACC-FCU-KEST-SWN-WM,Kestrel Fused Spur Switched with Neon 13A White Moulded,Kestrel Fused Spur Switched with Neon 13A White Moulded. Wiring accessory to BS 1363 / BS EN 60669.,each,1,4.89,ACC-FCU
ACC-FCU-KEST-SWN-BC,Kestrel Fused Spur Switched with Neon 13A Brushed Chrome,Kestrel Fused Spur Switched with Neon 13A Brushed Chrome. Wiring accessory to BS 1363 / BS EN 60669.,each,1,5.38,ACC-FCU
ACC-FCU-KEST-SWN-MB,Kestrel Fused Spur Switched with Neon 13A Matt Black,Kestrel Fused Spur Switched with Neon 13A Matt Black. Wiring accessory to BS 1363 / BS EN 60669.,each,1,5.2,ACC-FCU
ACC-FCU-NORT-SWIT-WM,Northway Fused Spur Switched 13A White Moulded,Northway Fused Spur Switched 13A White Moulded. Wiring accessory to BS 1363 / BS EN 60669.,each,1,5.19,ACC-FCU
ACC-FCU-NORT-SWIT-BC,Northway Fused Spur Switched 13A Brushed Chrome,Northway Fused Spur Switched 13A Brushed Chrome. Wiring accessory to BS 1363 / BS EN 60669.,each,1,5.0,ACC-FCU
ACC-FCU-NORT-SWIT-MB,Northway Fused Spur Switched 13A Matt Black,Northway Fused Spur Switched 13A Matt Black. Wiring accessory to BS 1363 / BS EN 60669.,each,1,5.14,ACC-FCU
ACC-FCU-NORT-UNSW-WM,Northway Fused Spur Unswitched 13A White Moulded,Northway Fused Spur Unswitched 13A White Moulded. Wiring accessory to BS 1363 / BS EN 60669.,each,1,5.0,ACC-FCU
ACC-FCU-NORT-UNSW-BC,Northway Fused Spur Unswitched 13A Brushed Chrome,Northway Fused Spur Unswitched 13A Brushed Chrome. Wiring accessory to BS 1363 / BS EN 60669.,each,1,4.6,ACC-FCU
ACC-FCU-NORT-UNSW-MB,Northway Fused Spur Unswitched 13A Matt Black,Northway Fused Spur Unswitched 13A Matt Black. Wiring accessory to BS 1363 / BS EN 60669.,each,1,5.05,ACC-FCU
ACC-FCU-NORT-SWN-WM,Northway Fused Spur Switched with Neon 13A White Moulded,Northway Fused Spur Switched with Neon 13A White Moulded. Wiring accessory to BS 1363 / BS EN 60669.,each,1,5.04,ACC-FCU
ACC-FCU-NORT-SWN-BC,Northway Fused Spur Switched with Neon 13A Brushed Chrome,Northway Fused Spur Switched with Neon 13A Brushed Chrome. Wiring accessory to BS 1363 / BS EN 60669.,each,1,5.26,ACC-FCU
ACC-FCU-NORT-SWN-MB,Northway Fused Spur Switched with Neon 13A Matt Black,Northway Fused Spur Switched with Neon 13A Matt Black. Wiring accessory to BS 1363 / BS EN 60669.,each,1,4.57,ACC-FCU
ACC-FCU-PROF-SWIT-WM,ProFlow Fused Spur Switched 13A White Moulded,ProFlow Fused Spur Switched 13A White Moulded. Wiring accessory to BS 1363 / BS EN 60669.,each,1,5.1,ACC-FCU
ACC-FCU-PROF-SWIT-BC,ProFlow Fused Spur Switched 13A Brushed Chrome,ProFlow Fused Spur Switched 13A Brushed Chrome. Wiring accessory to BS 1363 / BS EN 60669.,each,1,4.46,ACC-FCU
ACC-FCU-PROF-SWIT-MB,ProFlow Fused Spur Switched 13A Matt Black,ProFlow Fused Spur Switched 13A Matt Black. Wiring accessory to BS 1363 / BS EN 60669.,each,1,5.36,ACC-FCU
ACC-FCU-PROF-UNSW-WM,ProFlow Fused Spur Unswitched 13A White Moulded,ProFlow Fused Spur Unswitched 13A White Moulded. Wiring accessory to BS 1363 / BS EN 60669.,each,1,4.54,ACC-FCU
ACC-FCU-PROF-UNSW-BC,ProFlow Fused Spur Unswitched 13A Brushed Chrome,ProFlow Fused Spur Unswitched 13A Brushed Chrome. Wiring accessory to BS 1363 / BS EN 60669.,each,1,4.45,ACC-FCU
ACC-FCU-PROF-UNSW-MB,ProFlow Fused Spur Unswitched 13A Matt Black,ProFlow Fused Spur Unswitched 13A Matt Black. Wiring accessory to BS 1363 / BS EN 60669.,each,1,4.74,ACC-FCU
ACC-FCU-PROF-SWN-WM,ProFlow Fused Spur Switched with Neon 13A White Moulded,ProFlow Fused Spur Switched with Neon 13A White Moulded. Wiring accessory to BS 1363 / BS EN 60669.,each,1,4.58,ACC-FCU
ACC-FCU-PROF-SWN-BC,ProFlow Fused Spur Switched with Neon 13A Brushed Chrome,ProFlow Fused Spur Switched with Neon 13A Brushed Chrome. Wiring accessory to BS 1363 / BS EN 60669.,each,1,5.11,ACC-FCU
ACC-FCU-PROF-SWN-MB,ProFlow Fused Spur Switched with Neon 13A Matt Black,ProFlow Fused Spur Switched with Neon 13A Matt Black. Wiring accessory to BS 1363 / BS EN 60669.,each,1,4.83,ACC-FCU
CON-MCB-KEST-B-6-SP,Kestrel MCB Type B 6A Single Pole,Kestrel MCB Type B 6A Single Pole. Circuit protection for consumer units to BS EN 60898 / 61009.,each,1,6.38,CON-MCB
CON-MCB-KEST-B-6-DP,Kestrel MCB Type B 6A Double Pole,Kestrel MCB Type B 6A Double Pole. Circuit protection for consumer units to BS EN 60898 / 61009.,each,1,6.56,CON-MCB
CON-MCB-KEST-B-10-SP,Kestrel MCB Type B 10A Single Pole,Kestrel MCB Type B 10A Single Pole. Circuit protection for consumer units to BS EN 60898 / 61009.,each,1,6.5,CON-MCB
CON-MCB-KEST-B-10-DP,Kestrel MCB Type B 10A Double Pole,Kestrel MCB Type B 10A Double Pole. Circuit protection for consumer units to BS EN 60898 / 61009.,each,1,6.33,CON-MCB
CON-MCB-KEST-B-16-SP,Kestrel MCB Type B 16A Single Pole,Kestrel MCB Type B 16A Single Pole. Circuit protection for consumer units to BS EN 60898 / 61009.,each,1,5.52,CON-MCB
CON-MCB-KEST-B-16-DP,Kestrel MCB Type B 16A Double Pole,Kestrel MCB Type B 16A Double Pole. Circuit protection for consumer units to BS EN 60898 / 61009.,each,1,5.61,CON-MCB
CON-MCB-KEST-B-20-SP,Kestrel MCB Type B 20A Single Pole,Kestrel MCB Type B 20A Single Pole. Circuit protection for consumer units to BS EN 60898 / 61009.,each,1,5.69,CON-MCB
CON-MCB-KEST-B-20-DP,Kestrel MCB Type B 20A Double Pole,Kestrel MCB Type B 20A Double Pole. Circuit protection for consumer units to BS EN 60898 / 61009.,each,1,5.84,CON-MCB
CON-MCB-KEST-B-32-SP,Kestrel MCB Type B 32A Single Pole,Kestrel MCB Type B 32A Single Pole. Circuit protection for consumer units to BS EN 60898 / 61009.,each,1,6.24,CON-MCB
CON-MCB-KEST-B-32-DP,Kestrel MCB Type B 32A Double Pole,Kestrel MCB Type B 32A Double Pole. Circuit protection for consumer units to BS EN 60898 / 61009.,each,1,6.08,CON-MCB
CON-MCB-KEST-B-40-SP,Kestrel MCB Type B 40A Single Pole,Kestrel MCB Type B 40A Single Pole. Circuit protection for consumer units to BS EN 60898 / 61009.,each,1,5.82,CON-MCB
CON-MCB-KEST-B-40-DP,Kestrel MCB Type B 40A Double Pole,Kestrel MCB Type B 40A Double Pole. Circuit protection for consumer units to BS EN 60898 / 61009.,each,1,5.65,CON-MCB
CON-MCB-KEST-C-6-SP,Kestrel MCB Type C 6A Single Pole,Kestrel MCB Type C 6A Single Pole. Circuit protection for consumer units to BS EN 60898 / 61009.,each,1,6.55,CON-MCB
CON-MCB-KEST-C-6-DP,Kestrel MCB Type C 6A Double Pole,Kestrel MCB Type C 6A Double Pole. Circuit protection for consumer units to BS EN 60898 / 61009.,each,1,5.86,CON-MCB
CON-MCB-KEST-C-10-SP,Kestrel MCB Type C 10A Single Pole,Kestrel MCB Type C 10A Single Pole. Circuit protection for consumer units to BS EN 60898 / 61009.,each,1,5.87,CON-MCB
CON-MCB-KEST-C-10-DP,Kestrel MCB Type C 10A Double Pole,Kestrel MCB Type C 10A Double Pole. Circuit protection for consumer units to BS EN 60898 / 61009.,each,1,6.38,CON-MCB
CON-MCB-KEST-C-16-SP,Kestrel MCB Type C 16A Single Pole,Kestrel MCB Type C 16A Single Pole. Circuit protection for consumer units to BS EN 60898 / 61009.,each,1,6.31,CON-MCB
CON-MCB-KEST-C-16-DP,Kestrel MCB Type C 16A Double Pole,Kestrel MCB Type C 16A Double Pole. Circuit protection for consumer units to BS EN 60898 / 61009.,each,1,6.22,CON-MCB
CON-MCB-KEST-C-20-SP,Kestrel MCB Type C 20A Single Pole,Kestrel MCB Type C 20A Single Pole. Circuit protection for consumer units to BS EN 60898 / 61009.,each,1,6.28,CON-MCB
CON-MCB-KEST-C-20-DP,Kestrel MCB Type C 20A Double Pole,Kestrel MCB Type C 20A Double Pole. Circuit protection for consumer units to BS EN 60898 / 61009.,each,1,6.18,CON-MCB
CON-MCB-KEST-C-32-SP,Kestrel MCB Type C 32A Single Pole,Kestrel MCB Type C 32A Single Pole. Circuit protection for consumer units to BS EN 60898 / 61009.,each,1,5.68,CON-MCB
CON-MCB-KEST-C-32-DP,Kestrel MCB Type C 32A Double Pole,Kestrel MCB Type C 32A Double Pole. Circuit protection for consumer units to BS EN 60898 / 61009.,each,1,5.74,CON-MCB
CON-MCB-KEST-C-40-SP,Kestrel MCB Type C 40A Single Pole,Kestrel MCB Type C 40A Single Pole. Circuit protection for consumer units to BS EN 60898 / 61009.,each,1,6.12,CON-MCB
CON-MCB-KEST-C-40-DP,Kestrel MCB Type C 40A Double Pole,Kestrel MCB Type C 40A Double Pole. Circuit protection for consumer units to BS EN 60898 / 61009.,each,1,5.71,CON-MCB
CON-MCB-NORT-B-6-SP,Northway MCB Type B 6A Single Pole,Northway MCB Type B 6A Single Pole. Circuit protection for consumer units to BS EN 60898 / 61009.,each,1,6.62,CON-MCB
CON-MCB-NORT-B-6-DP,Northway MCB Type B 6A Double Pole,Northway MCB Type B 6A Double Pole. Circuit protection for consumer units to BS EN 60898 / 61009.,each,1,5.8,CON-MCB
CON-MCB-NORT-B-10-SP,Northway MCB Type B 10A Single Pole,Northway MCB Type B 10A Single Pole. Circuit protection for consumer units to BS EN 60898 / 61009.,each,1,5.79,CON-MCB
CON-MCB-NORT-B-10-DP,Northway MCB Type B 10A Double Pole,Northway MCB Type B 10A Double Pole. Circuit protection for consumer units to BS EN 60898 / 61009.,each,1,5.69,CON-MCB
CON-MCB-NORT-B-16-SP,Northway MCB Type B 16A Single Pole,Northway MCB Type B 16A Single Pole. Circuit protection for consumer units to BS EN 60898 / 61009.,each,1,6.3,CON-MCB
CON-MCB-NORT-B-16-DP,Northway MCB Type B 16A Double Pole,Northway MCB Type B 16A Double Pole. Circuit protection for consumer units to BS EN 60898 / 61009.,each,1,5.83,CON-MCB
CON-MCB-NORT-B-20-SP,Northway MCB Type B 20A Single Pole,Northway MCB Type B 20A Single Pole. Circuit protection for consumer units to BS EN 60898 / 61009.,each,1,5.86,CON-MCB
CON-MCB-NORT-B-20-DP,Northway MCB Type B 20A Double Pole,Northway MCB Type B 20A Double Pole. Circuit protection for consumer units to BS EN 60898 / 61009.,each,1,6.57,CON-MCB
CON-MCB-NORT-B-32-SP,Northway MCB Type B 32A Single Pole,Northway MCB Type B 32A Single Pole. Circuit protection for consumer units to BS EN 60898 / 61009.,each,1,6.4,CON-MCB
CON-MCB-NORT-B-32-DP,Northway MCB Type B 32A Double Pole,Northway MCB Type B 32A Double Pole. Circuit protection for consumer units to BS EN 60898 / 61009.,each,1,5.77,CON-MCB
CON-MCB-NORT-B-40-SP,Northway MCB Type B 40A Single Pole,Northway MCB Type B 40A Single Pole. Circuit protection for consumer units to BS EN 60898 / 61009.,each,1,5.59,CON-MCB
CON-MCB-NORT-B-40-DP,Northway MCB Type B 40A Double Pole,Northway MCB Type B 40A Double Pole. Circuit protection for consumer units to BS EN 60898 / 61009.,each,1,6.26,CON-MCB
CON-MCB-NORT-C-6-SP,Northway MCB Type C 6A Single Pole,Northway MCB Type C 6A Single Pole. Circuit protection for consumer units to BS EN 60898 / 61009.,each,1,5.9,CON-MCB
CON-MCB-NORT-C-6-DP,Northway MCB Type C 6A Double Pole,Northway MCB Type C 6A Double Pole. Circuit protection for consumer units to BS EN 60898 / 61009.,each,1,6.63,CON-MCB
CON-MCB-NORT-C-10-SP,Northway MCB Type C 10A Single Pole,Northway MCB Type C 10A Single Pole. Circuit protection for consumer units to BS EN 60898 / 61009.,each,1,6.43,CON-MCB
CON-MCB-NORT-C-10-DP,Northway MCB Type C 10A Double Pole,Northway MCB Type C 10A Double Pole. Circuit protection for consumer units to BS EN 60898 / 61009.,each,1,6.6,CON-MCB
CON-MCB-NORT-C-16-SP,Northway MCB Type C 16A Single Pole,Northway MCB Type C 16A Single Pole. Circuit protection for consumer units to BS EN 60898 / 61009.,each,1,6.42,CON-MCB
CON-MCB-NORT-C-16-DP,Northway MCB Type C 16A Double Pole,Northway MCB Type C 16A Double Pole. Circuit protection for consumer units to BS EN 60898 / 61009.,each,1,5.79,CON-MCB
CON-MCB-NORT-C-20-SP,Northway MCB Type C 20A Single Pole,Northway MCB Type C 20A Single Pole. Circuit protection for consumer units to BS EN 60898 / 61009.,each,1,5.79,CON-MCB
CON-MCB-NORT-C-20-DP,Northway MCB Type C 20A Double Pole,Northway MCB Type C 20A Double Pole. Circuit protection for consumer units to BS EN 60898 / 61009.,each,1,6.31,CON-MCB
CON-MCB-NORT-C-32-SP,Northway MCB Type C 32A Single Pole,Northway MCB Type C 32A Single Pole. Circuit protection for consumer units to BS EN 60898 / 61009.,each,1,5.86,CON-MCB
CON-MCB-NORT-C-32-DP,Northway MCB Type C 32A Double Pole,Northway MCB Type C 32A Double Pole. Circuit protection for consumer units to BS EN 60898 / 61009.,each,1,5.98,CON-MCB
CON-MCB-NORT-C-40-SP,Northway MCB Type C 40A Single Pole,Northway MCB Type C 40A Single Pole. Circuit protection for consumer units to BS EN 60898 / 61009.,each,1,5.75,CON-MCB
CON-MCB-NORT-C-40-DP,Northway MCB Type C 40A Double Pole,Northway MCB Type C 40A Double Pole. Circuit protection for consumer units to BS EN 60898 / 61009.,each,1,6.02,CON-MCB
CON-MCB-PROF-B-6-SP,ProFlow MCB Type B 6A Single Pole,ProFlow MCB Type B 6A Single Pole. Circuit protection for consumer units to BS EN 60898 / 61009.,each,1,5.69,CON-MCB
CON-MCB-PROF-B-6-DP,ProFlow MCB Type B 6A Double Pole,ProFlow MCB Type B 6A Double Pole. Circuit protection for consumer units to BS EN 60898 / 61009.,each,1,6.09,CON-MCB
CON-MCB-PROF-B-10-SP,ProFlow MCB Type B 10A Single Pole,ProFlow MCB Type B 10A Single Pole. Circuit protection for consumer units to BS EN 60898 / 61009.,each,1,6.57,CON-MCB
CON-MCB-PROF-B-10-DP,ProFlow MCB Type B 10A Double Pole,ProFlow MCB Type B 10A Double Pole. Circuit protection for consumer units to BS EN 60898 / 61009.,each,1,6.28,CON-MCB
CON-MCB-PROF-B-16-SP,ProFlow MCB Type B 16A Single Pole,ProFlow MCB Type B 16A Single Pole. Circuit protection for consumer units to BS EN 60898 / 61009.,each,1,5.61,CON-MCB
CON-MCB-PROF-B-16-DP,ProFlow MCB Type B 16A Double Pole,ProFlow MCB Type B 16A Double Pole. Circuit protection for consumer units to BS EN 60898 / 61009.,each,1,6.19,CON-MCB
CON-MCB-PROF-B-20-SP,ProFlow MCB Type B 20A Single Pole,ProFlow MCB Type B 20A Single Pole. Circuit protection for consumer units to BS EN 60898 / 61009.,each,1,6.15,CON-MCB
CON-MCB-PROF-B-20-DP,ProFlow MCB Type B 20A Double Pole,ProFlow MCB Type B 20A Double Pole. Circuit protection for consumer units to BS EN 60898 / 61009.,each,1,5.74,CON-MCB
CON-MCB-PROF-B-32-SP,ProFlow MCB Type B 32A Single Pole,ProFlow MCB Type B 32A Single Pole. Circuit protection for consumer units to BS EN 60898 / 61009.,each,1,6.25,CON-MCB
CON-MCB-PROF-B-32-DP,ProFlow MCB Type B 32A Double Pole,ProFlow MCB Type B 32A Double Pole. Circuit protection for consumer units to BS EN 60898 / 61009.,each,1,6.09,CON-MCB
CON-MCB-PROF-B-40-SP,ProFlow MCB Type B 40A Single Pole,ProFlow MCB Type B 40A Single Pole. Circuit protection for consumer units to BS EN 60898 / 61009.,each,1,6.21,CON-MCB
CON-MCB-PROF-B-40-DP,ProFlow MCB Type B 40A Double Pole,ProFlow MCB Type B 40A Double Pole. Circuit protection for consumer units to BS EN 60898 / 61009.,each,1,5.51,CON-MCB
CON-MCB-PROF-C-6-SP,ProFlow MCB Type C 6A Single Pole,ProFlow MCB Type C 6A Single Pole. Circuit protection for consumer units to BS EN 60898 / 61009.,each,1,5.94,CON-MCB
CON-MCB-PROF-C-6-DP,ProFlow MCB Type C 6A Double Pole,ProFlow MCB Type C 6A Double Pole. Circuit protection for consumer units to BS EN 60898 / 61009.,each,1,6.31,CON-MCB
CON-MCB-PROF-C-10-SP,ProFlow MCB Type C 10A Single Pole,ProFlow MCB Type C 10A Single Pole. Circuit protection for consumer units to BS EN 60898 / 61009.,each,1,5.56,CON-MCB
CON-MCB-PROF-C-10-DP,ProFlow MCB Type C 10A Double Pole,ProFlow MCB Type C 10A Double Pole. Circuit protection for consumer units to BS EN 60898 / 61009.,each,1,6.37,CON-MCB
CON-MCB-PROF-C-16-SP,ProFlow MCB Type C 16A Single Pole,ProFlow MCB Type C 16A Single Pole. Circuit protection for consumer units to BS EN 60898 / 61009.,each,1,5.45,CON-MCB
CON-MCB-PROF-C-16-DP,ProFlow MCB Type C 16A Double Pole,ProFlow MCB Type C 16A Double Pole. Circuit protection for consumer units to BS EN 60898 / 61009.,each,1,6.11,CON-MCB
CON-MCB-PROF-C-20-SP,ProFlow MCB Type C 20A Single Pole,ProFlow MCB Type C 20A Single Pole. Circuit protection for consumer units to BS EN 60898 / 61009.,each,1,6.57,CON-MCB
CON-MCB-PROF-C-20-DP,ProFlow MCB Type C 20A Double Pole,ProFlow MCB Type C 20A Double Pole. Circuit protection for consumer units to BS EN 60898 / 61009.,each,1,5.93,CON-MCB
CON-MCB-PROF-C-32-SP,ProFlow MCB Type C 32A Single Pole,ProFlow MCB Type C 32A Single Pole. Circuit protection for consumer units to BS EN 60898 / 61009.,each,1,6.57,CON-MCB
CON-MCB-PROF-C-32-DP,ProFlow MCB Type C 32A Double Pole,ProFlow MCB Type C 32A Double Pole. Circuit protection for consumer units to BS EN 60898 / 61009.,each,1,6.51,CON-MCB
CON-MCB-PROF-C-40-SP,ProFlow MCB Type C 40A Single Pole,ProFlow MCB Type C 40A Single Pole. Circuit protection for consumer units to BS EN 60898 / 61009.,each,1,6.02,CON-MCB
CON-MCB-PROF-C-40-DP,ProFlow MCB Type C 40A Double Pole,ProFlow MCB Type C 40A Double Pole. Circuit protection for consumer units to BS EN 60898 / 61009.,each,1,5.68,CON-MCB
CON-RCBO-KEST-B-6,Kestrel RCBO Type B 6A 30mA,Kestrel RCBO Type B 6A 30mA. Circuit protection for consumer units to BS EN 60898 / 61009.,each,1,26.88,CON-RCBO
CON-RCBO-KEST-B-10,Kestrel RCBO Type B 10A 30mA,Kestrel RCBO Type B 10A 30mA. Circuit protection for consumer units to BS EN 60898 / 61009.,each,1,23.72,CON-RCBO
CON-RCBO-KEST-B-16,Kestrel RCBO Type B 16A 30mA,Kestrel RCBO Type B 16A 30mA. Circuit protection for consumer units to BS EN 60898 / 61009.,each,1,25.32,CON-RCBO
CON-RCBO-KEST-B-20,Kestrel RCBO Type B 20A 30mA,Kestrel RCBO Type B 20A 30mA. Circuit protection for consumer units to BS EN 60898 / 61009.,each,1,26.61,CON-RCBO
CON-RCBO-KEST-B-32,Kestrel RCBO Type B 32A 30mA,Kestrel RCBO Type B 32A 30mA. Circuit protection for consumer units to BS EN 60898 / 61009.,each,1,22.58,CON-RCBO
CON-RCBO-KEST-B-40,Kestrel RCBO Type B 40A 30mA,Kestrel RCBO Type B 40A 30mA. Circuit protection for consumer units to BS EN 60898 / 61009.,each,1,24.96,CON-RCBO
CON-RCBO-KEST-C-6,Kestrel RCBO Type C 6A 30mA,Kestrel RCBO Type C 6A 30mA. Circuit protection for consumer units to BS EN 60898 / 61009.,each,1,24.77,CON-RCBO
CON-RCBO-KEST-C-10,Kestrel RCBO Type C 10A 30mA,Kestrel RCBO Type C 10A 30mA. Circuit protection for consumer units to BS EN 60898 / 61009.,each,1,25.7,CON-RCBO
CON-RCBO-KEST-C-16,Kestrel RCBO Type C 16A 30mA,Kestrel RCBO Type C 16A 30mA. Circuit protection for consumer units to BS EN 60898 / 61009.,each,1,26.75,CON-RCBO
CON-RCBO-KEST-C-20,Kestrel RCBO Type C 20A 30mA,Kestrel RCBO Type C 20A 30mA. Circuit protection for consumer units to BS EN 60898 / 61009.,each,1,26.63,CON-RCBO
CON-RCBO-KEST-C-32,Kestrel RCBO Type C 32A 30mA,Kestrel RCBO Type C 32A 30mA. Circuit protection for consumer units to BS EN 60898 / 61009.,each,1,23.0,CON-RCBO
CON-RCBO-KEST-C-40,Kestrel RCBO Type C 40A 30mA,Kestrel RCBO Type C 40A 30mA. Circuit protection for consumer units to BS EN 60898 / 61009.,each,1,26.48,CON-RCBO
CON-RCBO-NORT-B-6,Northway RCBO Type B 6A 30mA,Northway RCBO Type B 6A 30mA. Circuit protection for consumer units to BS EN 60898 / 61009.,each,1,23.0,CON-RCBO
CON-RCBO-NORT-B-10,Northway RCBO Type B 10A 30mA,Northway RCBO Type B 10A 30mA. Circuit protection for consumer units to BS EN 60898 / 61009.,each,1,26.66,CON-RCBO
CON-RCBO-NORT-B-16,Northway RCBO Type B 16A 30mA,Northway RCBO Type B 16A 30mA. Circuit protection for consumer units to BS EN 60898 / 61009.,each,1,27.05,CON-RCBO
CON-RCBO-NORT-B-20,Northway RCBO Type B 20A 30mA,Northway RCBO Type B 20A 30mA. Circuit protection for consumer units to BS EN 60898 / 61009.,each,1,24.09,CON-RCBO
CON-RCBO-NORT-B-32,Northway RCBO Type B 32A 30mA,Northway RCBO Type B 32A 30mA. Circuit protection for consumer units to BS EN 60898 / 61009.,each,1,24.58,CON-RCBO
CON-RCBO-NORT-B-40,Northway RCBO Type B 40A 30mA,Northway RCBO Type B 40A 30mA. Circuit protection for consumer units to BS EN 60898 / 61009.,each,1,26.75,CON-RCBO
CON-RCBO-NORT-C-6,Northway RCBO Type C 6A 30mA,Northway RCBO Type C 6A 30mA. Circuit protection for consumer units to BS EN 60898 / 61009.,each,1,26.87,CON-RCBO
CON-RCBO-NORT-C-10,Northway RCBO Type C 10A 30mA,Northway RCBO Type C 10A 30mA. Circuit protection for consumer units to BS EN 60898 / 61009.,each,1,26.7,CON-RCBO
CON-RCBO-NORT-C-16,Northway RCBO Type C 16A 30mA,Northway RCBO Type C 16A 30mA. Circuit protection for consumer units to BS EN 60898 / 61009.,each,1,26.45,CON-RCBO
CON-RCBO-NORT-C-20,Northway RCBO Type C 20A 30mA,Northway RCBO Type C 20A 30mA. Circuit protection for consumer units to BS EN 60898 / 61009.,each,1,22.19,CON-RCBO
CON-RCBO-NORT-C-32,Northway RCBO Type C 32A 30mA,Northway RCBO Type C 32A 30mA. Circuit protection for consumer units to BS EN 60898 / 61009.,each,1,24.93,CON-RCBO
CON-RCBO-NORT-C-40,Northway RCBO Type C 40A 30mA,Northway RCBO Type C 40A 30mA. Circuit protection for consumer units to BS EN 60898 / 61009.,each,1,22.67,CON-RCBO
CON-RCBO-PROF-B-6,ProFlow RCBO Type B 6A 30mA,ProFlow RCBO Type B 6A 30mA. Circuit protection for consumer units to BS EN 60898 / 61009.,each,1,26.98,CON-RCBO
CON-RCBO-PROF-B-10,ProFlow RCBO Type B 10A 30mA,ProFlow RCBO Type B 10A 30mA. Circuit protection for consumer units to BS EN 60898 / 61009.,each,1,23.54,CON-RCBO
CON-RCBO-PROF-B-16,ProFlow RCBO Type B 16A 30mA,ProFlow RCBO Type B 16A 30mA. Circuit protection for consumer units to BS EN 60898 / 61009.,each,1,27.01,CON-RCBO
CON-RCBO-PROF-B-20,ProFlow RCBO Type B 20A 30mA,ProFlow RCBO Type B 20A 30mA. Circuit protection for consumer units to BS EN 60898 / 61009.,each,1,24.81,CON-RCBO
CON-RCBO-PROF-B-32,ProFlow RCBO Type B 32A 30mA,ProFlow RCBO Type B 32A 30mA. Circuit protection for consumer units to BS EN 60898 / 61009.,each,1,24.57,CON-RCBO
CON-RCBO-PROF-B-40,ProFlow RCBO Type B 40A 30mA,ProFlow RCBO Type B 40A 30mA. Circuit protection for consumer units to BS EN 60898 / 61009.,each,1,26.76,CON-RCBO
CON-RCBO-PROF-C-6,ProFlow RCBO Type C 6A 30mA,ProFlow RCBO Type C 6A 30mA. Circuit protection for consumer units to BS EN 60898 / 61009.,each,1,26.33,CON-RCBO
CON-RCBO-PROF-C-10,ProFlow RCBO Type C 10A 30mA,ProFlow RCBO Type C 10A 30mA. Circuit protection for consumer units to BS EN 60898 / 61009.,each,1,24.44,CON-RCBO
CON-RCBO-PROF-C-16,ProFlow RCBO Type C 16A 30mA,ProFlow RCBO Type C 16A 30mA. Circuit protection for consumer units to BS EN 60898 / 61009.,each,1,23.09,CON-RCBO
CON-RCBO-PROF-C-20,ProFlow RCBO Type C 20A 30mA,ProFlow RCBO Type C 20A 30mA. Circuit protection for consumer units to BS EN 60898 / 61009.,each,1,22.69,CON-RCBO
CON-RCBO-PROF-C-32,ProFlow RCBO Type C 32A 30mA,ProFlow RCBO Type C 32A 30mA. Circuit protection for consumer units to BS EN 60898 / 61009.,each,1,22.94,CON-RCBO
CON-RCBO-PROF-C-40,ProFlow RCBO Type C 40A 30mA,ProFlow RCBO Type C 40A 30mA. Circuit protection for consumer units to BS EN 60898 / 61009.,each,1,24.4,CON-RCBO
LED-DL-KEST-5-3000-WHIT,Kestrel LED Downlight Fire Rated 5W 3000K White,"Kestrel LED Downlight Fire Rated 5W 3000K White. Fire rated for 30/60/90 minute ceilings, IP65.",each,1,7.7,LED-DL
LED-DL-KEST-5-3000-WHIT-P10,Kestrel LED Downlight Fire Rated 5W 3000K White (Pack of 10),"Kestrel LED Downlight Fire Rated 5W 3000K White (Pack of 10). Fire rated for 30/60/90 minute ceilings, IP65.",each,10,75.89,LED-DL
LED-DL-KEST-5-3000-CHRO,Kestrel LED Downlight Fire Rated 5W 3000K Chrome,"Kestrel LED Downlight Fire Rated 5W 3000K Chrome. Fire rated for 30/60/90 minute ceilings, IP65.",each,1,8.48,LED-DL
LED-DL-KEST-5-3000-CHRO-P10,Kestrel LED Downlight Fire Rated 5W 3000K Chrome (Pack of 10),"Kestrel LED Downlight Fire Rated 5W 3000K Chrome (Pack of 10). Fire rated for 30/60/90 minute ceilings, IP65.",each,10,85.68,LED-DL
LED-DL-KEST-5-3000-BN,Kestrel LED Downlight Fire Rated 5W 3000K Brushed Nickel,"Kestrel LED Downlight Fire Rated 5W 3000K Brushed Nickel. Fire rated for 30/60/90 minute ceilings, IP65.",each,1,8.21,LED-DL
LED-DL-KEST-5-3000-BN-P10,Kestrel LED Downlight Fire Rated 5W 3000K Brushed Nickel (Pack of 10),"Kestrel LED Downlight Fire Rated 5W 3000K Brushed Nickel (Pack of 10). Fire rated for 30/60/90 minute ceilings, IP65.",each,10,85.14,LED-DL
LED-DL-KEST-5-4000-WHIT,Kestrel LED Downlight Fire Rated 5W 4000K White,"Kestrel LED Downlight Fire Rated 5W 4000K White. Fire rated for 30/60/90 minute ceilings, IP65.",each,1,7.57,LED-DL
LED-DL-KEST-5-4000-WHIT-P10,Kestrel LED Downlight Fire Rated 5W 4000K White (Pack of 10),"Kestrel LED Downlight Fire Rated 5W 4000K White (Pack of 10). Fire rated for 30/60/90 minute ceilings, IP65.",each,10,86.74,LED-DL
LED-DL-KEST-5-4000-CHRO,Kestrel LED Downlight Fire Rated 5W 4000K Chrome,"Kestrel LED Downlight Fire Rated 5W 4000K Chrome. Fire rated for 30/60/90 minute ceilings, IP65.",each,1,8.74,LED-DL
LED-DL-KEST-5-4000-CHRO-P10,Kestrel LED Downlight Fire Rated 5W 4000K Chrome (Pack of 10),"Kestrel LED Downlight Fire Rated 5W 4000K Chrome (Pack of 10). Fire rated for 30/60/90 minute ceilings, IP65.",each,10,86.27,LED-DL
LED-DL-KEST-5-4000-BN,Kestrel LED Downlight Fire Rated 5W 4000K Brushed Nickel,"Kestrel LED Downlight Fire Rated 5W 4000K Brushed Nickel. Fire rated for 30/60/90 minute ceilings, IP65.",each,1,8.12,LED-DL
LED-DL-KEST-5-4000-BN-P10,Kestrel LED Downlight Fire Rated 5W 4000K Brushed Nickel (Pack of 10),"Kestrel LED Downlight Fire Rated 5W 4000K Brushed Nickel (Pack of 10). Fire rated for 30/60/90 minute ceilings, IP65.",each,10,74.28,LED-DL
LED-DL-KEST-5-6500-WHIT,Kestrel LED Downlight Fire Rated 5W 6500K White,"Kestrel LED Downlight Fire Rated 5W 6500K White. Fire rated for 30/60/90 minute ceilings, IP65.",each,1,8.37,LED-DL
LED-DL-KEST-5-6500-WHIT-P10,Kestrel LED Downlight Fire Rated 5W 6500K White (Pack of 10),"Kestrel LED Downlight Fire Rated 5W 6500K White (Pack of 10). Fire rated for 30/60/90 minute ceilings, IP65.",each,10,75.87,LED-DL
LED-DL-KEST-5-6500-CHRO,Kestrel LED Downlight Fire Rated 5W 6500K Chrome,"Kestrel LED Downlight Fire Rated 5W 6500K Chrome. Fire rated for 30/60/90 minute ceilings, IP65.",each,1,7.52,LED-DL
LED-DL-KEST-5-6500-CHRO-P10,Kestrel LED Downlight Fire Rated 5W 6500K Chrome (Pack of 10),"Kestrel LED Downlight Fire Rated 5W 6500K Chrome (Pack of 10). Fire rated for 30/60/90 minute ceilings, IP65.",each,10,78.12,LED-DL
LED-DL-KEST-5-6500-BN,Kestrel LED Downlight Fire Rated 5W 6500K Brushed Nickel,"Kestrel LED Downlight Fire Rated 5W 6500K Brushed Nickel. Fire rated for 30/60/90 minute ceilings, IP65.",each,1,7.69,LED-DL
LED-DL-KEST-5-6500-BN-P10,Kestrel LED Downlight Fire Rated 5W 6500K Brushed Nickel (Pack of 10),"Kestrel LED Downlight Fire Rated 5W 6500K Brushed Nickel (Pack of 10). Fire rated for 30/60/90 minute ceilings, IP65.",each,10,77.1,LED-DL
LED-DL-KEST-6-3000-WHIT,Kestrel LED Downlight Fire Rated 6W 3000K White,"Kestrel LED Downlight Fire Rated 6W 3000K White. Fire rated for 30/60/90 minute ceilings, IP65.",each,1,7.67,LED-DL
LED-DL-KEST-6-3000-WHIT-P10,Kestrel LED Downlight Fire Rated 6W 3000K White (Pack of 10),"Kestrel LED Downlight Fire Rated 6W 3000K White (Pack of 10). Fire rated for 30/60/90 minute ceilings, IP65.",each,10,85.08,LED-DL
LED-DL-KEST-6-3000-CHRO,Kestrel LED Downlight Fire Rated 6W 3000K Chrome,"Kestrel LED Downlight Fire Rated 6W 3000K Chrome. Fire rated for 30/60/90 minute ceilings, IP65.",each,1,8.83,LED-DL
LED-DL-KEST-6-3000-CHRO-P10,Kestrel LED Downlight Fire Rated 6W 3000K Chrome (Pack of 10),"Kestrel LED Downlight Fire Rated 6W 3000K Chrome (Pack of 10). Fire rated for 30/60/90 minute ceilings, IP65.",each,10,77.77,LED-DL
LED-DL-KEST-6-3000-BN,Kestrel LED Downlight Fire Rated 6W 3000K Brushed Nickel,"Kestrel LED Downlight Fire Rated 6W 3000K Brushed Nickel. Fire rated for 30/60/90 minute ceilings, IP65.",each,1,8.46,LED-DL
LED-DL-KEST-6-3000-BN-P10,Kestrel LED Downlight Fire Rated 6W 3000K Brushed Nickel (Pack of 10),"Kestrel LED Downlight Fire Rated 6W 3000K Brushed Nickel (Pack of 10). Fire rated for 30/60/90 minute ceilings, IP65.",each,10,73.06,LED-DL
LED-DL-KEST-6-4000-WHIT,Kestrel LED Downlight Fire Rated 6W 4000K White,"Kestrel LED Downlight Fire Rated 6W 4000K White. Fire rated for 30/60/90 minute ceilings, IP65.",each,1,8.35,LED-DL
LED-DL-KEST-6-4000-WHIT-P10,Kestrel LED Downlight Fire Rated 6W 4000K White (Pack of 10),"Kestrel LED Downlight Fire Rated 6W 4000K White (Pack of 10). Fire rated for 30/60/90 minute ceilings, IP65.",each,10,84.1,LED-DL
LED-DL-KEST-6-4000-CHRO,Kestrel LED Downlight Fire Rated 6W 4000K Chrome,"Kestrel LED Downlight Fire Rated 6W 4000K Chrome. Fire rated for 30/60/90 minute ceilings, IP65.",each,1,7.39,LED-DL
LED-DL-KEST-6-4000-CHRO-P10,Kestrel LED Downlight Fire Rated 6W 4000K Chrome (Pack of 10),"Kestrel LED Downlight Fire Rated 6W 4000K Chrome (Pack of 10). Fire rated for 30/60/90 minute ceilings, IP65.",each,10,74.79,LED-DL
LED-DL-KEST-6-4000-BN,Kestrel LED Downlight Fire Rated 6W 4000K Brushed Nickel,"Kestrel LED Downlight Fire Rated 6W 4000K Brushed Nickel. Fire rated for 30/60/90 minute ceilings, IP65.",each,1,7.78,LED-DL
LED-DL-KEST-6-4000-BN-P10,Kestrel LED Downlight Fire Rated 6W 4000K Brushed Nickel (Pack of 10),"Kestrel LED Downlight Fire Rated 6W 4000K Brushed Nickel (Pack of 10). Fire rated for 30/60/90 minute ceilings, IP65.",each,10,79.44,LED-DL
LED-DL-KEST-6-6500-WHIT,Kestrel LED Downlight Fire Rated 6W 6500K White,"Kestrel LED Downlight Fire Rated 6W 6500K White. Fire rated for 30/60/90 minute ceilings, IP65.",each,1,8.1,LED-DL
LED-DL-KEST-6-6500-WHIT-P10,Kestrel LED Downlight Fire Rated 6W 6500K White (Pack of 10),"Kestrel LED Downlight Fire Rated 6W 6500K White (Pack of 10). Fire rated for 30/60/90 minute ceilings, IP65.",each,10,87.37,LED-DL
LED-DL-KEST-6-6500-CHRO,Kestrel LED Downlight Fire Rated 6W 6500K Chrome,"Kestrel LED Downlight Fire Rated 6W 6500K Chrome. Fire rated for 30/60/90 minute ceilings, IP65.",each,1,8.43,LED-DL
LED-DL-KEST-6-6500-CHRO-P10,Kestrel LED Downlight Fire Rated 6W 6500K Chrome (Pack of 10),"Kestrel LED Downlight Fire Rated 6W 6500K Chrome (Pack of 10). Fire rated for 30/60/90 minute ceilings, IP65.",each,10,77.91,LED-DL
LED-DL-KEST-6-6500-BN,Kestrel LED Downlight Fire Rated 6W 6500K Brushed Nickel,"Kestrel LED Downlight Fire Rated 6W 6500K Brushed Nickel. Fire rated for 30/60/90 minute ceilings, IP65.",each,1,7.48,LED-DL
LED-DL-KEST-6-6500-BN-P10,Kestrel LED Downlight Fire Rated 6W 6500K Brushed Nickel (Pack of 10),"Kestrel LED Downlight Fire Rated 6W 6500K Brushed Nickel (Pack of 10). Fire rated for 30/60/90 minute ceilings, IP65.",each,10,87.71,LED-DL
LED-DL-KEST-8-3000-WHIT,Kestrel LED Downlight Fire Rated 8W 3000K White,"Kestrel LED Downlight Fire Rated 8W 3000K White. Fire rated for 30/60/90 minute ceilings, IP65.",each,1,7.77,LED-DL
LED-DL-KEST-8-3000-WHIT-P10,Kestrel LED Downlight Fire Rated 8W 3000K White (Pack of 10),"Kestrel LED Downlight Fire Rated 8W 3000K White (Pack of 10). Fire rated for 30/60/90 minute ceilings, IP65.",each,10,82.83,LED-DL
LED-DL-KEST-8-3000-CHRO,Kestrel LED Downlight Fire Rated 8W 3000K Chrome,"Kestrel LED Downlight Fire Rated 8W 3000K Chrome. Fire rated for 30/60/90 minute ceilings, IP65.",each,1,7.64,LED-DL
LED-DL-KEST-8-3000-CHRO-P10,Kestrel LED Downlight Fire Rated 8W 3000K Chrome (Pack of 10),"Kestrel LED Downlight Fire Rated 8W 3000K Chrome (Pack of 10). Fire rated for 30/60/90 minute ceilings, IP65.",each,10,75.04,LED-DL
LED-DL-KEST-8-3000-BN,Kestrel LED Downlight Fire Rated 8W 3000K Brushed Nickel,"Kestrel LED Downlight Fire Rated 8W 3000K Brushed Nickel. Fire rated for 30/60/90 minute ceilings, IP65.",each,1,7.54,LED-DL
LED-DL-KEST-8-3000-BN-P10,Kestrel LED Downlight Fire Rated 8W 3000K Brushed Nickel (Pack of 10),"Kestrel LED Downlight Fire Rated 8W 3000K Brushed Nickel (Pack of 10). Fire rated for 30/60/90 minute ceilings, IP65.",each,10,84.99,LED-DL
LED-DL-KEST-8-4000-WHIT,Kestrel LED Downlight Fire Rated 8W 4000K White,"Kestrel LED Downlight Fire Rated 8W 4000K White. Fire rated for 30/60/90 minute ceilings, IP65.",each,1,8.27,LED-DL
LED-DL-KEST-8-4000-WHIT-P10,Kestrel LED Downlight Fire Rated 8W 4000K White (Pack of 10),"Kestrel LED Downlight Fire Rated 8W 4000K White (Pack of 10). Fire rated for 30/60/90 minute ceilings, IP65.",each,10,79.61,LED-DL
LED-DL-KEST-8-4000-CHRO,Kestrel LED Downlight Fire Rated 8W 4000K Chrome,"Kestrel LED Downlight Fire Rated 8W 4000K Chrome. Fire rated for 30/60/90 minute ceilings, IP65.",each,1,8.18,LED-DL
LED-DL-KEST-8-4000-CHRO-P10,Kestrel LED Downlight Fire Rated 8W 4000K Chrome (Pack of 10),"Kestrel LED Downlight Fire Rated 8W 4000K Chrome (Pack of 10). Fire rated for 30/60/90 minute ceilings, IP65.",each,10,80.5,LED-DL
LED-DL-KEST-8-4000-BN,Kestrel LED Downlight Fire Rated 8W 4000K Brushed Nickel,"Kestrel LED Downlight Fire Rated 8W 4000K Brushed Nickel. Fire rated for 30/60/90 minute ceilings, IP65.",each,1,8.16,LED-DL
LED-DL-KEST-8-4000-BN-P10,Kestrel LED Downlight Fire Rated 8W 4000K Brushed Nickel (Pack of 10),"Kestrel LED Downlight Fire Rated 8W 4000K Brushed Nickel (Pack of 10). Fire rated for 30/60/90 minute ceilings, IP65.",each,10,83.63,LED-DL
LED-DL-KEST-8-6500-WHIT,Kestrel LED Downlight Fire Rated 8W 6500K White,"Kestrel LED Downlight Fire Rated 8W 6500K White. Fire rated for 30/60/90 minute ceilings, IP65.",each,1,7.64,LED-DL
LED-DL-KEST-8-6500-WHIT-P10,Kestrel LED Downlight Fire Rated 8W 6500K White (Pack of 10),"Kestrel LED Downlight Fire Rated 8W 6500K White (Pack of 10). Fire rated for 30/60/90 minute ceilings, IP65.",each,10,76.89,LED-DL
LED-DL-KEST-8-6500-CHRO,Kestrel LED Downlight Fire Rated 8W 6500K Chrome,"Kestrel LED Downlight Fire Rated 8W 6500K Chrome. Fire rated for 30/60/90 minute ceilings, IP65.",each,1,8.51,LED-DL
LED-DL-KEST-8-6500-CHRO-P10,Kestrel LED Downlight Fire Rated 8W 6500K Chrome (Pack of 10),"Kestrel LED Downlight Fire Rated 8W 6500K Chrome (Pack of 10). Fire rated for 30/60/90 minute ceilings, IP65.",each,10,87.02,LED-DL
LED-DL-KEST-8-6500-BN,Kestrel LED Downlight Fire Rated 8W 6500K Brushed Nickel,"Kestrel LED Downlight Fire Rated 8W 6500K Brushed Nickel. Fire rated for 30/60/90 minute ceilings, IP65.",each,1,7.42,LED-DL
LED-DL-KEST-8-6500-BN-P10,Kestrel LED Downlight Fire Rated 8W 6500K Brushed Nickel (Pack of 10),"Kestrel LED Downlight Fire Rated 8W 6500K Brushed Nickel (Pack of 10). Fire rated for 30/60/90 minute ceilings, IP65.",each,10,80.11,LED-DL
LED-DL-NORT-5-3000-WHIT,Northway LED Downlight Fire Rated 5W 3000K White,"Northway LED Downlight Fire Rated 5W 3000K White. Fire rated for 30/60/90 minute ceilings, IP65.",each,1,8.43,LED-DL
LED-DL-NORT-5-3000-WHIT-P10,Northway LED Downlight Fire Rated 5W 3000K White (Pack of 10),"Northway LED Downlight Fire Rated 5W 3000K White (Pack of 10). Fire rated for 30/60/90 minute ceilings, IP65.",each,10,74.14,LED-DL
LED-DL-NORT-5-3000-CHRO,Northway LED Downlight Fire Rated 5W 3000K Chrome,"Northway LED Downlight Fire Rated 5W 3000K Chrome. Fire rated for 30/60/90 minute ceilings, IP65.",each,1,8.2,LED-DL
LED-DL-NORT-5-3000-CHRO-P10,Northway LED Downlight Fire Rated 5W 3000K Chrome (Pack of 10),"Northway LED Downlight Fire Rated 5W 3000K Chrome (Pack of 10). Fire rated for 30/60/90 minute ceilings, IP65.",each,10,73.88,LED-DL
LED-DL-NORT-5-3000-BN,Northway LED Downlight Fire Rated 5W 3000K Brushed Nickel,"Northway LED Downlight Fire Rated 5W 3000K Brushed Nickel. Fire rated for 30/60/90 minute ceilings, IP65.",each,1,8.17,LED-DL
LED-DL-NORT-5-3000-BN-P10,Northway LED Downlight Fire Rated 5W 3000K Brushed Nickel (Pack of 10),"Northway LED Downlight Fire Rated 5W 3000K Brushed Nickel (Pack of 10). Fire rated for 30/60/90 minute ceilings, IP65.",each,10,81.06,LED-DL
LED-DL-NORT-5-4000-WHIT,Northway LED Downlight Fire Rated 5W 4000K White,"Northway LED Downlight Fire Rated 5W 4000K White. Fire rated for 30/60/90 minute ceilings, IP65.",each,1,8.22,LED-DL
LED-DL-NORT-5-4000-WHIT-P10,Northway LED Downlight Fire Rated 5W 4000K White (Pack of 10),"Northway LED Downlight Fire Rated 5W 4000K White (Pack of 10). Fire rated for 30/60/90 minute ceilings, IP65.",each,10,75.3,LED-DL
LED-DL-NORT-5-4000-CHRO,Northway LED Downlight Fire Rated 5W 4000K Chrome,"Northway LED Downlight Fire Rated 5W 4000K Chrome. Fire rated for 30/60/90 minute ceilings, IP65.",each,1,7.82,LED-DL
LED-DL-NORT-5-4000-CHRO-P10,Northway LED Downlight Fire Rated 5W 4000K Chrome (Pack of 10),"Northway LED Downlight Fire Rated 5W 4000K Chrome (Pack of 10). Fire rated for 30/60/90 minute ceilings, IP65.",each,10,81.3,LED-DL
LED-DL-NORT-5-4000-BN,Northway LED Downlight Fire Rated 5W 4000K Brushed Nickel,"Northway LED Downlight Fire Rated 5W 4000K Brushed Nickel. Fire rated for 30/60/90 minute ceilings, IP65.",each,1,7.48,LED-DL
LED-DL-NORT-5-4000-BN-P10,Northway LED Downlight Fire Rated 5W 4000K Brushed Nickel (Pack of 10),"Northway LED Downlight Fire Rated 5W 4000K Brushed Nickel (Pack of 10). Fire rated for 30/60/90 minute ceilings, IP65.",each,10,76.2,LED-DL
LED-DL-NORT-5-6500-WHIT,Northway LED Downlight Fire Rated 5W 6500K White,"Northway LED Downlight Fire Rated 5W 6500K White. Fire rated for 30/60/90 minute ceilings, IP65.",each,1,8.23,LED-DL
LED-DL-NORT-5-6500-WHIT-P10,Northway LED Downlight Fire Rated 5W 6500K White (Pack of 10),"Northway LED Downlight Fire Rated 5W 6500K White (Pack of 10). Fire rated for 30/60/90 minute ceilings, IP65.",each,10,74.35,LED-DL
LED-DL-NORT-5-6500-CHRO,Northway LED Downlight Fire Rated 5W 6500K Chrome,"Northway LED Downlight Fire Rated 5W 6500K Chrome. Fire rated for 30/60/90 minute ceilings, IP65.",each,1,8.11,LED-DL
LED-DL-NORT-5-6500-CHRO-P10,Northway LED Downlight Fire Rated 5W 6500K Chrome (Pack of 10),"Northway LED Downlight Fire Rated 5W 6500K Chrome (Pack of 10). Fire rated for 30/60/90 minute ceilings, IP65.",each,10,85.97,LED-DL
LED-DL-NORT-5-6500-BN,Northway LED Downlight Fire Rated 5W 6500K Brushed Nickel,"Northway LED Downlight Fire Rated 5W 6500K Brushed Nickel. Fire rated for 30/60/90 minute ceilings, IP65.",each,1,8.02,LED-DL
LED-DL-NORT-5-6500-BN-P10,Northway LED Downlight Fire Rated 5W 6500K Brushed Nickel (Pack of 10),"Northway LED Downlight Fire Rated 5W 6500K Brushed Nickel (Pack of 10). Fire rated for 30/60/90 minute ceilings, IP65.",each,10,81.19,LED-DL
LED-DL-NORT-6-3000-WHIT,Northway LED Downlight Fire Rated 6W 3000K White,"Northway LED Downlight Fire Rated 6W 3000K White. Fire rated for 30/60/90 minute ceilings, IP65.",each,1,8.03,LED-DL
LED-DL-NORT-6-3000-WHIT-P10,Northway LED Downlight Fire Rated 6W 3000K White (Pack of 10),"Northway LED Downlight Fire Rated 6W 3000K White (Pack of 10). Fire rated for 30/60/90 minute ceilings, IP65.",each,10,73.81,LED-DL
LED-DL-NORT-6-3000-CHRO,Northway LED Downlight Fire Rated 6W 3000K Chrome,"Northway LED Downlight Fire Rated 6W 3000K Chrome. Fire rated for 30/60/90 minute ceilings, IP65.",each,1,8.04,LED-DL
LED-DL-NORT-6-3000-CHRO-P10,Northway LED Downlight Fire Rated 6W 3000K Chrome (Pack of 10),"Northway LED Downlight Fire Rated 6W 3000K Chrome (Pack of 10). Fire rated for 30/60/90 minute ceilings, IP65.",each,10,85.95,LED-DL
LED-DL-NORT-6-3000-BN,Northway LED Downlight Fire Rated 6W 3000K Brushed Nickel,"Northway LED Downlight Fire Rated 6W 3000K Brushed Nickel. Fire rated for 30/60/90 minute ceilings, IP65.",each,1,8.46,LED-DL
LED-DL-NORT-6-3000-BN-P10,Northway LED Downlight Fire Rated 6W 3000K Brushed Nickel (Pack of 10),"Northway LED Downlight Fire Rated 6W 3000K Brushed Nickel (Pack of 10). Fire rated for 30/60/90 minute ceilings, IP65.",each,10,79.29,LED-DL
LED-DL-NORT-6-4000-WHIT,Northway LED Downlight Fire Rated 6W 4000K White,"Northway LED Downlight Fire Rated 6W 4000K White. Fire rated for 30/60/90 minute ceilings, IP65.",each,1,8.61,LED-DL
LED-DL-NORT-6-4000-WHIT-P10,Northway LED Downlight Fire Rated 6W 4000K White (Pack of 10),"Northway LED Downlight Fire Rated 6W 4000K White (Pack of 10). Fire rated for 30/60/90 minute ceilings, IP65.",each,10,84.96,LED-DL
LED-DL-NORT-6-4000-CHRO,Northway LED Downlight Fire Rated 6W 4000K Chrome,"Northway LED Downlight Fire Rated 6W 4000K Chrome. Fire rated for 30/60/90 minute ceilings, IP65.",each,1,8.22,LED-DL
LED-DL-NORT-6-4000-CHRO-P10,Northway LED Downlight Fire Rated 6W 4000K Chrome (Pack of 10),"Northway LED Downlight Fire Rated 6W 4000K Chrome (Pack of 10). Fire rated for 30/60/90 minute ceilings, IP65.",each,10,73.61,LED-DL
LED-DL-NORT-6-4000-BN,Northway LED Downlight Fire Rated 6W 4000K Brushed Nickel,"Northway LED Downlight Fire Rated 6W 4000K Brushed Nickel. Fire rated for 30/60/90 minute ceilings, IP65.",each,1,7.85,LED-DL
LED-DL-NORT-6-4000-BN-P10,Northway LED Downlight Fire Rated 6W 4000K Brushed Nickel (Pack of 10),"Northway LED Downlight Fire Rated 6W 4000K Brushed Nickel (Pack of 10). Fire rated for 30/60/90 minute ceilings, IP65.",each,10,73.91,LED-DL
LED-DL-NORT-6-6500-WHIT,Northway LED Downlight Fire Rated 6W 6500K White,"Northway LED Downlight Fire Rated 6W 6500K White. Fire rated for 30/60/90 minute ceilings, IP65.",each,1,8.9,LED-DL
LED-DL-NORT-6-6500-WHIT-P10,Northway LED Downlight Fire Rated 6W 6500K White (Pack of 10),"Northway LED Downlight Fire Rated 6W 6500K White (Pack of 10). Fire rated for 30/60/90 minute ceilings, IP65.",each,10,88.01,LED-DL
LED-DL-NORT-6-6500-CHRO,Northway LED Downlight Fire Rated 6W 6500K Chrome,"Northway LED Downlight Fire Rated 6W 6500K Chrome. Fire rated for 30/60/90 minute ceilings, IP65.",each,1,7.4,LED-DL
LED-DL-NORT-6-6500-CHRO-P10,Northway LED Downlight Fire Rated 6W 6500K Chrome (Pack of 10),"Northway LED Downlight Fire Rated 6W 6500K Chrome (Pack of 10). Fire rated for 30/60/90 minute ceilings, IP65.",each,10,88.0,LED-DL
LED-DL-NORT-6-6500-BN,Northway LED Downlight Fire Rated 6W 6500K Brushed Nickel,"Northway LED Downlight Fire Rated 6W 6500K Brushed Nickel. Fire rated for 30/60/90 minute ceilings, IP65.",each,1,7.34,LED-DL
LED-DL-NORT-6-6500-BN-P10,Northway LED Downlight Fire Rated 6W 6500K Brushed Nickel (Pack of 10),"Northway LED Downlight Fire Rated 6W 6500K Brushed Nickel (Pack of 10). Fire rated for 30/60/90 minute ceilings, IP65.",each,10,79.5,LED-DL
LED-DL-NORT-8-3000-WHIT,Northway LED Downlight Fire Rated 8W 3000K White,"Northway LED Downlight Fire Rated 8W 3000K White. Fire rated for 30/60/90 minute ceilings, IP65.",each,1,8.53,LED-DL
LED-DL-NORT-8-3000-WHIT-P10,Northway LED Downlight Fire Rated 8W 3000K White (Pack of 10),"Northway LED Downlight Fire Rated 8W 3000K White (Pack of 10). Fire rated for 30/60/90 minute ceilings, IP65.",each,10,85.28,LED-DL
LED-DL-NORT-8-3000-CHRO,Northway LED Downlight Fire Rated 8W 3000K Chrome,"Northway LED Downlight Fire Rated 8W 3000K Chrome. Fire rated for 30/60/90 minute ceilings, IP65.",each,1,8.87,LED-DL
LED-DL-NORT-8-3000-CHRO-P10,Northway LED Downlight Fire Rated 8W 3000K Chrome (Pack of 10),"Northway LED Downlight Fire Rated 8W 3000K Chrome (Pack of 10). Fire rated for 30/60/90 minute ceilings, IP65.",each,10,83.34,LED-DL
LED-DL-NORT-8-3000-BN,Northway LED Downlight Fire Rated 8W 3000K Brushed Nickel,"Northway LED Downlight Fire Rated 8W 3000K Brushed Nickel. Fire rated for 30/60/90 minute ceilings, IP65.",each,1,7.97,LED-DL
LED-DL-NORT-8-3000-BN-P10,Northway LED Downlight Fire Rated 8W 3000K Brushed Nickel (Pack of 10),"Northway LED Downlight Fire Rated 8W 3000K Brushed Nickel (Pack of 10). Fire rated for 30/60/90 minute ceilings, IP65.",each,10,88.96,LED-DL
LED-DL-NORT-8-4000-WHIT,Northway LED Downlight Fire Rated 8W 4000K White,"Northway LED Downlight Fire Rated 8W 4000K White. Fire rated for 30/60/90 minute ceilings, IP65.",each,1,7.91,LED-DL
LED-DL-NORT-8-4000-WHIT-P10,Northway LED Downlight Fire Rated 8W 4000K White (Pack of 10),"Northway LED Downlight Fire Rated 8W 4000K White (Pack of 10). Fire rated for 30/60/90 minute ceilings, IP65.",each,10,86.96,LED-DL
LED-DL-NORT-8-4000-CHRO,Northway LED Downlight Fire Rated 8W 4000K Chrome,"Northway LED Downlight Fire Rated 8W 4000K Chrome. Fire rated for 30/60/90 minute ceilings, IP65.",each,1,8.76,LED-DL
LED-DL-NORT-8-4000-CHRO-P10,Northway LED Downlight Fire Rated 8W 4000K Chrome (Pack of 10),"Northway LED Downlight Fire Rated 8W 4000K Chrome (Pack of 10). Fire rated for 30/60/90 minute ceilings, IP65.",each,10,78.96,LED-DL
LED-DL-NORT-8-4000-BN,Northway LED Downlight Fire Rated 8W 4000K Brushed Nickel,"Northway LED Downlight Fire Rated 8W 4000K Brushed Nickel. Fire rated for 30/60/90 minute ceilings, IP65.",each,1,8.39,LED-DL
LED-DL-NORT-8-4000-BN-P10,Northway LED Downlight Fire Rated 8W 4000K Brushed Nickel (Pack of 10),"Northway LED Downlight Fire Rated 8W 4000K Brushed Nickel (Pack of 10). Fire rated for 30/60/90 minute ceilings, IP65.",each,10,83.6,LED-DL
LED-DL-NORT-8-6500-WHIT,Northway LED Downlight Fire Rated 8W 6500K White,"Northway LED Downlight Fire Rated 8W 6500K White. Fire rated for 30/60/90 minute ceilings, IP65.",each,1,8.16,LED-DL
LED-DL-NORT-8-6500-WHIT-P10,Northway LED Downlight Fire Rated 8W 6500K White (Pack of 10),"Northway LED Downlight Fire Rated 8W 6500K White (Pack of 10). Fire rated for 30/60/90 minute ceilings, IP65.",each,10,83.46,LED-DL
LED-DL-NORT-8-6500-CHRO,Northway LED Downlight Fire Rated 8W 6500K Chrome,"Northway LED Downlight Fire Rated 8W 6500K Chrome. Fire rated for 30/60/90 minute ceilings, IP65.",each,1,7.85,LED-DL
LED-DL-NORT-8-6500-CHRO-P10,Northway LED Downlight Fire Rated 8W 6500K Chrome (Pack of 10),"Northway LED Downlight Fire Rated 8W 6500K Chrome (Pack of 10). Fire rated for 30/60/90 minute ceilings, IP65.",each,10,75.77,LED-DL
LED-DL-NORT-8-6500-BN,Northway LED Downlight Fire Rated 8W 6500K Brushed Nickel,"Northway LED Downlight Fire Rated 8W 6500K Brushed Nickel. Fire rated for 30/60/90 minute ceilings, IP65.",each,1,8.16,LED-DL
LED-DL-NORT-8-6500-BN-P10,Northway LED Downlight Fire Rated 8W 6500K Brushed Nickel (Pack of 10),"Northway LED Downlight Fire Rated 8W 6500K Brushed Nickel (Pack of 10). Fire rated for 30/60/90 minute ceilings, IP65.",each,10,81.44,LED-DL
LED-DL-PROF-5-3000-WHIT,ProFlow LED Downlight Fire Rated 5W 3000K White,"ProFlow LED Downlight Fire Rated 5W 3000K White. Fire rated for 30/60/90 minute ceilings, IP65.",each,1,8.47,LED-DL
LED-DL-PROF-5-3000-WHIT-P10,ProFlow LED Downlight Fire Rated 5W 3000K White (Pack of 10),"ProFlow LED Downlight Fire Rated 5W 3000K White (Pack of 10). Fire rated for 30/60/90 minute ceilings, IP65.",each,10,76.48,LED-DL
LED-DL-PROF-5-3000-CHRO,ProFlow LED Downlight Fire Rated 5W 3000K Chrome,"ProFlow LED Downlight Fire Rated 5W 3000K Chrome. Fire rated for 30/60/90 minute ceilings, IP65.",each,1,7.29,LED-DL
LED-DL-PROF-5-3000-CHRO-P10,ProFlow LED Downlight Fire Rated 5W 3000K Chrome (Pack of 10),"ProFlow LED Downlight Fire Rated 5W 3000K Chrome (Pack of 10). Fire rated for 30/60/90 minute ceilings, IP65.",each,10,73.25,LED-DL
LED-DL-PROF-5-3000-BN,ProFlow LED Downlight Fire Rated 5W 3000K Brushed Nickel,"ProFlow LED Downlight Fire Rated 5W 3000K Brushed Nickel. Fire rated for 30/60/90 minute ceilings, IP65.",each,1,7.77,LED-DL
LED-DL-PROF-5-3000-BN-P10,ProFlow LED Downlight Fire Rated 5W 3000K Brushed Nickel (Pack of 10),"ProFlow LED Downlight Fire Rated 5W 3000K Brushed Nickel (Pack of 10). Fire rated for 30/60/90 minute ceilings, IP65.",each,10,83.78,LED-DL
LED-DL-PROF-5-4000-WHIT,ProFlow LED Downlight Fire Rated 5W 4000K White,"ProFlow LED Downlight Fire Rated 5W 4000K White. Fire rated for 30/60/90 minute ceilings, IP65.",each,1,8.17,LED-DL
LED-DL-PROF-5-4000-WHIT-P10,ProFlow LED Downlight Fire Rated 5W 4000K White (Pack of 10),"ProFlow LED Downlight Fire Rated 5W 4000K White (Pack of 10). Fire rated for 30/60/90 minute ceilings, IP65.",each,10,81.49,LED-DL
LED-DL-PROF-5-4000-CHRO,ProFlow LED Downlight Fire Rated 5W 4000K Chrome,"ProFlow LED Downlight Fire Rated 5W 4000K Chrome. Fire rated for 30/60/90 minute ceilings, IP65.",each,1,8.62,LED-DL
LED-DL-PROF-5-4000-CHRO-P10,ProFlow LED Downlight Fire Rated 5W 4000K Chrome (Pack of 10),"ProFlow LED Downlight Fire Rated 5W 4000K Chrome (Pack of 10). Fire rated for 30/60/90 minute ceilings, IP65.",each,10,76.89,LED-DL
LED-DL-PROF-5-4000-BN,ProFlow LED Downlight Fire Rated 5W 4000K Brushed Nickel,"ProFlow LED Downlight Fire Rated 5W 4000K Brushed Nickel. Fire rated for 30/60/90 minute ceilings, IP65.",each,1,7.85,LED-DL
LED-DL-PROF-5-4000-BN-P10,ProFlow LED Downlight Fire Rated 5W 4000K Brushed Nickel (Pack of 10),"ProFlow LED Downlight Fire Rated 5W 4000K Brushed Nickel (Pack of 10). Fire rated for 30/60/90 minute ceilings, IP65.",each,10,77.34,LED-DL
LED-DL-PROF-5-6500-WHIT,ProFlow LED Downlight Fire Rated 5W 6500K White,"ProFlow LED Downlight Fire Rated 5W 6500K White. Fire rated for 30/60/90 minute ceilings, IP65.",each,1,8.81,LED-DL
LED-DL-PROF-5-6500-WHIT-P10,ProFlow LED Downlight Fire Rated 5W 6500K White (Pack of 10),"ProFlow LED Downlight Fire Rated 5W 6500K White (Pack of 10). Fire rated for 30/60/90 minute ceilings, IP65.",each,10,84.62,LED-DL
LED-DL-PROF-5-6500-CHRO,ProFlow LED Downlight Fire Rated 5W 6500K Chrome,"ProFlow LED Downlight Fire Rated 5W 6500K Chrome. Fire rated for 30/60/90 minute ceilings, IP65.",each,1,7.47,LED-DL
LED-DL-PROF-5-6500-CHRO-P10,ProFlow LED Downlight Fire Rated 5W 6500K Chrome (Pack of 10),"ProFlow LED Downlight Fire Rated 5W 6500K Chrome (Pack of 10). Fire rated for 30/60/90 minute ceilings, IP65.",each,10,85.99,LED-DL
LED-DL-PROF-5-6500-BN,ProFlow LED Downlight Fire Rated 5W 6500K Brushed Nickel,"ProFlow LED Downlight Fire Rated 5W 6500K Brushed Nickel. Fire rated for 30/60/90 minute ceilings, IP65.",each,1,7.97,LED-DL
LED-DL-PROF-5-6500-BN-P10,ProFlow LED Downlight Fire Rated 5W 6500K Brushed Nickel (Pack of 10),"ProFlow LED Downlight Fire Rated 5W 6500K Brushed Nickel (Pack of 10). Fire rated for 30/60/90 minute ceilings, IP65.",each,10,85.28,LED-DL
LED-DL-PROF-6-3000-WHIT,ProFlow LED Downlight Fire Rated 6W 3000K White,"ProFlow LED Downlight Fire Rated 6W 3000K White. Fire rated for 30/60/90 minute ceilings, IP65.",each,1,8.72,LED-DL
LED-DL-PROF-6-3000-WHIT-P10,ProFlow LED Downlight Fire Rated 6W 3000K White (Pack of 10),"ProFlow LED Downlight Fire Rated 6W 3000K White (Pack of 10). Fire rated for 30/60/90 minute ceilings, IP65.",each,10,73.13,LED-DL
LED-DL-PROF-6-3000-CHRO,ProFlow LED Downlight Fire Rated 6W 3000K Chrome,"ProFlow LED Downlight Fire Rated 6W 3000K Chrome. Fire rated for 30/60/90 minute ceilings, IP65.",each,1,7.62,LED-DL
LED-DL-PROF-6-3000-CHRO-P10,ProFlow LED Downlight Fire Rated 6W 3000K Chrome (Pack of 10),"ProFlow LED Downlight Fire Rated 6W 3000K Chrome (Pack of 10). Fire rated for 30/60/90 minute ceilings, IP65.",each,10,74.51,LED-DL
LED-DL-PROF-6-3000-BN,ProFlow LED Downlight Fire Rated 6W 3000K Brushed Nickel,"ProFlow LED Downlight Fire Rated 6W 3000K Brushed Nickel. Fire rated for 30/60/90 minute ceilings, IP65.",each,1,7.34,LED-DL
LED-DL-PROF-6-3000-BN-P10,ProFlow LED Downlight Fire Rated 6W 3000K Brushed Nickel (Pack of 10),"ProFlow LED Downlight Fire Rated 6W 3000K Brushed Nickel (Pack of 10). Fire rated for 30/60/90 minute ceilings, IP65.",each,10,82.56,LED-DL
LED-DL-PROF-6-4000-WHIT,ProFlow LED Downlight Fire Rated 6W 4000K White,"ProFlow LED Downlight Fire Rated 6W 4000K White. Fire rated for 30/60/90 minute ceilings, IP65.",each,1,8.43,LED-DL
LED-DL-PROF-6-4000-WHIT-P10,ProFlow LED Downlight Fire Rated 6W 4000K White (Pack of 10),"ProFlow LED Downlight Fire Rated 6W 4000K White (Pack of 10). Fire rated for 30/60/90 minute ceilings, IP65.",each,10,73.67,LED-DL
LED-DL-PROF-6-4000-CHRO,ProFlow LED Downlight Fire Rated 6W 4000K Chrome,"ProFlow LED Downlight Fire Rated 6W 4000K Chrome. Fire rated for 30/60/90 minute ceilings, IP65.",each,1,8.49,LED-DL
LED-DL-PROF-6-4000-CHRO-P10,ProFlow LED Downlight Fire Rated 6W 4000K Chrome (Pack of 10),"ProFlow LED Downlight Fire Rated 6W 4000K Chrome (Pack of 10). Fire rated for 30/60/90 minute ceilings, IP65.",each,10,79.39,LED-DL
LED-DL-PROF-6-4000-BN,ProFlow LED Downlight Fire Rated 6W 4000K Brushed Nickel,"ProFlow LED Downlight Fire Rated 6W 4000K Brushed Nickel. Fire rated for 30/60/90 minute ceilings, IP65.",each,1,7.67,LED-DL
LED-DL-PROF-6-4000-BN-P10,ProFlow LED Downlight Fire Rated 6W 4000K Brushed Nickel (Pack of 10),"ProFlow LED Downlight Fire Rated 6W 4000K Brushed Nickel (Pack of 10). Fire rated for 30/60/90 minute ceilings, IP65.",each,10,76.4,LED-DL
LED-DL-PROF-6-6500-WHIT,ProFlow LED Downlight Fire Rated 6W 6500K White,"ProFlow LED Downlight Fire Rated 6W 6500K White. Fire rated for 30/60/90 minute ceilings, IP65.",each,1,8.69,LED-DL
LED-DL-PROF-6-6500-WHIT-P10,ProFlow LED Downlight Fire Rated 6W 6500K White (Pack of 10),"ProFlow LED Downlight Fire Rated 6W 6500K White (Pack of 10). Fire rated for 30/60/90 minute ceilings, IP65.",each,10,73.79,LED-DL
LED-DL-PROF-6-6500-CHRO,ProFlow LED Downlight Fire Rated 6W 6500K Chrome,"ProFlow LED Downlight Fire Rated 6W 6500K Chrome. Fire rated for 30/60/90 minute ceilings, IP65.",each,1,8.1,LED-DL
LED-DL-PROF-6-6500-CHRO-P10,ProFlow LED Downlight Fire Rated 6W 6500K Chrome (Pack of 10),"ProFlow LED Downlight Fire Rated 6W 6500K Chrome (Pack of 10). Fire rated for 30/60/90 minute ceilings, IP65.",each,10,77.56,LED-DL
LED-DL-PROF-6-6500-BN,ProFlow LED Downlight Fire Rated 6W 6500K Brushed Nickel,"ProFlow LED Downlight Fire Rated 6W 6500K Brushed Nickel. Fire rated for 30/60/90 minute ceilings, IP65.",each,1,8.61,LED-DL
LED-DL-PROF-6-6500-BN-P10,ProFlow LED Downlight Fire Rated 6W 6500K Brushed Nickel (Pack of 10),"ProFlow LED Downlight Fire Rated 6W 6500K Brushed Nickel (Pack of 10). Fire rated for 30/60/90 minute ceilings, IP65.",each,10,84.72,LED-DL
LED-DL-PROF-8-3000-WHIT,ProFlow LED Downlight Fire Rated 8W 3000K White,"ProFlow LED Downlight Fire Rated 8W 3000K White. Fire rated for 30/60/90 minute ceilings, IP65.",each,1,7.8,LED-DL
LED-DL-PROF-8-3000-WHIT-P10,ProFlow LED Downlight Fire Rated 8W 3000K White (Pack of 10),"ProFlow LED Downlight Fire Rated 8W 3000K White (Pack of 10). Fire rated for 30/60/90 minute ceilings, IP65.",each,10,82.56,LED-DL
LED-DL-PROF-8-3000-CHRO,ProFlow LED Downlight Fire Rated 8W 3000K Chrome,"ProFlow LED Downlight Fire Rated 8W 3000K Chrome. Fire rated for 30/60/90 minute ceilings, IP65.",each,1,8.38,LED-DL
LED-DL-PROF-8-3000-CHRO-P10,ProFlow LED Downlight Fire Rated 8W 3000K Chrome (Pack of 10),"ProFlow LED Downlight Fire Rated 8W 3000K Chrome (Pack of 10). Fire rated for 30/60/90 minute ceilings, IP65.",each,10,78.07,LED-DL
LED-DL-PROF-8-3000-BN,ProFlow LED Downlight Fire Rated 8W 3000K Brushed Nickel,"ProFlow LED Downlight Fire Rated 8W 3000K Brushed Nickel. Fire rated for 30/60/90 minute ceilings, IP65.",each,1,7.78,LED-DL
LED-DL-PROF-8-3000-BN-P10,ProFlow LED Downlight Fire Rated 8W 3000K Brushed Nickel (Pack of 10),"ProFlow LED Downlight Fire Rated 8W 3000K Brushed Nickel (Pack of 10). Fire rated for 30/60/90 minute ceilings, IP65.",each,10,75.2,LED-DL
LED-DL-PROF-8-4000-WHIT,ProFlow LED Downlight Fire Rated 8W 4000K White,"ProFlow LED Downlight Fire Rated 8W 4000K White. Fire rated for 30/60/90 minute ceilings, IP65.",each,1,8.36,LED-DL
LED-DL-PROF-8-4000-WHIT-P10,ProFlow LED Downlight Fire Rated 8W 4000K White (Pack of 10),"ProFlow LED Downlight Fire Rated 8W 4000K White (Pack of 10). Fire rated for 30/60/90 minute ceilings, IP65.",each,10,76.46,LED-DL
LED-DL-PROF-8-4000-CHRO,ProFlow LED Downlight Fire Rated 8W 4000K Chrome,"ProFlow LED Downlight Fire Rated 8W 4000K Chrome. Fire rated for 30/60/90 minute ceilings, IP65.",each,1,7.77,LED-DL
LED-DL-PROF-8-4000-CHRO-P10,ProFlow LED Downlight Fire Rated 8W 4000K Chrome (Pack of 10),"ProFlow LED Downlight Fire Rated 8W 4000K Chrome (Pack of 10). Fire rated for 30/60/90 minute ceilings, IP65.",each,10,73.86,LED-DL
LED-DL-PROF-8-4000-BN,ProFlow LED Downlight Fire Rated 8W 4000K Brushed Nickel,"ProFlow LED Downlight Fire Rated 8W 4000K Brushed Nickel. Fire rated for 30/60/90 minute ceilings, IP65.",each,1,8.82,LED-DL
LED-DL-PROF-8-4000-BN-P10,ProFlow LED Downlight Fire Rated 8W 4000K Brushed Nickel (Pack of 10),"ProFlow LED Downlight Fire Rated 8W 4000K Brushed Nickel (Pack of 10). Fire rated for 30/60/90 minute ceilings, IP65.",each,10,87.12,LED-DL
LED-DL-PROF-8-6500-WHIT,ProFlow LED Downlight Fire Rated 8W 6500K White,"ProFlow LED Downlight Fire Rated 8W 6500K White. Fire rated for 30/60/90 minute ceilings, IP65.",each,1,8.76,LED-DL
LED-DL-PROF-8-6500-WHIT-P10,ProFlow LED Downlight Fire Rated 8W 6500K White (Pack of 10),"ProFlow LED Downlight Fire Rated 8W 6500K White (Pack of 10). Fire rated for 30/60/90 minute ceilings, IP65.",each,10,83.02,LED-DL
LED-DL-PROF-8-6500-CHRO,ProFlow LED Downlight Fire Rated 8W 6500K Chrome,"ProFlow LED Downlight Fire Rated 8W 6500K Chrome. Fire rated for 30/60/90 minute ceilings, IP65.",each,1,7.98,LED-DL
LED-DL-PROF-8-6500-CHRO-P10,ProFlow LED Downlight Fire Rated 8W 6500K Chrome (Pack of 10),"ProFlow LED Downlight Fire Rated 8W 6500K Chrome (Pack of 10). Fire rated for 30/60/90 minute ceilings, IP65.",each,10,80.9,LED-DL
LED-DL-PROF-8-6500-BN,ProFlow LED Downlight Fire Rated 8W 6500K Brushed Nickel,"ProFlow LED Downlight Fire Rated 8W 6500K Brushed Nickel. Fire rated for 30/60/90 minute ceilings, IP65.",each,1,8.86,LED-DL
LED-DL-PROF-8-6500-BN-P10,ProFlow LED Downlight Fire Rated 8W 6500K Brushed Nickel (Pack of 10),"ProFlow LED Downlight Fire Rated 8W 6500K Brushed Nickel (Pack of 10). Fire rated for 30/60/90 minute ceilings, IP65.",each,10,88.13,LED-DL
BOX-BACK-1-16,Metal Back Box 1 Gang 16mm,Metal Back Box 1 Gang 16mm. Galvanised steel with knockouts.,each,1,0.74,BOX-BACK
BOX-BACK-1-16-P10,Metal Back Box 1 Gang 16mm (Pack of 10),Metal Back Box 1 Gang 16mm (Pack of 10). Galvanised steel with knockouts.,each,10,7.59,BOX-BACK
BOX-BACK-1-25,Metal Back Box 1 Gang 25mm,Metal Back Box 1 Gang 25mm. Galvanised steel with knockouts.,each,1,0.69,BOX-BACK
BOX-BACK-1-25-P10,Metal Back Box 1 Gang 25mm (Pack of 10),Metal Back Box 1 Gang 25mm (Pack of 10). Galvanised steel with knockouts.,each,10,7.05,BOX-BACK
BOX-BACK-1-35,Metal Back Box 1 Gang 35mm,Metal Back Box 1 Gang 35mm. Galvanised steel with knockouts.,each,1,0.67,BOX-BACK
BOX-BACK-1-35-P10,Metal Back Box 1 Gang 35mm (Pack of 10),Metal Back Box 1 Gang 35mm (Pack of 10). Galvanised steel with knockouts.,each,10,7.0,BOX-BACK
BOX-BACK-1-47,Metal Back Box 1 Gang 47mm,Metal Back Box 1 Gang 47mm. Galvanised steel with knockouts.,each,1,0.75,BOX-BACK
BOX-BACK-1-47-P10,Metal Back Box 1 Gang 47mm (Pack of 10),Metal Back Box 1 Gang 47mm (Pack of 10). Galvanised steel with knockouts.,each,10,7.14,BOX-BACK
BOX-BACK-2-16,Metal Back Box 2 Gang 16mm,Metal Back Box 2 Gang 16mm. Galvanised steel with knockouts.,each,1,0.77,BOX-BACK
BOX-BACK-2-16-P10,Metal Back Box 2 Gang 16mm (Pack of 10),Metal Back Box 2 Gang 16mm (Pack of 10). Galvanised steel with knockouts.,each,10,6.89,BOX-BACK
BOX-BACK-2-25,Metal Back Box 2 Gang 25mm,Metal Back Box 2 Gang 25mm. Galvanised steel with knockouts.,each,1,0.75,BOX-BACK
BOX-BACK-2-25-P10,Metal Back Box 2 Gang 25mm (Pack of 10),Metal Back Box 2 Gang 25mm (Pack of 10). Galvanised steel with knockouts.,each,10,7.61,BOX-BACK
BOX-BACK-2-35,Metal Back Box 2 Gang 35mm,Metal Back Box 2 Gang 35mm. Galvanised steel with knockouts.,each,1,0.78,BOX-BACK
BOX-BACK-2-35-P10,Metal Back Box 2 Gang 35mm (Pack of 10),Metal Back Box 2 Gang 35mm (Pack of 10). Galvanised steel with knockouts.,each,10,7.26,BOX-BACK
BOX-BACK-2-47,Metal Back Box 2 Gang 47mm,Metal Back Box 2 Gang 47mm. Galvanised steel with knockouts.,each,1,0.78,BOX-BACK
BOX-BACK-2-47-P10,Metal Back Box 2 Gang 47mm (Pack of 10),Metal Back Box 2 Gang 47mm (Pack of 10). Galvanised steel with knockouts.,each,10,7.26,BOX-BACK
CLIP-CBL-FT-4,Cable Clips Flat Twin 4mm,Cable Clips Flat Twin 4mm. Fixings for cable or pipe.,box of 100,1,1.8,CLIP-CBL
CLIP-CBL-FT-5,Cable Clips Flat Twin 5mm,Cable Clips Flat Twin 5mm. Fixings for cable or pipe.,box of 100,1,1.85,CLIP-CBL
CLIP-CBL-FT-6,Cable Clips Flat Twin 6mm,Cable Clips Flat Twin 6mm. Fixings for cable or pipe.,box of 100,1,1.83,CLIP-CBL
CLIP-CBL-FT-7,Cable Clips Flat Twin 7mm,Cable Clips Flat Twin 7mm. Fixings for cable or pipe.,box of 100,1,2.0,CLIP-CBL
CLIP-CBL-FT-8,Cable Clips Flat Twin 8mm,Cable Clips Flat Twin 8mm. Fixings for cable or pipe.,box of 100,1,2.11,CLIP-CBL
CLIP-CBL-FT-10,Cable Clips Flat Twin 10mm,Cable Clips Flat Twin 10mm. Fixings for cable or pipe.,box of 100,1,2.08,CLIP-CBL
CLIP-CBL-FT-12,Cable Clips Flat Twin 12mm,Cable Clips Flat Twin 12mm. Fixings for cable or pipe.,box of 100,1,1.79,CLIP-CBL
CLIP-CBL-ROUN-4,Cable Clips Round 4mm,Cable Clips Round 4mm. Fixings for cable or pipe.,box of 100,1,2.03,CLIP-CBL
CLIP-CBL-ROUN-5,Cable Clips Round 5mm,Cable Clips Round 5mm. Fixings for cable or pipe.,box of 100,1,1.83,CLIP-CBL
CLIP-CBL-ROUN-6,Cable Clips Round 6mm,Cable Clips Round 6mm. Fixings for cable or pipe.,box of 100,1,1.86,CLIP-CBL
CLIP-CBL-ROUN-7,Cable Clips Round 7mm,Cable Clips Round 7mm. Fixings for cable or pipe.,box of 100,1,2.02,CLIP-CBL
CLIP-CBL-ROUN-8,Cable Clips Round 8mm,Cable Clips Round 8mm. Fixings for cable or pipe.,box of 100,1,1.99,CLIP-CBL
CLIP-CBL-ROUN-10,Cable Clips Round 10mm,Cable Clips Round 10mm. Fixings for cable or pipe.,box of 100,1,2.09,CLIP-CBL
CLIP-CBL-ROUN-12,Cable Clips Round 12mm,Cable Clips Round 12mm. Fixings for cable or pipe.,box of 100,1,1.83,CLIP-CBL
PTFE-12-P10,PTFE Tape 12mm x 12m (Pack of 10),PTFE Tape 12mm x 12m (Pack of 10). Thread sealing tape.,roll,10,4.31,PTFE
PTFE-25-P10,PTFE Tape 12mm x 25m (Pack of 10),PTFE Tape 12mm x 25m (Pack of 10). Thread sealing tape.,roll,10,4.28,PTFE
SOLDER-250,Lead-Free Solder Wire 250g,Lead-Free Solder Wire 250g. Lead-free for potable water.,reel,1,14.52,SOLDER
SOLDER-500,Lead-Free Solder Wire 500g,Lead-Free Solder Wire 500g. Lead-free for potable water.,reel,1,14.29,SOLDER
CLIP-PIPE-SING-15,Pipe Clip Single 15mm,Pipe Clip Single 15mm. Fixings for cable or pipe.,bag of 10,1,1.77,CLIP-PIPE
CLIP-PIPE-SING-22,Pipe Clip Single 22mm,Pipe Clip Single 22mm. Fixings for cable or pipe.,bag of 10,1,1.8,CLIP-PIPE
CLIP-PIPE-SING-28,Pipe Clip Single 28mm,Pipe Clip Single 28mm. Fixings for cable or pipe.,bag of 10,1,2.23,CLIP-PIPE
CLIP-PIPE-DOUB-15,Pipe Clip Double 15mm,Pipe Clip Double 15mm. Fixings for cable or pipe.,bag of 10,1,1.49,CLIP-PIPE
CLIP-PIPE-DOUB-22,Pipe Clip Double 22mm,Pipe Clip Double 22mm. Fixings for cable or pipe.,bag of 10,1,2.02,CLIP-PIPE
CLIP-PIPE-DOUB-28,Pipe Clip Double 28mm,Pipe Clip Double 28mm. Fixings for cable or pipe.,bag of 10,1,2.23,CLIP-PIPE
CLIP-PIPE-HING-15,Pipe Clip Hinged 15mm,Pipe Clip Hinged 15mm. Fixings for cable or pipe.,bag of 10,1,1.52,CLIP-PIPE
CLIP-PIPE-HING-22,Pipe Clip Hinged 22mm,Pipe Clip Hinged 22mm. Fixings for cable or pipe.,bag of 10,1,2.05,CLIP-PIPE
CLIP-PIPE-HING-28,Pipe Clip Hinged 28mm,Pipe Clip Hinged 28mm. Fixings for cable or pipe.,bag of 10,1,2.03,CLIP-PIPE
